,Prefecture,Municipality,,,,
,,,,2020,,2023
Number,都道府県,市区町村,,総人口,外国人人口,総面積
1,北海道,札幌市,,1973395,12634,112126
2,北海道,函館市,,251084,989,67787
3,北海道,小樽市,,111299,552,24383
4,北海道,旭川市,,329306,1082,74766
5,北海道,室蘭市,,82383,380,8101
6,北海道,釧路市,,165077,815,136326
7,北海道,帯広市,,166536,717,61934
8,北海道,北見市,,115480,402,142741
9,北海道,夕張市,,7334,87,76307
10,北海道,岩見沢市,,79306,196,48102
11,北海道,網走市,,35759,321,47084
12,北海道,留萌市,,20114,134,29781
13,北海道,苫小牧市,,170113,722,56166
14,北海道,稚内市,,33563,435,76142
15,北海道,美唄市,,20413,44,27769
16,北海道,芦別市,,12555,17,86504
17,北海道,江別市,,121056,635,18738
18,北海道,赤平市,,9698,67,12988
19,北海道,紋別市,,21215,529,83067
20,北海道,士別市,,17858,76,111922
21,北海道,名寄市,,27282,50,53486
22,北海道,三笠市,,8040,15,30252
23,北海道,根室市,,24636,306,40781
24,北海道,千歳市,,97950,704,59450
25,北海道,滝川市,,39490,109,11590
26,北海道,砂川市,,16486,29,7868
27,北海道,歌志内市,,2989,10,5595
28,北海道,深川市,,20039,110,52942
29,北海道,富良野市,,21131,224,60071
30,北海道,登別市,,46391,167,21221
31,北海道,恵庭市,,70331,438,29465
32,北海道,伊達市,,32826,180,44421
33,北海道,北広島市,,58171,369,11905
34,北海道,石狩市,,56869,451,72233
35,北海道,北斗市,,44302,300,39744
36,北海道,当別町,,15916,119,42286
37,北海道,新篠津村,,3044,8,7804
38,北海道,松前町,,6260,42,29325
39,北海道,福島町,,3794,36,18725
40,北海道,知内町,,4167,63,19676
41,北海道,木古内町,,3832,24,22186
42,北海道,七飯町,,27686,112,21675
43,北海道,鹿部町,,3760,114,11063
44,北海道,森町,,14338,313,36879
45,北海道,八雲町,,15826,225,95608
46,北海道,長万部町,,5109,177,31076
47,北海道,江差町,,7428,19,10948
48,北海道,上ノ国町,,4306,50,54772
49,北海道,厚沢部町,,3592,30,46058
50,北海道,乙部町,,3403,17,16259
51,北海道,奥尻町,,2410,8,14299
52,北海道,今金町,,5072,4,56825
53,北海道,せたな町,,7398,30,63868
54,北海道,島牧村,,1356,2,43718
55,北海道,寿都町,,2838,54,9525
56,北海道,黒松内町,,2791,16,34565
57,北海道,蘭越町,,4568,38,44978
58,北海道,ニセコ町,,5074,246,19713
59,北海道,真狩村,,2045,37,11425
60,北海道,留寿都村,,1911,113,11984
61,北海道,喜茂別町,,2156,63,18941
62,北海道,京極町,,2941,53,23149
63,北海道,倶知安町,,15129,589,26134
64,北海道,共和町,,5772,9,30492
65,北海道,岩内町,,11648,47,7060
66,北海道,泊村,,1569,3,8227
67,北海道,神恵内村,,870,1,14779
68,北海道,積丹町,,1831,4,23813
69,北海道,古平町,,2745,53,18836
70,北海道,仁木町,,3180,67,16796
71,北海道,余市町,,18000,125,14059
72,北海道,赤井川村,,1165,60,28009
73,北海道,南幌町,,7319,46,8136
74,北海道,奈井江町,,5120,28,8819
75,北海道,上砂川町,,2841,17,3998
76,北海道,由仁町,,4822,24,13374
77,北海道,長沼町,,10289,26,16852
78,北海道,栗山町,,11272,35,20393
79,北海道,月形町,,3691,13,15040
80,北海道,浦臼町,,1732,8,10183
81,北海道,新十津川町,,6484,19,49547
82,北海道,妹背牛町,,2693,43,4864
83,北海道,秩父別町,,2329,3,4718
84,北海道,雨竜町,,2389,9,19115
85,北海道,北竜町,,1724,6,15870
86,北海道,沼田町,,2909,6,28335
87,北海道,鷹栖町,,6567,3,13942
88,北海道,東神楽町,,10127,43,6850
89,北海道,当麻町,,6319,10,20490
90,北海道,比布町,,3520,3,8690
91,北海道,愛別町,,2605,40,25013
92,北海道,上川町,,3500,48,104947
93,北海道,東川町,,8314,266,24730
94,北海道,美瑛町,,9668,86,67678
95,北海道,上富良野町,,10348,60,23710
96,北海道,中富良野町,,4733,34,10865
97,北海道,南富良野町,,2376,18,66554
98,北海道,占冠村,,1306,145,57141
99,北海道,和寒町,,3192,22,22511
100,北海道,剣淵町,,2926,1,13099
101,北海道,下川町,,3126,26,64454
102,北海道,美深町,,4145,35,67209
103,北海道,音威子府村,,706,1,27563
104,北海道,中川町,,1528,8,59474
105,北海道,幌加内町,,1370,2,76704
106,北海道,増毛町,,3908,80,36972
107,北海道,小平町,,2994,67,62722
108,北海道,苫前町,,2936,26,45460
109,北海道,羽幌町,,6548,22,47265
110,北海道,初山別村,,1080,8,27952
111,北海道,遠別町,,2520,60,59080
112,北海道,天塩町,,2950,34,35356
113,北海道,猿払村,,2611,161,58999
114,北海道,浜頓別町,,3448,75,40159
115,北海道,中頓別町,,1637,4,39851
116,北海道,枝幸町,,7565,130,111565
117,北海道,豊富町,,3974,42,52069
118,北海道,礼文町,,2509,28,8164
119,北海道,利尻町,,2004,1,7650
120,北海道,利尻富士町,,2458,11,10562
121,北海道,幌延町,,2371,28,57410
122,北海道,美幌町,,18697,88,43841
123,北海道,津別町,,4373,9,71680
124,北海道,斜里町,,11418,187,73713
125,北海道,清里町,,3883,2,40276
126,北海道,小清水町,,4623,23,28689
127,北海道,訓子府町,,4677,28,19095
128,北海道,置戸町,,2775,5,52727
129,北海道,佐呂間町,,4875,222,40494
130,北海道,遠軽町,,19241,69,133245
131,北海道,湧別町,,8270,145,50579
132,北海道,滝上町,,2421,25,76689
133,北海道,興部町,,3628,85,36255
134,北海道,西興部村,,1053,28,30808
135,北海道,雄武町,,4199,228,63688
136,北海道,大空町,,6775,13,34366
137,北海道,豊浦町,,3821,62,23357
138,北海道,壮瞥町,,2743,26,20501
139,北海道,白老町,,16212,189,42564
140,北海道,厚真町,,4432,46,40461
141,北海道,洞爺湖町,,8442,88,18087
142,北海道,安平町,,7340,73,23716
143,北海道,むかわ町,,7651,142,71136
144,北海道,日高町,,11279,260,99207
145,北海道,平取町,,4776,127,74309
146,北海道,新冠町,,5309,146,58571
147,北海道,浦河町,,12074,256,69430
148,北海道,様似町,,4043,26,36430
149,北海道,えりも町,,4374,39,28400
150,北海道,新ひだか町,,21517,103,114755
151,北海道,音更町,,43576,107,46602
152,北海道,士幌町,,5848,90,25919
153,北海道,上士幌町,,4778,136,69423
154,北海道,鹿追町,,5266,75,40288
155,北海道,新得町,,5817,33,106383
156,北海道,清水町,,9094,135,40225
157,北海道,芽室町,,18048,60,51376
158,北海道,中札内村,,3884,76,29258
159,北海道,更別村,,3080,8,17690
160,北海道,大樹町,,5420,108,81567
161,北海道,広尾町,,6387,51,59648
162,北海道,幕別町,,25766,108,47764
163,北海道,池田町,,6294,22,37179
164,北海道,豊頃町,,3022,50,53671
165,北海道,本別町,,6618,42,39191
166,北海道,足寄町,,6563,26,140804
167,北海道,陸別町,,2264,41,60890
168,北海道,浦幌町,,4387,34,72985
169,北海道,釧路町,,19105,72,25204
170,北海道,厚岸町,,8892,156,73912
171,北海道,浜中町,,5507,84,42312
172,北海道,標茶町,,7230,95,109937
173,北海道,弟子屈町,,6955,48,77433
174,北海道,鶴居村,,2558,35,57180
175,北海道,白糠町,,7289,90,77313
176,北海道,別海町,,14380,395,131717
177,北海道,中標津町,,23010,107,68487
178,北海道,標津町,,5023,77,62469
179,北海道,羅臼町,,4722,42,39772
180,青森県,青森市,,275192,922,82461
181,青森県,弘前市,,168466,641,52420
182,青森県,八戸市,,223415,1096,30556
183,青森県,黒石市,,31946,116,21705
184,青森県,五所川原市,,51415,97,40420
185,青森県,十和田市,,60378,310,72565
186,青森県,三沢市,,39152,659,11939
187,青森県,むつ市,,54103,153,86420
188,青森県,つがる市,,30934,58,25355
189,青森県,平川市,,30567,48,34601
190,青森県,平内町,,10126,47,21709
191,青森県,今別町,,2334,3,12527
192,青森県,蓬田村,,2540,2,8084
193,青森県,外ヶ浜町,,5401,36,23030
194,青森県,鰺ヶ沢町,,9044,14,34308
195,青森県,深浦町,,7346,22,48891
196,青森県,西目屋村,,1265,0,24602
197,青森県,藤崎町,,14573,27,3729
198,青森県,大鰐町,,8665,2,16343
199,青森県,田舎館村,,7326,11,2235
200,青森県,板柳町,,12700,19,4188
201,青森県,鶴田町,,12074,15,4643
202,青森県,中泊町,,9657,64,21634
203,青森県,野辺地町,,12374,151,8168
204,青森県,七戸町,,14556,54,33723
205,青森県,六戸町,,10447,81,8389
206,青森県,横浜町,,4229,76,12638
207,青森県,東北町,,16428,103,32650
208,青森県,六ヶ所村,,10367,103,25258
209,青森県,おいらせ町,,24273,228,7196
210,青森県,大間町,,4718,9,5209
211,青森県,東通村,,5955,12,29532
212,青森県,風間浦村,,1636,3,6946
213,青森県,佐井村,,1788,1,13505
214,青森県,三戸町,,9082,34,15179
215,青森県,五戸町,,16042,72,17767
216,青森県,田子町,,4968,13,24198
217,青森県,南部町,,16809,33,15312
218,青森県,階上町,,13496,66,9400
219,青森県,新郷村,,2197,8,15077
220,岩手県,盛岡市,,289731,1321,88647
221,岩手県,宮古市,,50369,125,125918
222,岩手県,大船渡市,,34728,318,32251
223,岩手県,花巻市,,93193,373,90839
224,岩手県,北上市,,93045,736,43755
225,岩手県,久慈市,,33043,324,62350
226,岩手県,遠野市,,25366,155,82597
227,岩手県,一関市,,111932,799,125642
228,岩手県,陸前高田市,,18262,173,23194
229,岩手県,釜石市,,32078,219,44035
230,岩手県,二戸市,,25513,192,42042
231,岩手県,八幡平市,,24023,95,86230
232,岩手県,奥州市,,112937,589,99330
233,岩手県,滝沢市,,55579,233,18246
234,岩手県,雫石町,,15731,42,60882
235,岩手県,葛巻町,,5634,23,43496
236,岩手県,岩手町,,12285,165,36046
237,岩手県,紫波町,,32147,86,23898
238,岩手県,矢巾町,,28056,104,6732
239,岩手県,西和賀町,,5134,24,59074
240,岩手県,金ケ崎町,,15535,145,17976
241,岩手県,平泉町,,7252,39,6339
242,岩手県,住田町,,5045,106,33484
243,岩手県,大槌町,,11004,51,20042
244,岩手県,山田町,,14320,62,26281
245,岩手県,岩泉町,,8726,61,99236
246,岩手県,田野畑村,,3059,29,15619
247,岩手県,普代村,,2487,21,6966
248,岩手県,軽米町,,8421,89,24582
249,岩手県,野田村,,3936,22,8080
250,岩手県,九戸村,,5378,16,13402
251,岩手県,洋野町,,15091,51,30292
252,岩手県,一戸町,,11494,149,30003
253,宮城県,仙台市,,1096704,11507,78635
254,宮城県,石巻市,,140151,1071,55455
255,宮城県,塩竈市,,52203,503,1737
256,宮城県,気仙沼市,,61147,582,33244
257,宮城県,白石市,,32758,214,28648
258,宮城県,名取市,,78718,359,9818
259,宮城県,角田市,,27976,206,14753
260,宮城県,多賀城市,,62827,364,1969
261,宮城県,岩沼市,,44068,375,6045
262,宮城県,登米市,,76037,328,53609
263,宮城県,栗原市,,64637,486,80500
264,宮城県,東松島市,,39098,142,10130
265,宮城県,大崎市,,127330,726,79681
266,宮城県,富谷市,,51651,219,4918
267,宮城県,蔵王町,,11418,67,15283
268,宮城県,七ヶ宿町,,1262,27,26309
269,宮城県,大河原町,,23571,125,2499
270,宮城県,村田町,,10666,54,7838
271,宮城県,柴田町,,38271,140,5403
272,宮城県,川崎町,,8345,127,27077
273,宮城県,丸森町,,12262,133,27330
274,宮城県,亘理町,,33087,155,7360
275,宮城県,山元町,,12046,58,6458
276,宮城県,松島町,,13323,63,5356
277,宮城県,七ヶ浜町,,18132,98,1319
278,宮城県,利府町,,35182,120,4489
279,宮城県,大和町,,28786,374,22549
280,宮城県,大郷町,,7813,79,8201
281,宮城県,大衡村,,5849,58,6032
282,宮城県,色麻町,,6698,34,10928
283,宮城県,加美町,,21943,162,46067
284,宮城県,涌谷町,,15388,57,8216
285,宮城県,美里町,,23994,64,7499
286,宮城県,女川町,,6430,212,6535
287,宮城県,南三陸町,,12225,164,16340
288,秋田県,秋田市,,307672,1187,90607
289,秋田県,能代市,,49968,208,42695
290,秋田県,横手市,,85555,373,69280
291,秋田県,大館市,,69237,295,91322
292,秋田県,男鹿市,,25154,44,24109
293,秋田県,湯沢市,,42091,114,79091
294,秋田県,鹿角市,,29088,89,70752
295,秋田県,由利本荘市,,74707,256,120959
296,秋田県,潟上市,,31720,85,9772
297,秋田県,大仙市,,77657,226,86679
298,秋田県,北秋田市,,30198,142,115276
299,秋田県,にかほ市,,23435,83,24113
300,秋田県,仙北市,,24610,89,109356
301,秋田県,小坂町,,4780,33,20170
302,秋田県,上小阿仁村,,2063,21,25672
303,秋田県,藤里町,,2896,26,28213
304,秋田県,三種町,,15254,46,24798
305,秋田県,八峰町,,6577,48,23414
306,秋田県,五城目町,,8538,18,21492
307,秋田県,八郎潟町,,5583,26,1700
308,秋田県,井川町,,4566,6,4795
309,秋田県,大潟村,,3011,19,17011
310,秋田県,美郷町,,18613,49,16832
311,秋田県,羽後町,,13825,102,23078
312,秋田県,東成瀬村,,2704,66,20369
313,山形県,山形市,,247590,1156,38130
314,山形県,米沢市,,81252,737,54851
315,山形県,鶴岡市,,122347,635,131151
316,山形県,酒田市,,100273,503,60298
317,山形県,新庄市,,34432,361,22285
318,山形県,寒河江市,,40189,345,13903
319,山形県,上山市,,29110,147,24093
320,山形県,村山市,,22516,180,19698
321,山形県,長井市,,26543,340,21467
322,山形県,天童市,,62140,531,11302
323,山形県,東根市,,47682,322,20694
324,山形県,尾花沢市,,14971,80,37253
325,山形県,南陽市,,30420,269,16052
326,山形県,山辺町,,13725,47,6145
327,山形県,中山町,,10746,57,3115
328,山形県,河北町,,17641,181,5245
329,山形県,西川町,,4956,42,39319
330,山形県,朝日町,,6366,52,19681
331,山形県,大江町,,7646,87,15408
332,山形県,大石田町,,6577,78,7954
333,山形県,金山町,,5071,57,16167
334,山形県,最上町,,8080,82,33037
335,山形県,舟形町,,5007,33,11903
336,山形県,真室川町,,7203,35,37422
337,山形県,大蔵村,,3028,16,21164
338,山形県,鮭川村,,3902,26,12214
339,山形県,戸沢村,,4199,60,26131
340,山形県,高畠町,,22463,196,18026
341,山形県,川西町,,14558,68,16660
342,山形県,小国町,,7107,56,73756
343,山形県,白鷹町,,12890,121,15771
344,山形県,飯豊町,,6613,48,32941
345,山形県,三川町,,7601,30,3322
346,山形県,庄内町,,20151,106,24917
347,山形県,遊佐町,,13032,65,20839
348,福島県,福島市,,282693,1772,76772
349,福島県,会津若松市,,117376,738,38297
350,福島県,郡山市,,327692,2561,75720
351,福島県,いわき市,,332931,2439,123251
352,福島県,白河市,,59491,574,30532
353,福島県,須賀川市,,74992,375,27943
354,福島県,喜多方市,,44760,216,55463
355,福島県,相馬市,,34865,178,19779
356,福島県,二本松市,,53557,344,34442
357,福島県,田村市,,35169,311,45833
358,福島県,南相馬市,,59005,403,39858
359,福島県,伊達市,,58240,401,26512
360,福島県,本宮市,,30236,186,8802
361,福島県,桑折町,,11459,35,4297
362,福島県,国見町,,8639,59,3795
363,福島県,川俣町,,12170,105,12770
364,福島県,大玉村,,8900,47,7944
365,福島県,鏡石町,,12318,50,3130
366,福島県,天栄村,,5194,56,22552
367,福島県,下郷町,,5264,15,31704
368,福島県,檜枝岐村,,504,0,39046
369,福島県,只見町,,4044,30,74756
370,福島県,南会津町,,14451,68,88647
371,福島県,北塩原村,,2556,35,23408
372,福島県,西会津町,,5770,38,29818
373,福島県,磐梯町,,3322,9,5977
374,福島県,猪苗代町,,13552,64,39485
375,福島県,会津坂下町,,15068,127,9159
376,福島県,湯川村,,3081,8,1637
377,福島県,柳津町,,3081,7,17582
378,福島県,三島町,,1452,8,9081
379,福島県,金山町,,1862,11,29392
380,福島県,昭和村,,1246,4,20946
381,福島県,会津美里町,,19014,38,27633
382,福島県,西郷村,,20808,243,19206
383,福島県,泉崎村,,6213,118,3543
384,福島県,中島村,,4885,35,1892
385,福島県,矢吹町,,17287,163,6040
386,福島県,棚倉町,,13343,71,15993
387,福島県,矢祭町,,5392,23,11827
388,福島県,塙町,,8302,87,21141
389,福島県,鮫川村,,3049,18,13134
390,福島県,石川町,,14644,108,11571
391,福島県,玉川村,,6392,71,4667
392,福島県,平田村,,5826,120,9342
393,福島県,浅川町,,6036,23,3743
394,福島県,古殿町,,4825,58,16329
395,福島県,三春町,,17018,58,7276
396,福島県,小野町,,9471,142,12518
397,福島県,広野町,,5412,75,5869
398,福島県,楢葉町,,3710,22,10364
399,福島県,富岡町,,2128,10,6839
400,福島県,川内村,,2044,32,19735
401,福島県,大熊町,,847,1,7871
402,福島県,双葉町,,0,0,5142
403,福島県,浪江町,,1923,5,22314
404,福島県,葛尾村,,420,4,8437
405,福島県,新地町,,7905,50,4670
406,福島県,飯舘村,,1318,19,23013
407,茨城県,水戸市,,270685,2818,21732
408,茨城県,日立市,,174508,1493,22573
409,茨城県,土浦市,,142074,3650,12289
410,茨城県,古河市,,139344,3020,12358
411,茨城県,石岡市,,73061,1011,21553
412,茨城県,結城市,,50645,2057,6576
413,茨城県,龍ケ崎市,,76420,1910,7859
414,茨城県,下妻市,,42521,1948,8088
415,茨城県,常総市,,60834,4755,12364
416,茨城県,常陸太田市,,48602,174,37199
417,茨城県,高萩市,,27699,194,19355
418,茨城県,北茨城市,,41801,341,18679
419,茨城県,笠間市,,73173,672,24040
420,茨城県,取手市,,104524,1392,6994
421,茨城県,牛久市,,84651,1373,5892
422,茨城県,つくば市,,241656,6556,28372
423,茨城県,ひたちなか市,,156581,1578,10026
424,茨城県,鹿嶋市,,66950,879,10604
425,茨城県,潮来市,,27604,342,7140
426,茨城県,守谷市,,68421,1127,3571
427,茨城県,常陸大宮市,,39267,243,34845
428,茨城県,那珂市,,53502,253,9782
429,茨城県,筑西市,,100753,2371,20530
430,茨城県,坂東市,,52265,2242,12303
431,茨城県,稲敷市,,39039,1022,20581
432,茨城県,かすみがうら市,,40087,1016,15660
433,茨城県,桜川市,,39122,284,18006
434,茨城県,神栖市,,95454,2656,14697
435,茨城県,行方市,,32185,931,22248
436,茨城県,鉾田市,,45953,2474,20760
437,茨城県,つくばみらい市,,49872,424,7916
438,茨城県,小美玉市,,48870,1300,14474
439,茨城県,茨城町,,31401,547,12158
440,茨城県,大洗町,,15715,704,2389
441,茨城県,城里町,,18097,66,16180
442,茨城県,東海村,,37891,285,3802
443,茨城県,大子町,,15736,82,32576
444,茨城県,美浦村,,14602,303,6661
445,茨城県,阿見町,,48553,865,7140
446,茨城県,河内町,,8231,107,4430
447,茨城県,八千代町,,21026,1073,5899
448,茨城県,五霞町,,8093,145,2311
449,茨城県,境町,,24201,896,4659
450,茨城県,利根町,,15340,240,2486
451,栃木県,宇都宮市,,518757,8003,41685
452,栃木県,足利市,,144746,4518,17776
453,栃木県,栃木市,,155549,3834,33150
454,栃木県,佐野市,,116228,2690,35604
455,栃木県,鹿沼市,,94033,1372,49064
456,栃木県,日光市,,77661,836,144983
457,栃木県,小山市,,166666,6034,17175
458,栃木県,真岡市,,78190,3146,16734
459,栃木県,大田原市,,72087,1010,35436
460,栃木県,矢板市,,31165,291,17046
461,栃木県,那須塩原市,,115210,1855,59274
462,栃木県,さくら市,,44513,381,12563
463,栃木県,那須烏山市,,24875,227,17435
464,栃木県,下野市,,59507,599,7459
465,栃木県,上三川町,,30806,333,5439
466,栃木県,益子町,,21898,189,8940
467,栃木県,茂木町,,11891,94,17269
468,栃木県,市貝町,,11262,173,6425
469,栃木県,芳賀町,,14961,159,7016
470,栃木県,壬生町,,39474,503,6106
471,栃木県,野木町,,24913,325,3027
472,栃木県,塩谷町,,10354,53,17606
473,栃木県,高根沢町,,29229,398,7087
474,栃木県,那須町,,23956,242,37234
475,栃木県,那珂川町,,15215,143,19278
476,群馬県,前橋市,,332149,5505,31159
477,群馬県,高崎市,,372973,5077,45916
478,群馬県,桐生市,,106445,1579,27445
479,群馬県,伊勢崎市,,211850,11955,13944
480,群馬県,太田市,,223014,10992,17554
481,群馬県,沼田市,,45337,522,44346
482,群馬県,館林市,,75309,2425,6097
483,群馬県,渋川市,,74581,709,24027
484,群馬県,藤岡市,,63261,727,18029
485,群馬県,富岡市,,47446,797,12285
486,群馬県,安中市,,54907,477,27631
487,群馬県,みどり市,,49648,684,20842
488,群馬県,榛東村,,14216,158,2792
489,群馬県,吉岡町,,21792,148,2046
490,群馬県,上野村,,1128,17,18185
491,群馬県,神流町,,1645,11,11460
492,群馬県,下仁田町,,6576,31,18838
493,群馬県,南牧村,,1611,5,11883
494,群馬県,甘楽町,,12491,154,5861
495,群馬県,中之条町,,15386,196,43928
496,群馬県,長野原町,,5095,59,13385
497,群馬県,嬬恋村,,8850,143,33758
498,群馬県,草津町,,6049,223,4975
499,群馬県,高山村,,3511,193,6418
500,群馬県,東吾妻町,,12728,240,25391
501,群馬県,片品村,,3993,42,39176
502,群馬県,川場村,,3480,10,8525
503,群馬県,昭和村,,6953,436,6414
504,群馬県,みなかみ町,,17195,222,78108
505,群馬県,玉村町,,36054,834,2578
506,群馬県,板倉町,,14083,257,4186
507,群馬県,明和町,,10882,241,1964
508,群馬県,千代田町,,10861,337,2173
509,群馬県,大泉町,,42089,7392,1803
510,群馬県,邑楽町,,25522,634,3111
511,埼玉県,さいたま市,,1324025,22845,21743
512,埼玉県,川越市,,354571,5909,10913
513,埼玉県,熊谷市,,194415,3076,15982
514,埼玉県,川口市,,594274,31592,6195
515,埼玉県,行田市,,78617,1417,6749
516,埼玉県,秩父市,,59674,511,57783
517,埼玉県,所沢市,,342464,3865,7211
518,埼玉県,飯能市,,80361,929,19305
519,埼玉県,加須市,,111623,2142,13330
520,埼玉県,本庄市,,78569,2403,8969
521,埼玉県,東松山市,,91791,2454,6535
522,埼玉県,春日部市,,229792,3442,6600
523,埼玉県,狭山市,,148699,2327,4899
524,埼玉県,羽生市,,52862,1210,5864
525,埼玉県,鴻巣市,,116828,1611,6744
526,埼玉県,深谷市,,141268,2611,13837
527,埼玉県,上尾市,,226940,3225,4551
528,埼玉県,草加市,,248304,7147,2746
529,埼玉県,越谷市,,341621,6547,6024
530,埼玉県,蕨市,,74283,6293,511
531,埼玉県,戸田市,,140899,5870,1819
532,埼玉県,入間市,,145651,2023,4469
533,埼玉県,朝霞市,,141083,3578,1834
534,埼玉県,志木市,,75346,1613,905
535,埼玉県,和光市,,83989,2215,1104
536,埼玉県,新座市,,166017,2985,2278
537,埼玉県,桶川市,,74748,764,2535
538,埼玉県,久喜市,,150582,2655,8241
539,埼玉県,北本市,,65201,514,1982
540,埼玉県,八潮市,,93363,3461,1802
541,埼玉県,富士見市,,111859,1998,1977
542,埼玉県,三郷市,,142145,4309,3013
543,埼玉県,蓮田市,,61499,606,2728
544,埼玉県,坂戸市,,100275,2296,4102
545,埼玉県,幸手市,,50066,979,3393
546,埼玉県,鶴ヶ島市,,70117,1281,1765
547,埼玉県,日高市,,54571,784,4748
548,埼玉県,吉川市,,71979,1558,3166
549,埼玉県,ふじみ野市,,113597,2561,1464
550,埼玉県,白岡市,,52214,535,2492
551,埼玉県,伊奈町,,44841,398,1479
552,埼玉県,三芳町,,38434,717,1533
553,埼玉県,毛呂山町,,35366,523,3407
554,埼玉県,越生町,,11029,124,4039
555,埼玉県,滑川町,,19732,476,2968
556,埼玉県,嵐山町,,17889,569,2992
557,埼玉県,小川町,,28524,269,6036
558,埼玉県,川島町,,19378,333,4163
559,埼玉県,吉見町,,18192,154,3864
560,埼玉県,鳩山町,,13560,133,2573
561,埼玉県,ときがわ町,,10540,176,5590
562,埼玉県,横瀬町,,7979,63,4936
563,埼玉県,皆野町,,9302,62,6374
564,埼玉県,長瀞町,,6807,24,3043
565,埼玉県,小鹿野町,,10928,100,17126
566,埼玉県,東秩父村,,2709,9,3706
567,埼玉県,美里町,,11039,137,3341
568,埼玉県,神川町,,13359,346,4740
569,埼玉県,上里町,,30343,945,2918
570,埼玉県,寄居町,,32374,509,6425
571,埼玉県,宮代町,,34147,385,1595
572,埼玉県,杉戸町,,43845,519,3003
573,埼玉県,松伏町,,28266,327,1620
574,千葉県,千葉市,,974951,23142,27176
575,千葉県,銚子市,,58431,2137,8420
576,千葉県,市川市,,496676,15899,5745
577,千葉県,船橋市,,642907,16915,8562
578,千葉県,館山市,,45153,284,11005
579,千葉県,木更津市,,136166,2266,13890
580,千葉県,松戸市,,498232,15513,6138
581,千葉県,野田市,,152638,3163,10355
582,千葉県,茂原市,,86782,1166,9992
583,千葉県,成田市,,132906,5165,21384
584,千葉県,佐倉市,,168743,3065,10369
585,千葉県,東金市,,58219,1371,8912
586,千葉県,旭市,,63745,1320,13048
587,千葉県,習志野市,,176197,4034,2097
588,千葉県,柏市,,426468,7882,11474
589,千葉県,勝浦市,,16927,165,9396
590,千葉県,市原市,,269524,5044,36816
591,千葉県,流山市,,199849,2745,3532
592,千葉県,八千代市,,199498,5367,5139
593,千葉県,我孫子市,,130510,1623,4315
594,千葉県,鴨川市,,32116,507,19114
595,千葉県,鎌ケ谷市,,109932,1488,2108
596,千葉県,君津市,,82206,718,31878
597,千葉県,富津市,,42465,453,20540
598,千葉県,浦安市,,171362,3691,1730
599,千葉県,四街道市,,93576,2054,3452
600,千葉県,袖ケ浦市,,63883,668,9492
601,千葉県,八街市,,67455,2105,7494
602,千葉県,印西市,,102609,1956,12379
603,千葉県,白井市,,62441,1117,3548
604,千葉県,富里市,,49735,2751,5388
605,千葉県,南房総市,,35831,362,22955
606,千葉県,匝瑳市,,35040,407,10148
607,千葉県,香取市,,72356,841,26235
608,千葉県,山武市,,48444,907,14677
609,千葉県,いすみ市,,35544,443,15750
610,千葉県,大網白里市,,48129,576,5808
611,千葉県,酒々井町,,20745,445,1901
612,千葉県,栄町,,20127,247,3251
613,千葉県,神崎町,,5816,125,1990
614,千葉県,多古町,,13735,401,7280
615,千葉県,東庄町,,13228,236,4625
616,千葉県,九十九里町,,14639,290,2444
617,千葉県,芝山町,,7033,186,4324
618,千葉県,横芝光町,,22075,315,6701
619,千葉県,一宮町,,11897,125,2297
620,千葉県,睦沢町,,6760,42,3559
621,千葉県,長生村,,13803,88,2825
622,千葉県,白子町,,10305,83,2750
623,千葉県,長柄町,,6721,70,4711
624,千葉県,長南町,,7198,26,6551
625,千葉県,大多喜町,,8885,92,12987
626,千葉県,御宿町,,6874,33,2485
627,千葉県,鋸南町,,6993,63,4517
628,東京都,千代田区,,66680,2724,1166
629,東京都,中央区,,169179,7385,1021
630,東京都,港区,,260486,17409,2036
631,東京都,新宿区,,349385,27216,1822
632,東京都,文京区,,240069,8457,1129
633,東京都,台東区,,211444,14275,1011
634,東京都,墨田区,,272085,10767,1377
635,東京都,江東区,,524310,28682,4299
636,東京都,品川区,,422488,11897,2285
637,東京都,目黒区,,288088,8642,1467
638,東京都,大田区,,748081,20358,6186
639,東京都,世田谷区,,943664,22364,5805
640,東京都,渋谷区,,243883,8704,1511
641,東京都,中野区,,344880,15391,1559
642,東京都,杉並区,,591108,14107,3406
643,東京都,豊島区,,301599,25573,1301
644,東京都,北区,,355213,20368,2061
645,東京都,荒川区,,217475,16814,1016
646,東京都,板橋区,,584483,23049,3222
647,東京都,練馬区,,752608,18129,4808
648,東京都,足立区,,695043,29791,5325
649,東京都,葛飾区,,453093,19229,3480
650,東京都,江戸川区,,697932,31840,4990
651,東京都,八王子市,,579355,11790,18638
652,東京都,立川市,,183581,4221,2436
653,東京都,武蔵野市,,150149,2911,1098
654,東京都,三鷹市,,195391,3411,1642
655,東京都,青梅市,,133535,1858,10331
656,東京都,府中市,,262790,4893,2943
657,東京都,昭島市,,113949,2669,1734
658,東京都,調布市,,242614,3980,2158
659,東京都,町田市,,431079,6276,7155
660,東京都,小金井市,,126074,2456,1130
661,東京都,小平市,,198739,4673,2051
662,東京都,日野市,,190435,2989,2755
663,東京都,東村山市,,151815,2723,1714
664,東京都,国分寺市,,129242,2257,1146
665,東京都,国立市,,77130,1565,815
666,東京都,福生市,,56414,3080,1016
667,東京都,狛江市,,84772,1159,639
668,東京都,東大和市,,83901,1071,1342
669,東京都,清瀬市,,76208,1230,1023
670,東京都,東久留米市,,115271,2028,1288
671,東京都,武蔵村山市,,70829,1472,1532
672,東京都,多摩市,,146951,2366,2101
673,東京都,稲城市,,93151,1312,1797
674,東京都,羽村市,,54326,1313,990
675,東京都,あきる野市,,79292,839,7347
676,東京都,西東京市,,207388,4566,1575
677,東京都,瑞穂町,,31765,712,1685
678,東京都,日の出町,,16958,75,2807
679,東京都,檜原村,,2003,5,10541
680,東京都,奥多摩町,,4750,48,22553
681,東京都,大島町,,7102,86,9076
682,東京都,利島村,,327,5,404
683,東京都,新島村,,2441,11,2754
684,東京都,神津島村,,1855,5,1858
685,東京都,三宅村,,2273,31,5526
686,東京都,御蔵島村,,323,10,2039
687,東京都,八丈町,,7042,82,7224
688,東京都,青ヶ島村,,169,0,595
689,東京都,小笠原村,,2929,23,11304
690,神奈川県,横浜市,,3777491,88067,43801
691,神奈川県,川崎市,,1538262,38482,14296
692,神奈川県,相模原市,,725493,13334,32891
693,神奈川県,横須賀市,,388078,5081,10081
694,神奈川県,平塚市,,258422,4715,6782
695,神奈川県,鎌倉市,,172710,1401,3966
696,神奈川県,藤沢市,,436905,5198,6956
697,神奈川県,小田原市,,188856,2312,11360
698,神奈川県,茅ヶ崎市,,242389,1753,3570
699,神奈川県,逗子市,,57060,491,1728
700,神奈川県,三浦市,,42069,294,3205
701,神奈川県,秦野市,,162439,3254,10376
702,神奈川県,厚木市,,223705,7283,9384
703,神奈川県,大和市,,239169,6189,2709
704,神奈川県,伊勢原市,,101780,2509,5556
705,神奈川県,海老名市,,136516,2431,2659
706,神奈川県,座間市,,132325,2935,1757
707,神奈川県,南足柄市,,40841,335,7712
708,神奈川県,綾瀬市,,83913,3771,2214
709,神奈川県,葉山町,,31665,234,1704
710,神奈川県,寒川町,,48348,857,1334
711,神奈川県,大磯町,,31634,141,1718
712,神奈川県,二宮町,,27564,174,908
713,神奈川県,中井町,,9300,329,1999
714,神奈川県,大井町,,17129,120,1438
715,神奈川県,松田町,,10836,80,3775
716,神奈川県,山北町,,9761,73,22461
717,神奈川県,開成町,,18329,156,655
718,神奈川県,箱根町,,11293,354,9286
719,神奈川県,真鶴町,,6722,56,705
720,神奈川県,湯河原町,,23426,273,4097
721,神奈川県,愛川町,,39869,2831,3428
722,神奈川県,清川村,,3038,22,7124
723,新潟県,新潟市,,789275,4672,72619
724,新潟県,長岡市,,266936,2091,89105
725,新潟県,三条市,,94642,596,43197
726,新潟県,柏崎市,,81526,779,44202
727,新潟県,新発田市,,94927,574,53311
728,新潟県,小千谷市,,34096,172,15519
729,新潟県,加茂市,,25441,89,13372
730,新潟県,十日町市,,49820,276,59039
731,新潟県,見附市,,39237,230,7791
732,新潟県,村上市,,57418,312,117417
733,新潟県,燕市,,77201,456,11094
734,新潟県,糸魚川市,,40765,361,74624
735,新潟県,妙高市,,30383,264,44563
736,新潟県,五泉市,,47625,472,35191
737,新潟県,上越市,,188047,1507,97389
738,新潟県,阿賀野市,,40696,240,19274
739,新潟県,佐渡市,,51492,200,85568
740,新潟県,魚沼市,,34483,220,94676
741,新潟県,南魚沼市,,54851,689,58455
742,新潟県,胎内市,,28509,190,26489
743,新潟県,聖籠町,,14259,277,3758
744,新潟県,弥彦村,,7705,20,2517
745,新潟県,田上町,,11227,39,3171
746,新潟県,阿賀町,,9965,36,95289
747,新潟県,出雲崎町,,4113,14,4441
748,新潟県,湯沢町,,7767,111,35729
749,新潟県,津南町,,8989,103,17021
750,新潟県,刈羽村,,4380,14,2627
751,新潟県,関川村,,5144,22,29961
752,新潟県,粟島浦村,,353,2,978
753,富山県,富山市,,413938,6380,124170
754,富山県,高岡市,,166393,2986,20958
755,富山県,魚津市,,40535,384,20061
756,富山県,氷見市,,43950,424,23054
757,富山県,滑川市,,32349,387,5462
758,富山県,黒部市,,39638,315,42631
759,富山県,砺波市,,48154,709,12703
760,富山県,小矢部市,,28983,514,13407
761,富山県,南砺市,,47937,811,66864
762,富山県,射水市,,90742,2374,10944
763,富山県,舟橋村,,3132,51,347
764,富山県,上市町,,19351,217,23671
765,富山県,立山町,,24792,207,30729
766,富山県,入善町,,23839,443,7125
767,富山県,朝日町,,11081,124,22630
768,石川県,金沢市,,463254,4798,46881
769,石川県,七尾市,,50300,643,31826
770,石川県,小松市,,106216,2271,37105
771,石川県,輪島市,,24608,173,42635
772,石川県,珠洲市,,12929,75,24720
773,石川県,加賀市,,63220,915,30587
774,石川県,羽咋市,,20407,145,8185
775,石川県,かほく市,,34889,297,6444
776,石川県,白山市,,110408,1402,75492
777,石川県,能美市,,48523,1134,8414
778,石川県,野々市市,,57238,473,1356
779,石川県,川北町,,6135,63,1464
780,石川県,津幡町,,36957,275,11059
781,石川県,内灘町,,26574,320,2033
782,石川県,志賀町,,18630,163,24676
783,石川県,宝達志水町,,12121,173,11151
784,石川県,中能登町,,16540,179,8945
785,石川県,穴水町,,7890,80,18321
786,石川県,能登町,,15687,106,27327
787,福井県,福井市,,262328,3879,53637
788,福井県,敦賀市,,64264,734,25147
789,福井県,小浜市,,28991,278,23311
790,福井県,大野市,,31286,469,87243
791,福井県,勝山市,,22150,277,25388
792,福井県,鯖江市,,68302,787,8459
793,福井県,あわら市,,27524,466,11698
794,福井県,越前市,,80611,4649,23070
795,福井県,坂井市,,88481,1409,20967
796,福井県,永平寺町,,18965,236,9443
797,福井県,池田町,,2423,14,19465
798,福井県,南越前町,,10002,57,34369
799,福井県,越前町,,20118,174,15315
800,福井県,美浜町,,9179,70,15235
801,福井県,高浜町,,10326,144,7240
802,福井県,おおい町,,7910,68,21219
803,福井県,若狭町,,14003,85,17849
804,山梨県,甲府市,,189591,4743,21247
805,山梨県,富士吉田市,,46530,437,12174
806,山梨県,都留市,,31016,517,16163
807,山梨県,山梨市,,33435,185,28980
808,山梨県,大月市,,22512,170,28025
809,山梨県,韮崎市,,29067,487,14369
810,山梨県,南アルプス市,,69459,971,26414
811,山梨県,北杜市,,44053,506,60248
812,山梨県,甲斐市,,75313,965,7195
813,山梨県,笛吹市,,66947,874,20192
814,山梨県,上野原市,,22669,319,17057
815,山梨県,甲州市,,29237,162,26411
816,山梨県,中央市,,31216,1646,3169
817,山梨県,市川三郷町,,14700,213,7518
818,山梨県,早川町,,1098,7,36996
819,山梨県,身延町,,10663,96,30198
820,山梨県,南部町,,7156,59,20087
821,山梨県,富士川町,,14219,144,11200
822,山梨県,昭和町,,20909,692,908
823,山梨県,道志村,,1607,9,7968
824,山梨県,西桂町,,4041,29,1522
825,山梨県,忍野村,,9237,238,2505
826,山梨県,山中湖村,,5179,121,5305
827,山梨県,鳴沢村,,2824,21,8958
828,山梨県,富士河口湖町,,26082,373,15840
829,山梨県,小菅村,,684,8,5278
830,山梨県,丹波山村,,530,1,10130
831,長野県,長野市,,372760,3094,83481
832,長野県,松本市,,241145,3425,97847
833,長野県,上田市,,154055,3148,55204
834,長野県,岡谷市,,47790,723,8510
835,長野県,飯田市,,98164,1995,65866
836,長野県,諏訪市,,48729,1075,10917
837,長野県,須坂市,,49559,624,14967
838,長野県,小諸市,,40991,753,9855
839,長野県,伊那市,,66125,1645,66793
840,長野県,駒ヶ根市,,32202,552,16586
841,長野県,中野市,,42338,546,11218
842,長野県,大町市,,26029,468,56515
843,長野県,飯山市,,19539,191,20243
844,長野県,茅野市,,56400,907,26659
845,長野県,塩尻市,,67241,1233,28998
846,長野県,佐久市,,98199,1109,42351
847,長野県,千曲市,,58852,754,11979
848,長野県,東御市,,30122,465,11237
849,長野県,安曇野市,,94222,1092,33178
850,長野県,小海町,,4353,68,11420
851,長野県,川上村,,4344,825,20961
852,長野県,南牧村,,3242,452,13309
853,長野県,南相木村,,962,21,6605
854,長野県,北相木村,,752,34,5632
855,長野県,佐久穂町,,10218,70,18815
856,長野県,軽井沢町,,19188,393,15603
857,長野県,御代田町,,15555,367,5879
858,長野県,立科町,,6612,107,6687
859,長野県,青木村,,4121,30,5710
860,長野県,長和町,,5600,48,18386
861,長野県,下諏訪町,,19155,234,6687
862,長野県,富士見町,,14084,214,14476
863,長野県,原村,,7680,116,4326
864,長野県,辰野町,,18555,353,16920
865,長野県,箕輪町,,24989,743,8591
866,長野県,飯島町,,9004,223,8696
867,長野県,南箕輪村,,15797,276,4099
868,長野県,中川村,,4651,63,7705
869,長野県,宮田村,,8569,272,5450
870,長野県,松川町,,12530,114,7279
871,長野県,高森町,,12811,158,4536
872,長野県,阿南町,,4299,41,12307
873,長野県,阿智村,,6068,127,21443
874,長野県,平谷村,,387,3,7737
875,長野県,根羽村,,852,15,8997
876,長野県,下條村,,3545,36,3812
877,長野県,売木村,,548,7,4343
878,長野県,天龍村,,1178,11,10944
879,長野県,泰阜村,,1542,26,6459
880,長野県,喬木村,,5973,57,6661
881,長野県,豊丘村,,6426,119,7679
882,長野県,大鹿村,,1023,12,24828
883,長野県,上松町,,4131,55,16842
884,長野県,南木曽町,,3915,29,21593
885,長野県,木祖村,,2692,24,14050
886,長野県,王滝村,,715,13,31082
887,長野県,大桑村,,3439,76,23447
888,長野県,木曽町,,10584,121,47603
889,長野県,麻績村,,2593,18,3438
890,長野県,生坂村,,1639,11,3905
891,長野県,山形村,,8400,163,2498
892,長野県,朝日村,,4279,41,7062
893,長野県,筑北村,,4149,28,9947
894,長野県,池田町,,9382,120,4016
895,長野県,松川村,,9599,134,4707
896,長野県,白馬村,,8575,292,18936
897,長野県,小谷村,,2647,61,26791
898,長野県,坂城町,,14004,377,5364
899,長野県,小布施町,,10660,47,1912
900,長野県,高山村,,6617,98,9856
901,長野県,山ノ内町,,11352,163,26590
902,長野県,木島平村,,4375,21,9932
903,長野県,野沢温泉村,,3279,32,5796
904,長野県,信濃町,,7739,59,14930
905,長野県,小川村,,2215,16,5811
906,長野県,飯綱町,,10296,43,7500
907,長野県,栄村,,1660,15,27166
908,岐阜県,岐阜市,,402557,6362,20360
909,岐阜県,大垣市,,158286,4934,20657
910,岐阜県,高山市,,84419,706,217761
911,岐阜県,多治見市,,106732,1870,9125
912,岐阜県,関市,,85283,1952,47233
913,岐阜県,中津川市,,76570,1755,67645
914,岐阜県,美濃市,,19247,486,11701
915,岐阜県,瑞浪市,,37150,941,17486
916,岐阜県,羽島市,,65649,987,5366
917,岐阜県,恵那市,,47774,818,50424
918,岐阜県,美濃加茂市,,56689,4642,7481
919,岐阜県,土岐市,,55348,1640,11602
920,岐阜県,各務原市,,144521,2974,8781
921,岐阜県,可児市,,99968,7335,8757
922,岐阜県,山県市,,25280,593,22198
923,岐阜県,瑞穂市,,56388,2158,2819
924,岐阜県,飛騨市,,22538,122,79253
925,岐阜県,本巣市,,32928,576,37465
926,岐阜県,郡上市,,38997,493,103075
927,岐阜県,下呂市,,30428,463,85121
928,岐阜県,海津市,,32735,686,11203
929,岐阜県,岐南町,,25881,574,791
930,岐阜県,笠松町,,22208,321,1030
931,岐阜県,養老町,,26882,438,7229
932,岐阜県,垂井町,,26402,794,5709
933,岐阜県,関ケ原町,,6610,139,4928
934,岐阜県,神戸町,,18585,363,1878
935,岐阜県,輪之内町,,9654,456,2233
936,岐阜県,安八町,,14355,275,1816
937,岐阜県,揖斐川町,,19529,222,80344
938,岐阜県,大野町,,22041,262,3420
939,岐阜県,池田町,,23360,520,3880
940,岐阜県,北方町,,18139,436,518
941,岐阜県,坂祝町,,8071,503,1287
942,岐阜県,富加町,,5626,135,1682
943,岐阜県,川辺町,,9860,200,4116
944,岐阜県,七宗町,,3402,27,9047
945,岐阜県,八百津町,,10195,139,12879
946,岐阜県,白川町,,7412,104,23790
947,岐阜県,東白川村,,2016,20,8709
948,岐阜県,御嵩町,,17516,529,5669
949,岐阜県,白川村,,1511,29,35664
950,静岡県,静岡市,,693389,9764,141193
951,静岡県,浜松市,,790718,22368,155811
952,静岡県,沼津市,,189386,4042,18682
953,静岡県,熱海市,,34208,494,6177
954,静岡県,三島市,,107783,1192,6202
955,静岡県,富士宮市,,128105,1914,38908
956,静岡県,伊東市,,65491,494,12402
957,静岡県,島田市,,95719,1306,31570
958,静岡県,富士市,,245392,4998,24495
959,静岡県,磐田市,,166672,7346,16345
960,静岡県,焼津市,,136845,4355,7030
961,静岡県,掛川市,,114954,4090,26569
962,静岡県,藤枝市,,141342,1618,19406
963,静岡県,御殿場市,,86614,2100,19490
964,静岡県,袋井市,,87864,4336,10833
965,静岡県,下田市,,20183,173,10438
966,静岡県,裾野市,,50911,712,13812
967,静岡県,湖西市,,57885,3284,8656
968,静岡県,伊豆市,,28190,197,36397
969,静岡県,御前崎市,,31103,914,6557
970,静岡県,菊川市,,47789,3473,9419
971,静岡県,伊豆の国市,,46804,554,9462
972,静岡県,牧之原市,,43502,1968,11169
973,静岡県,東伊豆町,,11488,140,7782
974,静岡県,河津町,,6870,44,10069
975,静岡県,南伊豆町,,7877,45,10994
976,静岡県,松崎町,,6038,21,8511
977,静岡県,西伊豆町,,7090,88,10541
978,静岡県,函南町,,36794,282,6516
979,静岡県,清水町,,31710,1154,881
980,静岡県,長泉町,,43336,401,2663
981,静岡県,小山町,,18568,196,13574
982,静岡県,吉田町,,28919,1555,2073
983,静岡県,川根本町,,6206,87,49688
984,静岡県,森町,,17457,341,13391
985,愛知県,名古屋市,,2332176,69501,32650
986,愛知県,豊橋市,,371920,16916,26200
987,愛知県,岡崎市,,384654,10887,38720
988,愛知県,一宮市,,380073,5774,11382
989,愛知県,瀬戸市,,127792,3971,11140
990,愛知県,半田市,,117884,3862,4742
991,愛知県,春日井市,,308681,6657,9278
992,愛知県,豊川市,,184661,6115,16114
993,愛知県,津島市,,60942,1347,2509
994,愛知県,碧南市,,72458,5045,3668
995,愛知県,刈谷市,,153834,4708,5039
996,愛知県,豊田市,,422330,15974,91832
997,愛知県,安城市,,187990,7101,8605
998,愛知県,西尾市,,169046,8909,16122
999,愛知県,蒲郡市,,79538,3025,5696
1000,愛知県,犬山市,,73090,2218,7490
1001,愛知県,常滑市,,58710,1273,5590
1002,愛知県,江南市,,98255,1544,3020
1003,愛知県,小牧市,,148831,9011,6281
1004,愛知県,稲沢市,,134751,3083,7935
1005,愛知県,新城市,,44355,885,49923
1006,愛知県,東海市,,113787,1753,4343
1007,愛知県,大府市,,93123,2611,3366
1008,愛知県,知多市,,84364,1902,4590
1009,愛知県,知立市,,72193,4729,1631
1010,愛知県,尾張旭市,,83144,1309,2103
1011,愛知県,高浜市,,46106,3290,1311
1012,愛知県,岩倉市,,47983,2321,1047
1013,愛知県,豊明市,,69295,3021,2322
1014,愛知県,日進市,,91520,1396,3491
1015,愛知県,田原市,,59360,1152,19111
1016,愛知県,愛西市,,60829,838,6668
1017,愛知県,清須市,,67352,1201,1735
1018,愛知県,北名古屋市,,86385,1950,1837
1019,愛知県,弥富市,,43025,1521,4911
1020,愛知県,みよし市,,61952,2026,3219
1021,愛知県,あま市,,86126,2048,2749
1022,愛知県,長久手市,,60162,737,2155
1023,愛知県,東郷町,,43903,1220,1803
1024,愛知県,豊山町,,15613,430,618
1025,愛知県,大口町,,24305,608,1361
1026,愛知県,扶桑町,,34133,424,1119
1027,愛知県,大治町,,32399,696,659
1028,愛知県,蟹江町,,37338,1415,1109
1029,愛知県,飛島村,,4575,246,2243
1030,愛知県,阿久比町,,28383,305,2380
1031,愛知県,東浦町,,49596,1314,3114
1032,愛知県,南知多町,,16617,389,3823
1033,愛知県,美浜町,,22496,306,4620
1034,愛知県,武豊町,,43535,1109,2637
1035,愛知県,幸田町,,42449,1233,5672
1036,愛知県,設楽町,,4437,26,27394
1037,愛知県,東栄町,,2942,17,12338
1038,愛知県,豊根村,,1017,20,15588
1039,三重県,津市,,274537,7377,71118
1040,三重県,四日市市,,305424,8530,20650
1041,三重県,伊勢市,,122765,991,20837
1042,三重県,松阪市,,159145,3859,62358
1043,三重県,桑名市,,138613,3707,13665
1044,三重県,鈴鹿市,,195670,6432,19446
1045,三重県,名張市,,76387,965,12977
1046,三重県,尾鷲市,,16252,184,19271
1047,三重県,亀山市,,49835,1658,19104
1048,三重県,鳥羽市,,17525,165,10734
1049,三重県,熊野市,,15965,104,37335
1050,三重県,いなべ市,,44973,1842,21983
1051,三重県,志摩市,,46057,330,17894
1052,三重県,伊賀市,,88766,4993,55823
1053,三重県,木曽岬町,,6023,302,1574
1054,三重県,東員町,,25784,593,2268
1055,三重県,菰野町,,40559,770,10701
1056,三重県,朝日町,,11021,164,599
1057,三重県,川越町,,15123,543,872
1058,三重県,多気町,,14021,138,10306
1059,三重県,明和町,,22445,176,4106
1060,三重県,大台町,,8668,103,36286
1061,三重県,玉城町,,15041,164,4091
1062,三重県,度会町,,7847,46,13498
1063,三重県,大紀町,,7815,83,23332
1064,三重県,南伊勢町,,10989,79,24189
1065,三重県,紀北町,,14604,275,25655
1066,三重県,御浜町,,8079,46,8813
1067,三重県,紀宝町,,10321,102,7962
1068,滋賀県,大津市,,345070,4035,46451
1069,滋賀県,彦根市,,113647,2274,19687
1070,滋賀県,長浜市,,113636,3253,68102
1071,滋賀県,近江八幡市,,81122,1376,17745
1072,滋賀県,草津市,,143913,2306,6782
1073,滋賀県,守山市,,83236,1025,5573
1074,滋賀県,栗東市,,68820,1297,5269
1075,滋賀県,甲賀市,,88358,3201,48162
1076,滋賀県,野洲市,,50513,599,8015
1077,滋賀県,湖南市,,54460,3083,7040
1078,滋賀県,高島市,,46377,462,69305
1079,滋賀県,東近江市,,112819,3536,38837
1080,滋賀県,米原市,,37225,524,25039
1081,滋賀県,日野町,,20964,557,11760
1082,滋賀県,竜王町,,11789,98,4455
1083,滋賀県,愛荘町,,20893,798,3797
1084,滋賀県,豊郷町,,7132,188,780
1085,滋賀県,甲良町,,6362,55,1363
1086,滋賀県,多賀町,,7274,37,13577
1087,京都府,京都市,,1463723,39386,82783
1088,京都府,福知山市,,77306,979,55254
1089,京都府,舞鶴市,,80336,836,34213
1090,京都府,綾部市,,31846,431,34710
1091,京都府,宇治市,,179630,2533,6754
1092,京都府,宮津市,,16758,126,17274
1093,京都府,亀岡市,,86174,836,22480
1094,京都府,城陽市,,74607,633,3271
1095,京都府,向日市,,56859,470,772
1096,京都府,長岡京市,,80608,627,1917
1097,京都府,八幡市,,70433,1572,2435
1098,京都府,京田辺市,,73753,915,4292
1099,京都府,京丹後市,,50860,414,50144
1100,京都府,南丹市,,31629,325,61640
1101,京都府,木津川市,,77907,561,8513
1102,京都府,大山崎町,,15953,111,597
1103,京都府,久御山町,,15250,513,1386
1104,京都府,井手町,,7406,206,1804
1105,京都府,宇治田原町,,8911,358,5816
1106,京都府,笠置町,,1144,3,2352
1107,京都府,和束町,,3478,16,6493
1108,京都府,精華町,,36198,316,2568
1109,京都府,南山城村,,2391,20,6411
1110,京都府,京丹波町,,12907,150,30309
1111,京都府,伊根町,,1928,8,6195
1112,京都府,与謝野町,,20092,97,10838
1113,大阪府,大阪市,,2752412,121586,22533
1114,大阪府,堺市,,826161,12486,14983
1115,大阪府,岸和田市,,190658,2413,7272
1116,大阪府,豊中市,,401558,5287,3639
1117,大阪府,池田市,,104993,1882,2214
1118,大阪府,吹田市,,385567,4718,3609
1119,大阪府,泉大津市,,74412,1181,1433
1120,大阪府,高槻市,,352698,3022,10529
1121,大阪府,貝塚市,,84443,865,4393
1122,大阪府,守口市,,143096,2223,1271
1123,大阪府,枚方市,,397289,3090,6512
1124,大阪府,茨木市,,287730,3216,7649
1125,大阪府,八尾市,,264642,7104,4172
1126,大阪府,泉佐野市,,100131,1735,5651
1127,大阪府,富田林市,,108699,1311,3972
1128,大阪府,寝屋川市,,229733,2626,2470
1129,大阪府,河内長野市,,101692,617,10963
1130,大阪府,松原市,,117641,1482,1666
1131,大阪府,大東市,,119367,2528,1827
1132,大阪府,和泉市,,184495,2263,8498
1133,大阪府,箕面市,,136868,2373,4790
1134,大阪府,柏原市,,68775,1280,2533
1135,大阪府,羽曳野市,,108736,950,2645
1136,大阪府,門真市,,119764,2833,1230
1137,大阪府,摂津市,,87456,1382,1487
1138,大阪府,高石市,,55635,465,1130
1139,大阪府,藤井寺市,,63688,685,889
1140,大阪府,東大阪市,,493940,13235,6178
1141,大阪府,泉南市,,60102,589,4898
1142,大阪府,四條畷市,,55177,481,1869
1143,大阪府,交野市,,75033,499,2555
1144,大阪府,大阪狭山市,,58435,376,1192
1145,大阪府,阪南市,,51254,342,3617
1146,大阪府,島本町,,30927,224,1681
1147,大阪府,豊能町,,18279,93,3434
1148,大阪府,能勢町,,9079,95,9875
1149,大阪府,忠岡町,,16567,437,397
1150,大阪府,熊取町,,43763,245,1724
1151,大阪府,田尻町,,8434,104,562
1152,大阪府,岬町,,14741,91,4918
1153,大阪府,太子町,,13009,111,1417
1154,大阪府,河南町,,15697,141,2526
1155,大阪府,千早赤阪村,,4909,15,3730
1156,兵庫県,神戸市,,1525152,33009,55705
1157,兵庫県,姫路市,,530495,10045,53456
1158,兵庫県,尼崎市,,459593,8420,5071
1159,兵庫県,明石市,,303601,3356,4942
1160,兵庫県,西宮市,,485587,6104,9996
1161,兵庫県,洲本市,,41236,284,18238
1162,兵庫県,芦屋市,,93922,1441,1847
1163,兵庫県,伊丹市,,198138,2802,2500
1164,兵庫県,相生市,,28355,400,9040
1165,兵庫県,豊岡市,,77489,633,69755
1166,兵庫県,加古川市,,260878,2520,13848
1167,兵庫県,赤穂市,,45892,352,12685
1168,兵庫県,西脇市,,38673,662,13244
1169,兵庫県,宝塚市,,226432,2535,10180
1170,兵庫県,三木市,,75294,1650,17651
1171,兵庫県,高砂市,,87722,1080,3438
1172,兵庫県,川西市,,152321,1182,5344
1173,兵庫県,小野市,,47562,828,9294
1174,兵庫県,三田市,,109238,776,21032
1175,兵庫県,加西市,,42700,1269,15098
1176,兵庫県,丹波篠山市,,39611,762,37759
1177,兵庫県,養父市,,22129,106,42291
1178,兵庫県,丹波市,,61471,928,49321
1179,兵庫県,南あわじ市,,44137,355,22901
1180,兵庫県,朝来市,,28989,323,40306
1181,兵庫県,淡路市,,41967,302,18424
1182,兵庫県,宍粟市,,34819,236,65854
1183,兵庫県,加東市,,40645,1726,15755
1184,兵庫県,たつの市,,74316,499,21087
1185,兵庫県,猪名川町,,29680,189,9033
1186,兵庫県,多可町,,19261,283,18519
1187,兵庫県,稲美町,,30268,405,3492
1188,兵庫県,播磨町,,33604,466,913
1189,兵庫県,市川町,,11231,129,8267
1190,兵庫県,福崎町,,19377,445,4579
1191,兵庫県,神河町,,10616,62,20223
1192,兵庫県,太子町,,33477,231,2261
1193,兵庫県,上郡町,,13879,119,15026
1194,兵庫県,佐用町,,15863,143,30744
1195,兵庫県,香美町,,16064,99,36877
1196,兵庫県,新温泉町,,13318,124,24101
1197,奈良県,奈良市,,354630,3047,27694
1198,奈良県,大和高田市,,61744,532,1648
1199,奈良県,大和郡山市,,83285,666,4269
1200,奈良県,天理市,,63889,740,8642
1201,奈良県,橿原市,,120922,904,3956
1202,奈良県,桜井市,,54857,597,9891
1203,奈良県,五條市,,27927,280,29202
1204,奈良県,御所市,,24096,266,6058
1205,奈良県,生駒市,,116675,1213,5315
1206,奈良県,香芝市,,78113,508,2426
1207,奈良県,葛城市,,36832,349,3372
1208,奈良県,宇陀市,,28121,238,24750
1209,奈良県,山添村,,3226,34,6652
1210,奈良県,平群町,,18009,99,2390
1211,奈良県,三郷町,,23219,148,879
1212,奈良県,斑鳩町,,27587,181,1427
1213,奈良県,安堵町,,7225,203,431
1214,奈良県,川西町,,8167,157,593
1215,奈良県,三宅町,,6439,83,406
1216,奈良県,田原本町,,31177,208,2109
1217,奈良県,曽爾村,,1295,15,4776
1218,奈良県,御杖村,,1479,9,7958
1219,奈良県,高取町,,6729,9,2579
1220,奈良県,明日香村,,5179,15,2410
1221,奈良県,上牧町,,21714,137,614
1222,奈良県,王寺町,,24043,195,701
1223,奈良県,広陵町,,33810,178,1630
1224,奈良県,河合町,,17018,111,823
1225,奈良県,吉野町,,6229,65,9565
1226,奈良県,大淀町,,16728,207,3810
1227,奈良県,下市町,,5037,37,6199
1228,奈良県,黒滝村,,623,6,4770
1229,奈良県,天川村,,1176,1,17566
1230,奈良県,野迫川村,,357,6,15490
1231,奈良県,十津川村,,3061,18,67238
1232,奈良県,下北山村,,753,7,13339
1233,奈良県,上北山村,,444,1,27422
1234,奈良県,川上村,,1156,13,26926
1235,奈良県,東吉野村,,1502,22,13165
1236,和歌山県,和歌山市,,356729,3045,20885
1237,和歌山県,海南市,,48369,256,10106
1238,和歌山県,橋本市,,60818,313,13055
1239,和歌山県,有田市,,26538,137,3683
1240,和歌山県,御坊市,,23481,163,4391
1241,和歌山県,田辺市,,69870,252,102691
1242,和歌山県,新宮市,,27171,163,25523
1243,和歌山県,紀の川市,,58816,397,22821
1244,和歌山県,岩出市,,53967,383,3851
1245,和歌山県,紀美野町,,8256,35,12834
1246,和歌山県,かつらぎ町,,15967,77,15169
1247,和歌山県,九度山町,,3856,4,4415
1248,和歌山県,高野町,,2970,29,13703
1249,和歌山県,湯浅町,,11122,37,2080
1250,和歌山県,広川町,,6781,44,6535
1251,和歌山県,有田川町,,25258,76,35184
1252,和歌山県,美浜町,,6867,29,1277
1253,和歌山県,日高町,,7673,17,4621
1254,和歌山県,由良町,,5364,37,3093
1255,和歌山県,印南町,,7720,32,11362
1256,和歌山県,みなべ町,,11818,77,12028
1257,和歌山県,日高川町,,9219,33,33159
1258,和歌山県,白浜町,,20262,145,20099
1259,和歌山県,上富田町,,15236,38,5737
1260,和歌山県,すさみ町,,3685,22,17445
1261,和歌山県,那智勝浦町,,14137,107,18331
1262,和歌山県,太地町,,2791,10,581
1263,和歌山県,古座川町,,2480,12,29423
1264,和歌山県,北山村,,404,0,4820
1265,和歌山県,串本町,,14959,59,13567
1266,鳥取県,鳥取市,,188465,1306,76531
1267,鳥取県,米子市,,147317,1170,13242
1268,鳥取県,倉吉市,,46485,303,27206
1269,鳥取県,境港市,,32740,482,2911
1270,鳥取県,岩美町,,10799,76,12231
1271,鳥取県,若桜町,,2864,30,19918
1272,鳥取県,智頭町,,6427,68,22470
1273,鳥取県,八頭町,,15937,69,20671
1274,鳥取県,三朝町,,6060,61,23352
1275,鳥取県,湯梨浜町,,16055,91,7793
1276,鳥取県,琴浦町,,16365,199,13997
1277,鳥取県,北栄町,,14228,104,5694
1278,鳥取県,日吉津村,,3501,32,420
1279,鳥取県,大山町,,15370,119,18974
1280,鳥取県,南部町,,10323,92,11403
1281,鳥取県,伯耆町,,10696,47,13944
1282,鳥取県,日南町,,4196,28,34096
1283,鳥取県,日野町,,2907,23,13398
1284,鳥取県,江府町,,2672,10,12452
1285,島根県,松江市,,203616,1336,57299
1286,島根県,浜田市,,54592,651,69064
1287,島根県,出雲市,,172775,4158,62432
1288,島根県,益田市,,45003,347,73319
1289,島根県,大田市,,32846,338,43534
1290,島根県,安来市,,37062,262,42093
1291,島根県,江津市,,22959,282,26824
1292,島根県,雲南市,,36007,212,55318
1293,島根県,奥出雲町,,11849,89,36801
1294,島根県,飯南町,,4577,42,24288
1295,島根県,川本町,,3248,19,10643
1296,島根県,美郷町,,4355,18,28292
1297,島根県,邑南町,,10163,84,41929
1298,島根県,津和野町,,6875,52,30703
1299,島根県,吉賀町,,6077,221,33650
1300,島根県,海士町,,2267,12,3344
1301,島根県,西ノ島町,,2788,31,5597
1302,島根県,知夫村,,634,3,1370
1303,島根県,隠岐の島町,,13433,73,24262
1304,岡山県,岡山市,,724691,11844,78995
1305,岡山県,倉敷市,,474592,4361,35607
1306,岡山県,津山市,,99937,832,50633
1307,岡山県,玉野市,,56531,615,10358
1308,岡山県,笠岡市,,46088,490,13607
1309,岡山県,井原市,,38384,512,24354
1310,岡山県,総社市,,69030,1593,21190
1311,岡山県,高梁市,,29072,900,54699
1312,岡山県,新見市,,28079,271,79329
1313,岡山県,備前市,,32320,548,25814
1314,岡山県,瀬戸内市,,36048,420,12546
1315,岡山県,赤磐市,,42661,483,20936
1316,岡山県,真庭市,,42725,291,82853
1317,岡山県,美作市,,25939,380,42929
1318,岡山県,浅口市,,32772,225,6646
1319,岡山県,和気町,,13623,248,14421
1320,岡山県,早島町,,12368,67,762
1321,岡山県,里庄町,,10950,155,1223
1322,岡山県,矢掛町,,13414,368,9062
1323,岡山県,新庄村,,813,11,6711
1324,岡山県,鏡野町,,12062,84,41968
1325,岡山県,勝央町,,10888,46,5405
1326,岡山県,奈義町,,5578,26,6952
1327,岡山県,西粟倉村,,1398,6,5797
1328,岡山県,久米南町,,4530,37,7865
1329,岡山県,美咲町,,13053,75,23217
1330,岡山県,吉備中央町,,10886,228,26878
1331,広島県,広島市,,1200754,17500,90669
1332,広島県,呉市,,214592,3022,35283
1333,広島県,竹原市,,23993,228,11823
1334,広島県,三原市,,90573,2130,47151
1335,広島県,尾道市,,131170,2718,28488
1336,広島県,福山市,,460930,8231,51772
1337,広島県,府中市,,37655,562,19575
1338,広島県,三次市,,50681,628,77818
1339,広島県,庄原市,,33633,400,124649
1340,広島県,大竹市,,26319,320,7866
1341,広島県,東広島市,,196608,6626,63515
1342,広島県,廿日市市,,114173,1244,48949
1343,広島県,安芸高田市,,26448,696,53771
1344,広島県,江田島市,,21930,584,10065
1345,広島県,府中町,,51155,615,1041
1346,広島県,海田町,,29636,831,1379
1347,広島県,熊野町,,22834,200,3376
1348,広島県,坂町,,12582,182,1569
1349,広島県,安芸太田町,,5740,42,34189
1350,広島県,北広島町,,17763,485,64620
1351,広島県,大崎上島町,,7158,146,4311
1352,広島県,世羅町,,15125,255,27814
1353,広島県,神石高原町,,8250,88,38198
1354,山口県,下関市,,255051,3872,71628
1355,山口県,宇部市,,162570,1682,28665
1356,山口県,山口市,,193966,1547,102323
1357,山口県,萩市,,44626,380,69831
1358,山口県,防府市,,113979,1175,18937
1359,山口県,下松市,,55887,561,8934
1360,山口県,岩国市,,129125,1769,87367
1361,山口県,光市,,49798,436,9213
1362,山口県,長門市,,32519,457,35731
1363,山口県,柳井市,,30799,164,14005
1364,山口県,美祢市,,23247,195,47264
1365,山口県,周南市,,137540,1162,65629
1366,山口県,山陽小野田市,,60326,627,13309
1367,山口県,周防大島町,,14798,99,13810
1368,山口県,和木町,,6034,77,1058
1369,山口県,上関町,,2342,4,3469
1370,山口県,田布施町,,14483,59,5042
1371,山口県,平生町,,11914,86,3454
1372,山口県,阿武町,,3055,26,11595
1373,徳島県,徳島市,,252391,1506,19152
1374,徳島県,鳴門市,,54622,309,13566
1375,徳島県,小松島市,,36149,196,4537
1376,徳島県,阿南市,,69470,292,27925
1377,徳島県,吉野川市,,38772,306,14414
1378,徳島県,阿波市,,34713,390,19111
1379,徳島県,美馬市,,28055,403,36714
1380,徳島県,三好市,,23605,187,72142
1381,徳島県,勝浦町,,4837,31,6983
1382,徳島県,上勝町,,1380,5,10963
1383,徳島県,佐那河内村,,2058,5,4228
1384,徳島県,石井町,,24833,237,2885
1385,徳島県,神山町,,4647,54,17330
1386,徳島県,那賀町,,7367,12,69498
1387,徳島県,牟岐町,,3743,21,5662
1388,徳島県,美波町,,6222,54,14074
1389,徳島県,海陽町,,8358,213,32767
1390,徳島県,松茂町,,14583,114,1434
1391,徳島県,北島町,,22745,112,874
1392,徳島県,藍住町,,35246,193,1627
1393,徳島県,板野町,,13042,162,3622
1394,徳島県,上板町,,11384,112,3458
1395,徳島県,つるぎ町,,7715,30,19484
1396,徳島県,東みよし町,,13622,89,12248
1397,香川県,高松市,,417496,3577,37554
1398,香川県,丸亀市,,109513,1830,11183
1399,香川県,坂出市,,50624,814,9249
1400,香川県,善通寺市,,31631,260,3993
1401,香川県,観音寺市,,57438,739,11783
1402,香川県,さぬき市,,47003,383,15862
1403,香川県,東かがわ市,,28279,235,15286
1404,香川県,三豊市,,61857,719,22270
1405,香川県,土庄町,,12846,78,7434
1406,香川県,小豆島町,,13870,134,9559
1407,香川県,三木町,,26878,201,7578
1408,香川県,直島町,,3103,29,1421
1409,香川県,宇多津町,,18699,404,810
1410,香川県,綾川町,,22693,284,10975
1411,香川県,琴平町,,8468,168,847
1412,香川県,多度津町,,22445,816,2439
1413,香川県,まんのう町,,17401,183,19445
1414,愛媛県,松山市,,511192,2672,42935
1415,愛媛県,今治市,,151672,3043,41921
1416,愛媛県,宇和島市,,70809,365,46816
1417,愛媛県,八幡浜市,,31987,210,13265
1418,愛媛県,新居浜市,,115938,1206,23447
1419,愛媛県,西条市,,104791,1299,51004
1420,愛媛県,大洲市,,40575,169,43212
1421,愛媛県,伊予市,,35133,211,19443
1422,愛媛県,四国中央市,,82754,719,42124
1423,愛媛県,西予市,,35388,274,51434
1424,愛媛県,東温市,,33903,168,21130
1425,愛媛県,上島町,,6509,306,3038
1426,愛媛県,久万高原町,,7404,34,58369
1427,愛媛県,松前町,,29630,141,2041
1428,愛媛県,砥部町,,20480,73,10159
1429,愛媛県,内子町,,15322,53,29943
1430,愛媛県,伊方町,,8397,67,9383
1431,愛媛県,松野町,,3674,18,9845
1432,愛媛県,鬼北町,,9682,86,24188
1433,愛媛県,愛南町,,19601,45,23894
1434,高知県,高知市,,326545,1493,30900
1435,高知県,室戸市,,11742,91,24822
1436,高知県,安芸市,,16243,67,31716
1437,高知県,南国市,,46664,275,12530
1438,高知県,土佐市,,25732,348,9150
1439,高知県,須崎市,,20590,390,13520
1440,高知県,宿毛市,,19033,68,28614
1441,高知県,土佐清水市,,12388,79,26542
1442,高知県,四万十市,,32694,93,63232
1443,高知県,香南市,,32207,289,12646
1444,高知県,香美市,,26513,287,53786
1445,高知県,東洋町,,2194,41,7402
1446,高知県,奈半利町,,3034,11,2837
1447,高知県,田野町,,2498,7,653
1448,高知県,安田町,,2370,5,5236
1449,高知県,北川村,,1146,3,19673
1450,高知県,馬路村,,745,2,16548
1451,高知県,芸西村,,3694,74,3960
1452,高知県,本山町,,3261,22,13422
1453,高知県,大豊町,,3252,33,31506
1454,高知県,土佐町,,3753,33,21213
1455,高知県,大川村,,366,1,9527
1456,高知県,いの町,,21374,38,47097
1457,高知県,仁淀川町,,4827,38,33300
1458,高知県,中土佐町,,6002,42,19321
1459,高知県,佐川町,,12323,56,10080
1460,高知県,越知町,,5187,16,11195
1461,高知県,檮原町,,3307,5,23645
1462,高知県,日高村,,4812,18,4485
1463,高知県,津野町,,5291,28,19785
1464,高知県,四万十町,,15607,84,64228
1465,高知県,大月町,,4434,19,10273
1466,高知県,三原村,,1437,13,8537
1467,高知県,黒潮町,,10262,151,18846
1468,福岡県,北九州市,,939029,10815,49250
1469,福岡県,福岡市,,1612392,31904,34347
1470,福岡県,大牟田市,,111281,662,8145
1471,福岡県,久留米市,,303316,2895,22996
1472,福岡県,直方市,,56212,566,6176
1473,福岡県,飯塚市,,126364,1211,21396
1474,福岡県,田川市,,46203,401,5455
1475,福岡県,柳川市,,64475,534,7715
1476,福岡県,八女市,,60608,436,48244
1477,福岡県,筑後市,,48827,495,4178
1478,福岡県,大川市,,32988,218,3362
1479,福岡県,行橋市,,71426,557,7007
1480,福岡県,豊前市,,24391,326,11101
1481,福岡県,中間市,,40362,337,1596
1482,福岡県,小郡市,,59360,869,4551
1483,福岡県,筑紫野市,,103311,533,8773
1484,福岡県,春日市,,111023,766,1415
1485,福岡県,大野城市,,102085,783,2689
1486,福岡県,宗像市,,97095,726,11994
1487,福岡県,太宰府市,,73164,445,2960
1488,福岡県,古賀市,,58786,781,4207
1489,福岡県,福津市,,67033,394,5276
1490,福岡県,うきは市,,27981,241,11746
1491,福岡県,宮若市,,26298,362,13999
1492,福岡県,嘉麻市,,35473,258,13511
1493,福岡県,朝倉市,,50273,658,24671
1494,福岡県,みやま市,,35861,260,10521
1495,福岡県,糸島市,,98877,1160,21569
1496,福岡県,那珂川市,,50112,285,7495
1497,福岡県,宇美町,,37671,486,3021
1498,福岡県,篠栗町,,31209,178,3893
1499,福岡県,志免町,,46377,602,869
1500,福岡県,須恵町,,28628,255,1631
1501,福岡県,新宮町,,32927,430,1893
1502,福岡県,久山町,,9068,247,3744
1503,福岡県,粕屋町,,48190,614,1413
1504,福岡県,芦屋町,,13545,85,1158
1505,福岡県,水巻町,,28114,418,1101
1506,福岡県,岡垣町,,31007,166,4864
1507,福岡県,遠賀町,,18723,197,2215
1508,福岡県,小竹町,,7151,196,1428
1509,福岡県,鞍手町,,15080,189,3560
1510,福岡県,桂川町,,12878,102,2014
1511,福岡県,筑前町,,29591,225,6710
1512,福岡県,東峰村,,1899,11,5197
1513,福岡県,大刀洗町,,15521,316,2284
1514,福岡県,大木町,,13820,120,1844
1515,福岡県,広川町,,19969,270,3794
1516,福岡県,香春町,,10191,49,4450
1517,福岡県,添田町,,8801,9,13220
1518,福岡県,糸田町,,8407,38,804
1519,福岡県,川崎町,,15176,99,3614
1520,福岡県,大任町,,5008,9,1426
1521,福岡県,赤村,,2774,3,3198
1522,福岡県,福智町,,21398,121,4206
1523,福岡県,苅田町,,37684,1050,4958
1524,福岡県,みやこ町,,18825,147,15134
1525,福岡県,吉富町,,6536,58,572
1526,福岡県,上毛町,,7251,34,6244
1527,福岡県,築上町,,17189,97,11961
1528,佐賀県,佐賀市,,233301,1425,43182
1529,佐賀県,唐津市,,117373,722,48760
1530,佐賀県,鳥栖市,,74196,1064,7172
1531,佐賀県,多久市,,18295,165,9656
1532,佐賀県,伊万里市,,52629,447,25526
1533,佐賀県,武雄市,,47914,209,19540
1534,佐賀県,鹿島市,,27892,157,11212
1535,佐賀県,小城市,,43952,274,9581
1536,佐賀県,嬉野市,,25848,157,12641
1537,佐賀県,神埼市,,31022,206,12513
1538,佐賀県,吉野ヶ里町,,16323,192,4399
1539,佐賀県,基山町,,17250,247,2215
1540,佐賀県,上峰町,,9286,56,1280
1541,佐賀県,みやき町,,25511,171,5192
1542,佐賀県,玄海町,,5609,8,3592
1543,佐賀県,有田町,,19010,144,6585
1544,佐賀県,大町町,,6293,16,1150
1545,佐賀県,江北町,,9566,67,2488
1546,佐賀県,白石町,,22051,156,9956
1547,佐賀県,太良町,,8121,57,7430
1548,長崎県,長崎市,,409118,2601,40569
1549,長崎県,佐世保市,,243223,1611,42601
1550,長崎県,島原市,,43338,361,8296
1551,長崎県,諫早市,,133852,866,34179
1552,長崎県,大村市,,95397,362,12673
1553,長崎県,平戸市,,29365,154,23512
1554,長崎県,松浦市,,21271,233,13055
1555,長崎県,対馬市,,28502,150,70742
1556,長崎県,壱岐市,,24948,79,13942
1557,長崎県,五島市,,34391,128,42012
1558,長崎県,西海市,,26275,458,24184
1559,長崎県,雲仙市,,41096,423,21431
1560,長崎県,南島原市,,42330,259,17013
1561,長崎県,長与町,,40780,162,2873
1562,長崎県,時津町,,29339,201,2094
1563,長崎県,東彼杵町,,7721,42,7429
1564,長崎県,川棚町,,13377,98,3725
1565,長崎県,波佐見町,,14291,29,5600
1566,長崎県,小値賀町,,2288,6,2550
1567,長崎県,佐々町,,13912,48,3226
1568,長崎県,新上五島町,,17503,45,21399
1569,熊本県,熊本市,,738865,5421,39032
1570,熊本県,八代市,,123067,2036,68129
1571,熊本県,人吉市,,31108,175,21055
1572,熊本県,荒尾市,,50832,305,5737
1573,熊本県,水俣市,,23557,66,16329
1574,熊本県,玉名市,,64292,841,15260
1575,熊本県,山鹿市,,49025,354,29969
1576,熊本県,菊池市,,46416,591,27685
1577,熊本県,宇土市,,36122,194,7430
1578,熊本県,上天草市,,24563,95,12667
1579,熊本県,宇城市,,57032,459,18867
1580,熊本県,阿蘇市,,24930,394,37630
1581,熊本県,天草市,,75783,320,68382
1582,熊本県,合志市,,61772,245,5319
1583,熊本県,美里町,,9392,63,14400
1584,熊本県,玉東町,,5045,26,2433
1585,熊本県,南関町,,8979,147,6892
1586,熊本県,長洲町,,15372,592,1944
1587,熊本県,和水町,,9342,39,9878
1588,熊本県,大津町,,35187,383,9910
1589,熊本県,菊陽町,,43337,389,3746
1590,熊本県,南小国町,,3750,71,11590
1591,熊本県,小国町,,6590,41,13694
1592,熊本県,産山村,,1382,27,6081
1593,熊本県,高森町,,5789,62,17506
1594,熊本県,西原村,,6426,87,7722
1595,熊本県,南阿蘇村,,9836,93,13732
1596,熊本県,御船町,,16303,71,9903
1597,熊本県,嘉島町,,9547,104,1665
1598,熊本県,益城町,,32510,133,6568
1599,熊本県,甲佐町,,10132,59,5793
1600,熊本県,山都町,,13503,103,54467
1601,熊本県,氷川町,,11094,155,3336
1602,熊本県,芦北町,,15681,31,23401
1603,熊本県,津奈木町,,4254,7,3408
1604,熊本県,錦町,,10288,49,8504
1605,熊本県,多良木町,,9076,60,16586
1606,熊本県,湯前町,,3627,5,4837
1607,熊本県,水上村,,2033,7,19096
1608,熊本県,相良村,,4070,15,9454
1609,熊本県,五木村,,931,3,25292
1610,熊本県,山江村,,3238,5,12119
1611,熊本県,球磨村,,2433,1,20758
1612,熊本県,あさぎり町,,14676,203,15956
1613,熊本県,苓北町,,7114,64,6758
1614,大分県,大分市,,475614,2661,50239
1615,大分県,別府市,,115321,2431,12534
1616,大分県,中津市,,82863,1329,49144
1617,大分県,日田市,,62657,412,66603
1618,大分県,佐伯市,,66851,305,90314
1619,大分県,臼杵市,,36158,313,29120
1620,大分県,津久見市,,16100,34,7948
1621,大分県,竹田市,,20332,239,47753
1622,大分県,豊後高田市,,22112,615,20624
1623,大分県,杵築市,,27999,162,28008
1624,大分県,宇佐市,,52771,586,43905
1625,大分県,豊後大野市,,33695,209,60314
1626,大分県,由布市,,32772,324,31932
1627,大分県,国東市,,26232,238,31810
1628,大分県,姫島村,,1725,3,699
1629,大分県,日出町,,27723,121,7326
1630,大分県,九重町,,8541,86,27137
1631,大分県,玖珠町,,14386,100,28660
1632,宮崎県,宮崎市,,401339,2109,64357
1633,宮崎県,都城市,,160640,1396,65336
1634,宮崎県,延岡市,,118394,445,86802
1635,宮崎県,日南市,,50848,401,53549
1636,宮崎県,小林市,,43670,487,56295
1637,宮崎県,日向市,,59629,348,33689
1638,宮崎県,串間市,,16822,73,29492
1639,宮崎県,西都市,,28610,88,43879
1640,宮崎県,えびの市,,17638,133,28293
1641,宮崎県,三股町,,25591,153,11002
1642,宮崎県,高原町,,8639,20,8539
1643,宮崎県,国富町,,18398,130,13063
1644,宮崎県,綾町,,6934,17,9519
1645,宮崎県,高鍋町,,19922,58,4380
1646,宮崎県,新富町,,16564,154,6148
1647,宮崎県,西米良村,,1000,1,27151
1648,宮崎県,木城町,,4895,6,14596
1649,宮崎県,川南町,,15194,237,9013
1650,宮崎県,都農町,,9906,61,10211
1651,宮崎県,門川町,,17379,95,12040
1652,宮崎県,諸塚村,,1486,2,18756
1653,宮崎県,椎葉村,,2503,4,53729
1654,宮崎県,美郷町,,4826,12,44884
1655,宮崎県,高千穂町,,11642,32,23754
1656,宮崎県,日之影町,,3635,3,27767
1657,宮崎県,五ヶ瀬町,,3472,9,17173
1658,鹿児島県,鹿児島市,,593128,2432,54761
1659,鹿児島県,鹿屋市,,101096,541,44815
1660,鹿児島県,枕崎市,,20033,373,7478
1661,鹿児島県,阿久根市,,19270,108,13428
1662,鹿児島県,出水市,,51994,763,32998
1663,鹿児島県,指宿市,,39011,337,14882
1664,鹿児島県,西之表市,,14708,77,20557
1665,鹿児島県,垂水市,,13819,264,16210
1666,鹿児島県,薩摩川内市,,92403,472,68292
1667,鹿児島県,日置市,,47153,315,25301
1668,鹿児島県,曽於市,,33310,362,39014
1669,鹿児島県,霧島市,,123135,655,60317
1670,鹿児島県,いちき串木野市,,27490,206,11230
1671,鹿児島県,南さつま市,,32887,217,28359
1672,鹿児島県,志布志市,,29329,328,29021
1673,鹿児島県,奄美市,,41390,102,30833
1674,鹿児島県,南九州市,,33080,369,35791
1675,鹿児島県,伊佐市,,24453,120,39256
1676,鹿児島県,姶良市,,76348,351,23125
1677,鹿児島県,三島村,,405,3,3139
1678,鹿児島県,十島村,,740,9,10115
1679,鹿児島県,さつま町,,20243,403,30390
1680,鹿児島県,長島町,,9705,78,11619
1681,鹿児島県,湧水町,,9119,88,14429
1682,鹿児島県,大崎町,,12385,303,10064
1683,鹿児島県,東串良町,,6237,126,2785
1684,鹿児島県,錦江町,,6944,69,16319
1685,鹿児島県,南大隅町,,6481,23,21359
1686,鹿児島県,肝付町,,14227,68,30804
1687,鹿児島県,中種子町,,7539,19,13694
1688,鹿児島県,南種子町,,5445,13,10994
1689,鹿児島県,屋久島町,,11858,101,54044
1690,鹿児島県,大和村,,1364,1,8826
1691,鹿児島県,宇検村,,1621,4,10307
1692,鹿児島県,瀬戸内町,,8546,14,23965
1693,鹿児島県,龍郷町,,5817,17,8182
1694,鹿児島県,喜界町,,6629,38,5682
1695,鹿児島県,徳之島町,,10147,41,10492
1696,鹿児島県,天城町,,5517,30,8040
1697,鹿児島県,伊仙町,,6139,24,6271
1698,鹿児島県,和泊町,,6246,108,4039
1699,鹿児島県,知名町,,5750,53,5330
1700,鹿児島県,与論町,,5115,12,2058
1701,沖縄県,那覇市,,317625,4575,4146
1702,沖縄県,宜野湾市,,100125,1572,1980
1703,沖縄県,石垣市,,47637,473,22915
1704,沖縄県,浦添市,,115690,1135,1944
1705,沖縄県,名護市,,63554,529,21080
1706,沖縄県,糸満市,,61007,803,4660
1707,沖縄県,沖縄市,,142752,1993,4972
1708,沖縄県,豊見城市,,64612,367,1933
1709,沖縄県,うるま市,,125303,1357,8702
1710,沖縄県,宮古島市,,52931,464,20390
1711,沖縄県,南城市,,44043,257,4994
1712,沖縄県,国頭村,,4517,32,19485
1713,沖縄県,大宜味村,,3092,23,6363
1714,沖縄県,東村,,1598,11,8175
1715,沖縄県,今帰仁村,,8894,44,3994
1716,沖縄県,本部町,,12530,133,5437
1717,沖縄県,恩納村,,10869,743,5079
1718,沖縄県,宜野座村,,5833,43,3131
1719,沖縄県,金武町,,10806,100,3793
1720,沖縄県,伊江村,,4118,26,2270
1721,沖縄県,読谷村,,41206,736,3528
1722,沖縄県,嘉手納町,,13521,97,1512
1723,沖縄県,北谷町,,28201,787,1391
1724,沖縄県,北中城村,,17969,383,1154
1725,沖縄県,中城村,,22157,329,1553
1726,沖縄県,西原町,,34984,507,1590
1727,沖縄県,与那原町,,19695,109,518
1728,沖縄県,南風原町,,40440,221,1076
1729,沖縄県,渡嘉敷村,,718,6,1923
1730,沖縄県,座間味村,,892,15,1674
1731,沖縄県,粟国村,,683,2,765
1732,沖縄県,渡名喜村,,346,2,387
1733,沖縄県,南大東村,,1285,31,3052
1734,沖縄県,北大東村,,590,5,1307
1735,沖縄県,伊平屋村,,1126,8,2184
1736,沖縄県,伊是名村,,1322,23,1543
1737,沖縄県,久米島町,,7192,35,6365
1738,沖縄県,八重瀬町,,30941,129,2696
1739,沖縄県,多良間村,,1058,11,2200
1740,沖縄県,竹富町,,3942,26,33439
1741,沖縄県,与那国町,,1676,15,2890
