,,,,rank,,,,,,
1,北海道,札幌市,44793,1053,2.582998277,,,,,
2,北海道,函館市,44793,1053,2.582998277,,,,,
3,北海道,小樽市,44793,1053,2.582998277,,,,,
4,北海道,旭川市,44793,1053,2.582998277,,,,,
5,北海道,室蘭市,44793,1053,2.582998277,,,,,
6,北海道,釧路市,44793,1053,2.582998277,,,,,
7,北海道,帯広市,44793,1053,2.582998277,,,,,
8,北海道,北見市,44793,1053,2.582998277,,,,,
9,北海道,夕張市,44793,1053,2.582998277,,,,,
10,北海道,岩見沢市,44793,1053,2.582998277,,,,,
11,北海道,網走市,44793,1053,2.582998277,,,,,
12,北海道,留萌市,44793,1053,2.582998277,,,,,
13,北海道,苫小牧市,44793,1053,2.582998277,,,,,
14,北海道,稚内市,44793,1053,2.582998277,,,,,
15,北海道,美唄市,44793,1053,2.582998277,,,,,
16,北海道,芦別市,44793,1053,2.582998277,,,,,
17,北海道,江別市,44793,1053,2.582998277,,,,,
18,北海道,赤平市,44793,1053,2.582998277,,,,,
19,北海道,紋別市,44793,1053,2.582998277,,,,,
20,北海道,士別市,44793,1053,2.582998277,,,,,
21,北海道,名寄市,44793,1053,2.582998277,,,,,
22,北海道,三笠市,44793,1053,2.582998277,,,,,
23,北海道,根室市,44793,1053,2.582998277,,,,,
24,北海道,千歳市,44793,1053,2.582998277,,,,,
25,北海道,滝川市,44793,1053,2.582998277,,,,,
26,北海道,砂川市,44793,1053,2.582998277,,,,,
27,北海道,歌志内市,44793,1053,2.582998277,,,,,
28,北海道,深川市,44793,1053,2.582998277,,,,,
29,北海道,富良野市,44793,1053,2.582998277,,,,,
30,北海道,登別市,44793,1053,2.582998277,,,,,
31,北海道,恵庭市,44793,1053,2.582998277,,,,,
32,北海道,伊達市,44793,1053,2.582998277,,,,,
33,北海道,北広島市,44793,1053,2.582998277,,,,,
34,北海道,石狩市,44793,1053,2.582998277,,,,,
35,北海道,北斗市,44793,1053,2.582998277,,,,,
36,北海道,当別町,44793,1053,2.582998277,,,,,
37,北海道,新篠津村,44793,1053,2.582998277,,,,,
38,北海道,松前町,44793,1053,2.582998277,,,,,
39,北海道,福島町,44793,1053,2.582998277,,,,,
40,北海道,知内町,44793,1053,2.582998277,,,,,
41,北海道,木古内町,44793,1053,2.582998277,,,,,
42,北海道,七飯町,44793,1053,2.582998277,,,,,
43,北海道,鹿部町,44793,1053,2.582998277,,,,,
44,北海道,森町,44793,1053,2.582998277,,,,,
45,北海道,八雲町,44793,1053,2.582998277,,,,,
46,北海道,長万部町,44793,1053,2.582998277,,,,,
47,北海道,江差町,44793,1053,2.582998277,,,,,
48,北海道,上ノ国町,44793,1053,2.582998277,,,,,
49,北海道,厚沢部町,44793,1053,2.582998277,,,,,
50,北海道,乙部町,44793,1053,2.582998277,,,,,
51,北海道,奥尻町,44793,1053,2.582998277,,,,,
52,北海道,今金町,44793,1053,2.582998277,,,,,
53,北海道,せたな町,44793,1053,2.582998277,,,,,
54,北海道,島牧村,44793,1053,2.582998277,,,,,
55,北海道,寿都町,44793,1053,2.582998277,,,,,
56,北海道,黒松内町,44793,1053,2.582998277,,,,,
57,北海道,蘭越町,44793,1053,2.582998277,,,,,
58,北海道,ニセコ町,44793,1053,2.582998277,,,,,
59,北海道,真狩村,44793,1053,2.582998277,,,,,
60,北海道,留寿都村,44793,1053,2.582998277,,,,,
61,北海道,喜茂別町,44793,1053,2.582998277,,,,,
62,北海道,京極町,44793,1053,2.582998277,,,,,
63,北海道,倶知安町,44793,1053,2.582998277,,,,,
64,北海道,共和町,44793,1053,2.582998277,,,,,
65,北海道,岩内町,44793,1053,2.582998277,,,,,
66,北海道,泊村,44793,1053,2.582998277,,,,,
67,北海道,神恵内村,44793,1053,2.582998277,,,,,
68,北海道,積丹町,44793,1053,2.582998277,,,,,
69,北海道,古平町,44793,1053,2.582998277,,,,,
70,北海道,仁木町,44793,1053,2.582998277,,,,,
71,北海道,余市町,44793,1053,2.582998277,,,,,
72,北海道,赤井川村,44793,1053,2.582998277,,,,,
73,北海道,南幌町,44793,1053,2.582998277,,,,,
74,北海道,奈井江町,44793,1053,2.582998277,,,,,
75,北海道,上砂川町,44793,1053,2.582998277,,,,,
76,北海道,由仁町,44793,1053,2.582998277,,,,,
77,北海道,長沼町,44793,1053,2.582998277,,,,,
78,北海道,栗山町,44793,1053,2.582998277,,,,,
79,北海道,月形町,44793,1053,2.582998277,,,,,
80,北海道,浦臼町,44793,1053,2.582998277,,,,,
81,北海道,新十津川町,44793,1053,2.582998277,,,,,
82,北海道,妹背牛町,44793,1053,2.582998277,,,,,
83,北海道,秩父別町,44793,1053,2.582998277,,,,,
84,北海道,雨竜町,44793,1053,2.582998277,,,,,
85,北海道,北竜町,44793,1053,2.582998277,,,,,
86,北海道,沼田町,44793,1053,2.582998277,,,,,
87,北海道,鷹栖町,44793,1053,2.582998277,,,,,
88,北海道,東神楽町,44793,1053,2.582998277,,,,,
89,北海道,当麻町,44793,1053,2.582998277,,,,,
90,北海道,比布町,44793,1053,2.582998277,,,,,
91,北海道,愛別町,44793,1053,2.582998277,,,,,
92,北海道,上川町,44793,1053,2.582998277,,,,,
93,北海道,東川町,44793,1053,2.582998277,,,,,
94,北海道,美瑛町,44793,1053,2.582998277,,,,,
95,北海道,上富良野町,44793,1053,2.582998277,,,,,
96,北海道,中富良野町,44793,1053,2.582998277,,,,,
97,北海道,南富良野町,44793,1053,2.582998277,,,,,
98,北海道,占冠村,44793,1053,2.582998277,,,,,
99,北海道,和寒町,44793,1053,2.582998277,,,,,
100,北海道,剣淵町,44793,1053,2.582998277,,,,,
101,北海道,下川町,44793,1053,2.582998277,,,,,
102,北海道,美深町,44793,1053,2.582998277,,,,,
103,北海道,音威子府村,44793,1053,2.582998277,,,,,
104,北海道,中川町,44793,1053,2.582998277,,,,,
105,北海道,幌加内町,44793,1053,2.582998277,,,,,
106,北海道,増毛町,44793,1053,2.582998277,,,,,
107,北海道,小平町,44793,1053,2.582998277,,,,,
108,北海道,苫前町,44793,1053,2.582998277,,,,,
109,北海道,羽幌町,44793,1053,2.582998277,,,,,
110,北海道,初山別村,44793,1053,2.582998277,,,,,
111,北海道,遠別町,44793,1053,2.582998277,,,,,
112,北海道,天塩町,44793,1053,2.582998277,,,,,
113,北海道,猿払村,44793,1053,2.582998277,,,,,
114,北海道,浜頓別町,44793,1053,2.582998277,,,,,
115,北海道,中頓別町,44793,1053,2.582998277,,,,,
116,北海道,枝幸町,44793,1053,2.582998277,,,,,
117,北海道,豊富町,44793,1053,2.582998277,,,,,
118,北海道,礼文町,44793,1053,2.582998277,,,,,
119,北海道,利尻町,44793,1053,2.582998277,,,,,
120,北海道,利尻富士町,44793,1053,2.582998277,,,,,
121,北海道,幌延町,44793,1053,2.582998277,,,,,
122,北海道,美幌町,44793,1053,2.582998277,,,,,
123,北海道,津別町,44793,1053,2.582998277,,,,,
124,北海道,斜里町,44793,1053,2.582998277,,,,,
125,北海道,清里町,44793,1053,2.582998277,,,,,
126,北海道,小清水町,44793,1053,2.582998277,,,,,
127,北海道,訓子府町,44793,1053,2.582998277,,,,,
128,北海道,置戸町,44793,1053,2.582998277,,,,,
129,北海道,佐呂間町,44793,1053,2.582998277,,,,,
130,北海道,遠軽町,44793,1053,2.582998277,,,,,
131,北海道,湧別町,44793,1053,2.582998277,,,,,
132,北海道,滝上町,44793,1053,2.582998277,,,,,
133,北海道,興部町,44793,1053,2.582998277,,,,,
134,北海道,西興部村,44793,1053,2.582998277,,,,,
135,北海道,雄武町,44793,1053,2.582998277,,,,,
136,北海道,大空町,44793,1053,2.582998277,,,,,
137,北海道,豊浦町,44793,1053,2.582998277,,,,,
138,北海道,壮瞥町,44793,1053,2.582998277,,,,,
139,北海道,白老町,44793,1053,2.582998277,,,,,
140,北海道,厚真町,44793,1053,2.582998277,,,,,
141,北海道,洞爺湖町,44793,1053,2.582998277,,,,,
142,北海道,安平町,44793,1053,2.582998277,,,,,
143,北海道,むかわ町,44793,1053,2.582998277,,,,,
144,北海道,日高町,44793,1053,2.582998277,,,,,
145,北海道,平取町,44793,1053,2.582998277,,,,,
146,北海道,新冠町,44793,1053,2.582998277,,,,,
147,北海道,浦河町,44793,1053,2.582998277,,,,,
148,北海道,様似町,44793,1053,2.582998277,,,,,
149,北海道,えりも町,44793,1053,2.582998277,,,,,
150,北海道,新ひだか町,44793,1053,2.582998277,,,,,
151,北海道,音更町,44793,1053,2.582998277,,,,,
152,北海道,士幌町,44793,1053,2.582998277,,,,,
153,北海道,上士幌町,44793,1053,2.582998277,,,,,
154,北海道,鹿追町,44793,1053,2.582998277,,,,,
155,北海道,新得町,44793,1053,2.582998277,,,,,
156,北海道,清水町,44793,1053,2.582998277,,,,,
157,北海道,芽室町,44793,1053,2.582998277,,,,,
158,北海道,中札内村,44793,1053,2.582998277,,,,,
159,北海道,更別村,44793,1053,2.582998277,,,,,
160,北海道,大樹町,44793,1053,2.582998277,,,,,
161,北海道,広尾町,44793,1053,2.582998277,,,,,
162,北海道,幕別町,44793,1053,2.582998277,,,,,
163,北海道,池田町,44793,1053,2.582998277,,,,,
164,北海道,豊頃町,44793,1053,2.582998277,,,,,
165,北海道,本別町,44793,1053,2.582998277,,,,,
166,北海道,足寄町,44793,1053,2.582998277,,,,,
167,北海道,陸別町,44793,1053,2.582998277,,,,,
168,北海道,浦幌町,44793,1053,2.582998277,,,,,
169,北海道,釧路町,44793,1053,2.582998277,,,,,
170,北海道,厚岸町,44793,1053,2.582998277,,,,,
171,北海道,浜中町,44793,1053,2.582998277,,,,,
172,北海道,標茶町,44793,1053,2.582998277,,,,,
173,北海道,弟子屈町,44793,1053,2.582998277,,,,,
174,北海道,鶴居村,44793,1053,2.582998277,,,,,
175,北海道,白糠町,44793,1053,2.582998277,,,,,
176,北海道,別海町,44793,1053,2.582998277,,,,,
177,北海道,中標津町,44793,1053,2.582998277,,,,,
178,北海道,標津町,44793,1053,2.582998277,,,,,
179,北海道,羅臼町,44793,1053,2.582998277,,,,,
180,青森県,青森市,40238,1659,1.190695003,,,,,
181,青森県,弘前市,40238,1659,1.190695003,,,,,
182,青森県,八戸市,40238,1659,1.190695003,,,,,
183,青森県,黒石市,40238,1659,1.190695003,,,,,
184,青森県,五所川原市,40238,1659,1.190695003,,,,,
185,青森県,十和田市,40238,1659,1.190695003,,,,,
186,青森県,三沢市,40238,1659,1.190695003,,,,,
187,青森県,むつ市,40238,1659,1.190695003,,,,,
188,青森県,つがる市,40238,1659,1.190695003,,,,,
189,青森県,平川市,40238,1659,1.190695003,,,,,
190,青森県,平内町,40238,1659,1.190695003,,,,,
191,青森県,今別町,40238,1659,1.190695003,,,,,
192,青森県,蓬田村,40238,1659,1.190695003,,,,,
193,青森県,外ヶ浜町,40238,1659,1.190695003,,,,,
194,青森県,鰺ヶ沢町,40238,1659,1.190695003,,,,,
195,青森県,深浦町,40238,1659,1.190695003,,,,,
196,青森県,西目屋村,40238,1659,1.190695003,,,,,
197,青森県,藤崎町,40238,1659,1.190695003,,,,,
198,青森県,大鰐町,40238,1659,1.190695003,,,,,
199,青森県,田舎館村,40238,1659,1.190695003,,,,,
200,青森県,板柳町,40238,1659,1.190695003,,,,,
201,青森県,鶴田町,40238,1659,1.190695003,,,,,
202,青森県,中泊町,40238,1659,1.190695003,,,,,
203,青森県,野辺地町,40238,1659,1.190695003,,,,,
204,青森県,七戸町,40238,1659,1.190695003,,,,,
205,青森県,六戸町,40238,1659,1.190695003,,,,,
206,青森県,横浜町,40238,1659,1.190695003,,,,,
207,青森県,東北町,40238,1659,1.190695003,,,,,
208,青森県,六ヶ所村,40238,1659,1.190695003,,,,,
209,青森県,おいらせ町,40238,1659,1.190695003,,,,,
210,青森県,大間町,40238,1659,1.190695003,,,,,
211,青森県,東通村,40238,1659,1.190695003,,,,,
212,青森県,風間浦村,40238,1659,1.190695003,,,,,
213,青森県,佐井村,40238,1659,1.190695003,,,,,
214,青森県,三戸町,40238,1659,1.190695003,,,,,
215,青森県,五戸町,40238,1659,1.190695003,,,,,
216,青森県,田子町,40238,1659,1.190695003,,,,,
217,青森県,南部町,40238,1659,1.190695003,,,,,
218,青森県,階上町,40238,1659,1.190695003,,,,,
219,青森県,新郷村,40238,1659,1.190695003,,,,,
220,岩手県,盛岡市,42978,1392,1.804135554,,,,,
221,岩手県,宮古市,42978,1392,1.804135554,,,,,
222,岩手県,大船渡市,42978,1392,1.804135554,,,,,
223,岩手県,花巻市,42978,1392,1.804135554,,,,,
224,岩手県,北上市,42978,1392,1.804135554,,,,,
225,岩手県,久慈市,42978,1392,1.804135554,,,,,
226,岩手県,遠野市,42978,1392,1.804135554,,,,,
227,岩手県,一関市,42978,1392,1.804135554,,,,,
228,岩手県,陸前高田市,42978,1392,1.804135554,,,,,
229,岩手県,釜石市,42978,1392,1.804135554,,,,,
230,岩手県,二戸市,42978,1392,1.804135554,,,,,
231,岩手県,八幡平市,42978,1392,1.804135554,,,,,
232,岩手県,奥州市,42978,1392,1.804135554,,,,,
233,岩手県,滝沢市,42978,1392,1.804135554,,,,,
234,岩手県,雫石町,42978,1392,1.804135554,,,,,
235,岩手県,葛巻町,42978,1392,1.804135554,,,,,
236,岩手県,岩手町,42978,1392,1.804135554,,,,,
237,岩手県,紫波町,42978,1392,1.804135554,,,,,
238,岩手県,矢巾町,42978,1392,1.804135554,,,,,
239,岩手県,西和賀町,42978,1392,1.804135554,,,,,
240,岩手県,金ケ崎町,42978,1392,1.804135554,,,,,
241,岩手県,平泉町,42978,1392,1.804135554,,,,,
242,岩手県,住田町,42978,1392,1.804135554,,,,,
243,岩手県,大槌町,42978,1392,1.804135554,,,,,
244,岩手県,山田町,42978,1392,1.804135554,,,,,
245,岩手県,岩泉町,42978,1392,1.804135554,,,,,
246,岩手県,田野畑村,42978,1392,1.804135554,,,,,
247,岩手県,普代村,42978,1392,1.804135554,,,,,
248,岩手県,軽米町,42978,1392,1.804135554,,,,,
249,岩手県,野田村,42978,1392,1.804135554,,,,,
250,岩手県,九戸村,42978,1392,1.804135554,,,,,
251,岩手県,洋野町,42978,1392,1.804135554,,,,,
252,岩手県,一戸町,42978,1392,1.804135554,,,,,
253,宮城県,仙台市,51110,534,3.775416427,,,,,
254,宮城県,石巻市,51110,534,3.775416427,,,,,
255,宮城県,塩竈市,51110,534,3.775416427,,,,,
256,宮城県,気仙沼市,51110,534,3.775416427,,,,,
257,宮城県,白石市,51110,534,3.775416427,,,,,
258,宮城県,名取市,51110,534,3.775416427,,,,,
259,宮城県,角田市,51110,534,3.775416427,,,,,
260,宮城県,多賀城市,51110,534,3.775416427,,,,,
261,宮城県,岩沼市,51110,534,3.775416427,,,,,
262,宮城県,登米市,51110,534,3.775416427,,,,,
263,宮城県,栗原市,51110,534,3.775416427,,,,,
264,宮城県,東松島市,51110,534,3.775416427,,,,,
265,宮城県,大崎市,51110,534,3.775416427,,,,,
266,宮城県,富谷市,51110,534,3.775416427,,,,,
267,宮城県,蔵王町,51110,534,3.775416427,,,,,
268,宮城県,七ヶ宿町,51110,534,3.775416427,,,,,
269,宮城県,大河原町,51110,534,3.775416427,,,,,
270,宮城県,村田町,51110,534,3.775416427,,,,,
271,宮城県,柴田町,51110,534,3.775416427,,,,,
272,宮城県,川崎町,51110,534,3.775416427,,,,,
273,宮城県,丸森町,51110,534,3.775416427,,,,,
274,宮城県,亘理町,51110,534,3.775416427,,,,,
275,宮城県,山元町,51110,534,3.775416427,,,,,
276,宮城県,松島町,51110,534,3.775416427,,,,,
277,宮城県,七ヶ浜町,51110,534,3.775416427,,,,,
278,宮城県,利府町,51110,534,3.775416427,,,,,
279,宮城県,大和町,51110,534,3.775416427,,,,,
280,宮城県,大郷町,51110,534,3.775416427,,,,,
281,宮城県,大衡村,51110,534,3.775416427,,,,,
282,宮城県,色麻町,51110,534,3.775416427,,,,,
283,宮城県,加美町,51110,534,3.775416427,,,,,
284,宮城県,涌谷町,51110,534,3.775416427,,,,,
285,宮城県,美里町,51110,534,3.775416427,,,,,
286,宮城県,女川町,51110,534,3.775416427,,,,,
287,宮城県,南三陸町,51110,534,3.775416427,,,,,
288,秋田県,秋田市,41986,1551,1.43882826,,,,,
289,秋田県,能代市,41986,1551,1.43882826,,,,,
290,秋田県,横手市,41986,1551,1.43882826,,,,,
291,秋田県,大館市,41986,1551,1.43882826,,,,,
292,秋田県,男鹿市,41986,1551,1.43882826,,,,,
293,秋田県,湯沢市,41986,1551,1.43882826,,,,,
294,秋田県,鹿角市,41986,1551,1.43882826,,,,,
295,秋田県,由利本荘市,41986,1551,1.43882826,,,,,
296,秋田県,潟上市,41986,1551,1.43882826,,,,,
297,秋田県,大仙市,41986,1551,1.43882826,,,,,
298,秋田県,北秋田市,41986,1551,1.43882826,,,,,
299,秋田県,にかほ市,41986,1551,1.43882826,,,,,
300,秋田県,仙北市,41986,1551,1.43882826,,,,,
301,秋田県,小坂町,41986,1551,1.43882826,,,,,
302,秋田県,上小阿仁村,41986,1551,1.43882826,,,,,
303,秋田県,藤里町,41986,1551,1.43882826,,,,,
304,秋田県,三種町,41986,1551,1.43882826,,,,,
305,秋田県,八峰町,41986,1551,1.43882826,,,,,
306,秋田県,五城目町,41986,1551,1.43882826,,,,,
307,秋田県,八郎潟町,41986,1551,1.43882826,,,,,
308,秋田県,井川町,41986,1551,1.43882826,,,,,
309,秋田県,大潟村,41986,1551,1.43882826,,,,,
310,秋田県,美郷町,41986,1551,1.43882826,,,,,
311,秋田県,羽後町,41986,1551,1.43882826,,,,,
312,秋田県,東成瀬村,41986,1551,1.43882826,,,,,
313,山形県,山形市,44936,1018,2.663411832,,,,,
314,山形県,米沢市,44936,1018,2.663411832,,,,,
315,山形県,鶴岡市,44936,1018,2.663411832,,,,,
316,山形県,酒田市,44936,1018,2.663411832,,,,,
317,山形県,新庄市,44936,1018,2.663411832,,,,,
318,山形県,寒河江市,44936,1018,2.663411832,,,,,
319,山形県,上山市,44936,1018,2.663411832,,,,,
320,山形県,村山市,44936,1018,2.663411832,,,,,
321,山形県,長井市,44936,1018,2.663411832,,,,,
322,山形県,天童市,44936,1018,2.663411832,,,,,
323,山形県,東根市,44936,1018,2.663411832,,,,,
324,山形県,尾花沢市,44936,1018,2.663411832,,,,,
325,山形県,南陽市,44936,1018,2.663411832,,,,,
326,山形県,山辺町,44936,1018,2.663411832,,,,,
327,山形県,中山町,44936,1018,2.663411832,,,,,
328,山形県,河北町,44936,1018,2.663411832,,,,,
329,山形県,西川町,44936,1018,2.663411832,,,,,
330,山形県,朝日町,44936,1018,2.663411832,,,,,
331,山形県,大江町,44936,1018,2.663411832,,,,,
332,山形県,大石田町,44936,1018,2.663411832,,,,,
333,山形県,金山町,44936,1018,2.663411832,,,,,
334,山形県,最上町,44936,1018,2.663411832,,,,,
335,山形県,舟形町,44936,1018,2.663411832,,,,,
336,山形県,真室川町,44936,1018,2.663411832,,,,,
337,山形県,大蔵村,44936,1018,2.663411832,,,,,
338,山形県,鮭川村,44936,1018,2.663411832,,,,,
339,山形県,戸沢村,44936,1018,2.663411832,,,,,
340,山形県,高畠町,44936,1018,2.663411832,,,,,
341,山形県,川西町,44936,1018,2.663411832,,,,,
342,山形県,小国町,44936,1018,2.663411832,,,,,
343,山形県,白鷹町,44936,1018,2.663411832,,,,,
344,山形県,飯豊町,44936,1018,2.663411832,,,,,
345,山形県,三川町,44936,1018,2.663411832,,,,,
346,山形県,庄内町,44936,1018,2.663411832,,,,,
347,山形県,遊佐町,44936,1018,2.663411832,,,,,
348,福島県,福島市,44001,1312,1.987937967,,,,,
349,福島県,会津若松市,44001,1312,1.987937967,,,,,
350,福島県,郡山市,44001,1312,1.987937967,,,,,
351,福島県,いわき市,44001,1312,1.987937967,,,,,
352,福島県,白河市,44001,1312,1.987937967,,,,,
353,福島県,須賀川市,44001,1312,1.987937967,,,,,
354,福島県,喜多方市,44001,1312,1.987937967,,,,,
355,福島県,相馬市,44001,1312,1.987937967,,,,,
356,福島県,二本松市,44001,1312,1.987937967,,,,,
357,福島県,田村市,44001,1312,1.987937967,,,,,
358,福島県,南相馬市,44001,1312,1.987937967,,,,,
359,福島県,伊達市,44001,1312,1.987937967,,,,,
360,福島県,本宮市,44001,1312,1.987937967,,,,,
361,福島県,桑折町,44001,1312,1.987937967,,,,,
362,福島県,国見町,44001,1312,1.987937967,,,,,
363,福島県,川俣町,44001,1312,1.987937967,,,,,
364,福島県,大玉村,44001,1312,1.987937967,,,,,
365,福島県,鏡石町,44001,1312,1.987937967,,,,,
366,福島県,天栄村,44001,1312,1.987937967,,,,,
367,福島県,下郷町,44001,1312,1.987937967,,,,,
368,福島県,檜枝岐村,44001,1312,1.987937967,,,,,
369,福島県,只見町,44001,1312,1.987937967,,,,,
370,福島県,南会津町,44001,1312,1.987937967,,,,,
371,福島県,北塩原村,44001,1312,1.987937967,,,,,
372,福島県,西会津町,44001,1312,1.987937967,,,,,
373,福島県,磐梯町,44001,1312,1.987937967,,,,,
374,福島県,猪苗代町,44001,1312,1.987937967,,,,,
375,福島県,会津坂下町,44001,1312,1.987937967,,,,,
376,福島県,湯川村,44001,1312,1.987937967,,,,,
377,福島県,柳津町,44001,1312,1.987937967,,,,,
378,福島県,三島町,44001,1312,1.987937967,,,,,
379,福島県,金山町,44001,1312,1.987937967,,,,,
380,福島県,昭和村,44001,1312,1.987937967,,,,,
381,福島県,会津美里町,44001,1312,1.987937967,,,,,
382,福島県,西郷村,44001,1312,1.987937967,,,,,
383,福島県,泉崎村,44001,1312,1.987937967,,,,,
384,福島県,中島村,44001,1312,1.987937967,,,,,
385,福島県,矢吹町,44001,1312,1.987937967,,,,,
386,福島県,棚倉町,44001,1312,1.987937967,,,,,
387,福島県,矢祭町,44001,1312,1.987937967,,,,,
388,福島県,塙町,44001,1312,1.987937967,,,,,
389,福島県,鮫川村,44001,1312,1.987937967,,,,,
390,福島県,石川町,44001,1312,1.987937967,,,,,
391,福島県,玉川村,44001,1312,1.987937967,,,,,
392,福島県,平田村,44001,1312,1.987937967,,,,,
393,福島県,浅川町,44001,1312,1.987937967,,,,,
394,福島県,古殿町,44001,1312,1.987937967,,,,,
395,福島県,三春町,44001,1312,1.987937967,,,,,
396,福島県,小野町,44001,1312,1.987937967,,,,,
397,福島県,広野町,44001,1312,1.987937967,,,,,
398,福島県,楢葉町,44001,1312,1.987937967,,,,,
399,福島県,富岡町,44001,1312,1.987937967,,,,,
400,福島県,川内村,44001,1312,1.987937967,,,,,
401,福島県,大熊町,44001,1312,1.987937967,,,,,
402,福島県,双葉町,44001,1312,1.987937967,,,,,
403,福島県,浪江町,44001,1312,1.987937967,,,,,
404,福島県,葛尾村,44001,1312,1.987937967,,,,,
405,福島県,新地町,44001,1312,1.987937967,,,,,
406,福島県,飯舘村,44001,1312,1.987937967,,,,,
407,茨城県,水戸市,47524,656,3.495117748,,,,,
408,茨城県,日立市,47524,656,3.495117748,,,,,
409,茨城県,土浦市,47524,656,3.495117748,,,,,
410,茨城県,古河市,47524,656,3.495117748,,,,,
411,茨城県,石岡市,47524,656,3.495117748,,,,,
412,茨城県,結城市,47524,656,3.495117748,,,,,
413,茨城県,龍ケ崎市,47524,656,3.495117748,,,,,
414,茨城県,下妻市,47524,656,3.495117748,,,,,
415,茨城県,常総市,47524,656,3.495117748,,,,,
416,茨城県,常陸太田市,47524,656,3.495117748,,,,,
417,茨城県,高萩市,47524,656,3.495117748,,,,,
418,茨城県,北茨城市,47524,656,3.495117748,,,,,
419,茨城県,笠間市,47524,656,3.495117748,,,,,
420,茨城県,取手市,47524,656,3.495117748,,,,,
421,茨城県,牛久市,47524,656,3.495117748,,,,,
422,茨城県,つくば市,47524,656,3.495117748,,,,,
423,茨城県,ひたちなか市,47524,656,3.495117748,,,,,
424,茨城県,鹿嶋市,47524,656,3.495117748,,,,,
425,茨城県,潮来市,47524,656,3.495117748,,,,,
426,茨城県,守谷市,47524,656,3.495117748,,,,,
427,茨城県,常陸大宮市,47524,656,3.495117748,,,,,
428,茨城県,那珂市,47524,656,3.495117748,,,,,
429,茨城県,筑西市,47524,656,3.495117748,,,,,
430,茨城県,坂東市,47524,656,3.495117748,,,,,
431,茨城県,稲敷市,47524,656,3.495117748,,,,,
432,茨城県,かすみがうら市,47524,656,3.495117748,,,,,
433,茨城県,桜川市,47524,656,3.495117748,,,,,
434,茨城県,神栖市,47524,656,3.495117748,,,,,
435,茨城県,行方市,47524,656,3.495117748,,,,,
436,茨城県,鉾田市,47524,656,3.495117748,,,,,
437,茨城県,つくばみらい市,47524,656,3.495117748,,,,,
438,茨城県,小美玉市,47524,656,3.495117748,,,,,
439,茨城県,茨城町,47524,656,3.495117748,,,,,
440,茨城県,大洗町,47524,656,3.495117748,,,,,
441,茨城県,城里町,47524,656,3.495117748,,,,,
442,茨城県,東海村,47524,656,3.495117748,,,,,
443,茨城県,大子町,47524,656,3.495117748,,,,,
444,茨城県,美浦村,47524,656,3.495117748,,,,,
445,茨城県,阿見町,47524,656,3.495117748,,,,,
446,茨城県,河内町,47524,656,3.495117748,,,,,
447,茨城県,八千代町,47524,656,3.495117748,,,,,
448,茨城県,五霞町,47524,656,3.495117748,,,,,
449,茨城県,境町,47524,656,3.495117748,,,,,
450,茨城県,利根町,47524,656,3.495117748,,,,,
451,栃木県,宇都宮市,46642,729,3.327398047,,,,,
452,栃木県,足利市,46642,729,3.327398047,,,,,
453,栃木県,栃木市,46642,729,3.327398047,,,,,
454,栃木県,佐野市,46642,729,3.327398047,,,,,
455,栃木県,鹿沼市,46642,729,3.327398047,,,,,
456,栃木県,日光市,46642,729,3.327398047,,,,,
457,栃木県,小山市,46642,729,3.327398047,,,,,
458,栃木県,真岡市,46642,729,3.327398047,,,,,
459,栃木県,大田原市,46642,729,3.327398047,,,,,
460,栃木県,矢板市,46642,729,3.327398047,,,,,
461,栃木県,那須塩原市,46642,729,3.327398047,,,,,
462,栃木県,さくら市,46642,729,3.327398047,,,,,
463,栃木県,那須烏山市,46642,729,3.327398047,,,,,
464,栃木県,下野市,46642,729,3.327398047,,,,,
465,栃木県,上三川町,46642,729,3.327398047,,,,,
466,栃木県,益子町,46642,729,3.327398047,,,,,
467,栃木県,茂木町,46642,729,3.327398047,,,,,
468,栃木県,市貝町,46642,729,3.327398047,,,,,
469,栃木県,芳賀町,46642,729,3.327398047,,,,,
470,栃木県,壬生町,46642,729,3.327398047,,,,,
471,栃木県,野木町,46642,729,3.327398047,,,,,
472,栃木県,塩谷町,46642,729,3.327398047,,,,,
473,栃木県,高根沢町,46642,729,3.327398047,,,,,
474,栃木県,那須町,46642,729,3.327398047,,,,,
475,栃木県,那珂川町,46642,729,3.327398047,,,,,
476,群馬県,前橋市,44268,1277,2.068351522,,,,,
477,群馬県,高崎市,44268,1277,2.068351522,,,,,
478,群馬県,桐生市,44268,1277,2.068351522,,,,,
479,群馬県,伊勢崎市,44268,1277,2.068351522,,,,,
480,群馬県,太田市,44268,1277,2.068351522,,,,,
481,群馬県,沼田市,44268,1277,2.068351522,,,,,
482,群馬県,館林市,44268,1277,2.068351522,,,,,
483,群馬県,渋川市,44268,1277,2.068351522,,,,,
484,群馬県,藤岡市,44268,1277,2.068351522,,,,,
485,群馬県,富岡市,44268,1277,2.068351522,,,,,
486,群馬県,安中市,44268,1277,2.068351522,,,,,
487,群馬県,みどり市,44268,1277,2.068351522,,,,,
488,群馬県,榛東村,44268,1277,2.068351522,,,,,
489,群馬県,吉岡町,44268,1277,2.068351522,,,,,
490,群馬県,上野村,44268,1277,2.068351522,,,,,
491,群馬県,神流町,44268,1277,2.068351522,,,,,
492,群馬県,下仁田町,44268,1277,2.068351522,,,,,
493,群馬県,南牧村,44268,1277,2.068351522,,,,,
494,群馬県,甘楽町,44268,1277,2.068351522,,,,,
495,群馬県,中之条町,44268,1277,2.068351522,,,,,
496,群馬県,長野原町,44268,1277,2.068351522,,,,,
497,群馬県,嬬恋村,44268,1277,2.068351522,,,,,
498,群馬県,草津町,44268,1277,2.068351522,,,,,
499,群馬県,高山村,44268,1277,2.068351522,,,,,
500,群馬県,東吾妻町,44268,1277,2.068351522,,,,,
501,群馬県,片品村,44268,1277,2.068351522,,,,,
502,群馬県,川場村,44268,1277,2.068351522,,,,,
503,群馬県,昭和村,44268,1277,2.068351522,,,,,
504,群馬県,みなかみ町,44268,1277,2.068351522,,,,,
505,群馬県,玉村町,44268,1277,2.068351522,,,,,
506,群馬県,板倉町,44268,1277,2.068351522,,,,,
507,群馬県,明和町,44268,1277,2.068351522,,,,,
508,群馬県,千代田町,44268,1277,2.068351522,,,,,
509,群馬県,大泉町,44268,1277,2.068351522,,,,,
510,群馬県,邑楽町,44268,1277,2.068351522,,,,,
511,埼玉県,さいたま市,62265,96,4.781734635,,,,,
512,埼玉県,川越市,62265,96,4.781734635,,,,,
513,埼玉県,熊谷市,62265,96,4.781734635,,,,,
514,埼玉県,川口市,62265,96,4.781734635,,,,,
515,埼玉県,行田市,62265,96,4.781734635,,,,,
516,埼玉県,秩父市,62265,96,4.781734635,,,,,
517,埼玉県,所沢市,62265,96,4.781734635,,,,,
518,埼玉県,飯能市,62265,96,4.781734635,,,,,
519,埼玉県,加須市,62265,96,4.781734635,,,,,
520,埼玉県,本庄市,62265,96,4.781734635,,,,,
521,埼玉県,東松山市,62265,96,4.781734635,,,,,
522,埼玉県,春日部市,62265,96,4.781734635,,,,,
523,埼玉県,狭山市,62265,96,4.781734635,,,,,
524,埼玉県,羽生市,62265,96,4.781734635,,,,,
525,埼玉県,鴻巣市,62265,96,4.781734635,,,,,
526,埼玉県,深谷市,62265,96,4.781734635,,,,,
527,埼玉県,上尾市,62265,96,4.781734635,,,,,
528,埼玉県,草加市,62265,96,4.781734635,,,,,
529,埼玉県,越谷市,62265,96,4.781734635,,,,,
530,埼玉県,蕨市,62265,96,4.781734635,,,,,
531,埼玉県,戸田市,62265,96,4.781734635,,,,,
532,埼玉県,入間市,62265,96,4.781734635,,,,,
533,埼玉県,朝霞市,62265,96,4.781734635,,,,,
534,埼玉県,志木市,62265,96,4.781734635,,,,,
535,埼玉県,和光市,62265,96,4.781734635,,,,,
536,埼玉県,新座市,62265,96,4.781734635,,,,,
537,埼玉県,桶川市,62265,96,4.781734635,,,,,
538,埼玉県,久喜市,62265,96,4.781734635,,,,,
539,埼玉県,北本市,62265,96,4.781734635,,,,,
540,埼玉県,八潮市,62265,96,4.781734635,,,,,
541,埼玉県,富士見市,62265,96,4.781734635,,,,,
542,埼玉県,三郷市,62265,96,4.781734635,,,,,
543,埼玉県,蓮田市,62265,96,4.781734635,,,,,
544,埼玉県,坂戸市,62265,96,4.781734635,,,,,
545,埼玉県,幸手市,62265,96,4.781734635,,,,,
546,埼玉県,鶴ヶ島市,62265,96,4.781734635,,,,,
547,埼玉県,日高市,62265,96,4.781734635,,,,,
548,埼玉県,吉川市,62265,96,4.781734635,,,,,
549,埼玉県,ふじみ野市,62265,96,4.781734635,,,,,
550,埼玉県,白岡市,62265,96,4.781734635,,,,,
551,埼玉県,伊奈町,62265,96,4.781734635,,,,,
552,埼玉県,三芳町,62265,96,4.781734635,,,,,
553,埼玉県,毛呂山町,62265,96,4.781734635,,,,,
554,埼玉県,越生町,62265,96,4.781734635,,,,,
555,埼玉県,滑川町,62265,96,4.781734635,,,,,
556,埼玉県,嵐山町,62265,96,4.781734635,,,,,
557,埼玉県,小川町,62265,96,4.781734635,,,,,
558,埼玉県,川島町,62265,96,4.781734635,,,,,
559,埼玉県,吉見町,62265,96,4.781734635,,,,,
560,埼玉県,鳩山町,62265,96,4.781734635,,,,,
561,埼玉県,ときがわ町,62265,96,4.781734635,,,,,
562,埼玉県,横瀬町,62265,96,4.781734635,,,,,
563,埼玉県,皆野町,62265,96,4.781734635,,,,,
564,埼玉県,長瀞町,62265,96,4.781734635,,,,,
565,埼玉県,小鹿野町,62265,96,4.781734635,,,,,
566,埼玉県,東秩父村,62265,96,4.781734635,,,,,
567,埼玉県,美里町,62265,96,4.781734635,,,,,
568,埼玉県,神川町,62265,96,4.781734635,,,,,
569,埼玉県,上里町,62265,96,4.781734635,,,,,
570,埼玉県,寄居町,62265,96,4.781734635,,,,,
571,埼玉県,宮代町,62265,96,4.781734635,,,,,
572,埼玉県,杉戸町,62265,96,4.781734635,,,,,
573,埼玉県,松伏町,62265,96,4.781734635,,,,,
574,千葉県,千葉市,61372,159,4.636990235,,,,,
575,千葉県,銚子市,61372,159,4.636990235,,,,,
576,千葉県,市川市,61372,159,4.636990235,,,,,
577,千葉県,船橋市,61372,159,4.636990235,,,,,
578,千葉県,館山市,61372,159,4.636990235,,,,,
579,千葉県,木更津市,61372,159,4.636990235,,,,,
580,千葉県,松戸市,61372,159,4.636990235,,,,,
581,千葉県,野田市,61372,159,4.636990235,,,,,
582,千葉県,茂原市,61372,159,4.636990235,,,,,
583,千葉県,成田市,61372,159,4.636990235,,,,,
584,千葉県,佐倉市,61372,159,4.636990235,,,,,
585,千葉県,東金市,61372,159,4.636990235,,,,,
586,千葉県,旭市,61372,159,4.636990235,,,,,
587,千葉県,習志野市,61372,159,4.636990235,,,,,
588,千葉県,柏市,61372,159,4.636990235,,,,,
589,千葉県,勝浦市,61372,159,4.636990235,,,,,
590,千葉県,市原市,61372,159,4.636990235,,,,,
591,千葉県,流山市,61372,159,4.636990235,,,,,
592,千葉県,八千代市,61372,159,4.636990235,,,,,
593,千葉県,我孫子市,61372,159,4.636990235,,,,,
594,千葉県,鴨川市,61372,159,4.636990235,,,,,
595,千葉県,鎌ケ谷市,61372,159,4.636990235,,,,,
596,千葉県,君津市,61372,159,4.636990235,,,,,
597,千葉県,富津市,61372,159,4.636990235,,,,,
598,千葉県,浦安市,61372,159,4.636990235,,,,,
599,千葉県,四街道市,61372,159,4.636990235,,,,,
600,千葉県,袖ケ浦市,61372,159,4.636990235,,,,,
601,千葉県,八街市,61372,159,4.636990235,,,,,
602,千葉県,印西市,61372,159,4.636990235,,,,,
603,千葉県,白井市,61372,159,4.636990235,,,,,
604,千葉県,富里市,61372,159,4.636990235,,,,,
605,千葉県,南房総市,61372,159,4.636990235,,,,,
606,千葉県,匝瑳市,61372,159,4.636990235,,,,,
607,千葉県,香取市,61372,159,4.636990235,,,,,
608,千葉県,山武市,61372,159,4.636990235,,,,,
609,千葉県,いすみ市,61372,159,4.636990235,,,,,
610,千葉県,大網白里市,61372,159,4.636990235,,,,,
611,千葉県,酒々井町,61372,159,4.636990235,,,,,
612,千葉県,栄町,61372,159,4.636990235,,,,,
613,千葉県,神崎町,61372,159,4.636990235,,,,,
614,千葉県,多古町,61372,159,4.636990235,,,,,
615,千葉県,東庄町,61372,159,4.636990235,,,,,
616,千葉県,九十九里町,61372,159,4.636990235,,,,,
617,千葉県,芝山町,61372,159,4.636990235,,,,,
618,千葉県,横芝光町,61372,159,4.636990235,,,,,
619,千葉県,一宮町,61372,159,4.636990235,,,,,
620,千葉県,睦沢町,61372,159,4.636990235,,,,,
621,千葉県,長生村,61372,159,4.636990235,,,,,
622,千葉県,白子町,61372,159,4.636990235,,,,,
623,千葉県,長柄町,61372,159,4.636990235,,,,,
624,千葉県,長南町,61372,159,4.636990235,,,,,
625,千葉県,大多喜町,61372,159,4.636990235,,,,,
626,千葉県,御宿町,61372,159,4.636990235,,,,,
627,千葉県,鋸南町,61372,159,4.636990235,,,,,
628,東京都,千代田区,87126,1,5,,,,,
629,東京都,中央区,87126,1,5,,,,,
630,東京都,港区,87126,1,5,,,,,
631,東京都,新宿区,87126,1,5,,,,,
632,東京都,文京区,87126,1,5,,,,,
633,東京都,台東区,87126,1,5,,,,,
634,東京都,墨田区,87126,1,5,,,,,
635,東京都,江東区,87126,1,5,,,,,
636,東京都,品川区,87126,1,5,,,,,
637,東京都,目黒区,87126,1,5,,,,,
638,東京都,大田区,87126,1,5,,,,,
639,東京都,世田谷区,87126,1,5,,,,,
640,東京都,渋谷区,87126,1,5,,,,,
641,東京都,中野区,87126,1,5,,,,,
642,東京都,杉並区,87126,1,5,,,,,
643,東京都,豊島区,87126,1,5,,,,,
644,東京都,北区,87126,1,5,,,,,
645,東京都,荒川区,87126,1,5,,,,,
646,東京都,板橋区,87126,1,5,,,,,
647,東京都,練馬区,87126,1,5,,,,,
648,東京都,足立区,87126,1,5,,,,,
649,東京都,葛飾区,87126,1,5,,,,,
650,東京都,江戸川区,87126,1,5,,,,,
651,東京都,八王子市,87126,1,5,,,,,
652,東京都,立川市,87126,1,5,,,,,
653,東京都,武蔵野市,87126,1,5,,,,,
654,東京都,三鷹市,87126,1,5,,,,,
655,東京都,青梅市,87126,1,5,,,,,
656,東京都,府中市,87126,1,5,,,,,
657,東京都,昭島市,87126,1,5,,,,,
658,東京都,調布市,87126,1,5,,,,,
659,東京都,町田市,87126,1,5,,,,,
660,東京都,小金井市,87126,1,5,,,,,
661,東京都,小平市,87126,1,5,,,,,
662,東京都,日野市,87126,1,5,,,,,
663,東京都,東村山市,87126,1,5,,,,,
664,東京都,国分寺市,87126,1,5,,,,,
665,東京都,国立市,87126,1,5,,,,,
666,東京都,福生市,87126,1,5,,,,,
667,東京都,狛江市,87126,1,5,,,,,
668,東京都,東大和市,87126,1,5,,,,,
669,東京都,清瀬市,87126,1,5,,,,,
670,東京都,東久留米市,87126,1,5,,,,,
671,東京都,武蔵村山市,87126,1,5,,,,,
672,東京都,多摩市,87126,1,5,,,,,
673,東京都,稲城市,87126,1,5,,,,,
674,東京都,羽村市,87126,1,5,,,,,
675,東京都,あきる野市,87126,1,5,,,,,
676,東京都,西東京市,87126,1,5,,,,,
677,東京都,瑞穂町,87126,1,5,,,,,
678,東京都,日の出町,87126,1,5,,,,,
679,東京都,檜原村,87126,1,5,,,,,
680,東京都,奥多摩町,87126,1,5,,,,,
681,東京都,大島町,87126,1,5,,,,,
682,東京都,利島村,87126,1,5,,,,,
683,東京都,新島村,87126,1,5,,,,,
684,東京都,神津島村,87126,1,5,,,,,
685,東京都,三宅村,87126,1,5,,,,,
686,東京都,御蔵島村,87126,1,5,,,,,
687,東京都,八丈町,87126,1,5,,,,,
688,東京都,青ヶ島村,87126,1,5,,,,,
689,東京都,小笠原村,87126,1,5,,,,,
690,神奈川県,横浜市,70922,63,4.85755313,,,,,
691,神奈川県,川崎市,70922,63,4.85755313,,,,,
692,神奈川県,相模原市,70922,63,4.85755313,,,,,
693,神奈川県,横須賀市,70922,63,4.85755313,,,,,
694,神奈川県,平塚市,70922,63,4.85755313,,,,,
695,神奈川県,鎌倉市,70922,63,4.85755313,,,,,
696,神奈川県,藤沢市,70922,63,4.85755313,,,,,
697,神奈川県,小田原市,70922,63,4.85755313,,,,,
698,神奈川県,茅ヶ崎市,70922,63,4.85755313,,,,,
699,神奈川県,逗子市,70922,63,4.85755313,,,,,
700,神奈川県,三浦市,70922,63,4.85755313,,,,,
701,神奈川県,秦野市,70922,63,4.85755313,,,,,
702,神奈川県,厚木市,70922,63,4.85755313,,,,,
703,神奈川県,大和市,70922,63,4.85755313,,,,,
704,神奈川県,伊勢原市,70922,63,4.85755313,,,,,
705,神奈川県,海老名市,70922,63,4.85755313,,,,,
706,神奈川県,座間市,70922,63,4.85755313,,,,,
707,神奈川県,南足柄市,70922,63,4.85755313,,,,,
708,神奈川県,綾瀬市,70922,63,4.85755313,,,,,
709,神奈川県,葉山町,70922,63,4.85755313,,,,,
710,神奈川県,寒川町,70922,63,4.85755313,,,,,
711,神奈川県,大磯町,70922,63,4.85755313,,,,,
712,神奈川県,二宮町,70922,63,4.85755313,,,,,
713,神奈川県,中井町,70922,63,4.85755313,,,,,
714,神奈川県,大井町,70922,63,4.85755313,,,,,
715,神奈川県,松田町,70922,63,4.85755313,,,,,
716,神奈川県,山北町,70922,63,4.85755313,,,,,
717,神奈川県,開成町,70922,63,4.85755313,,,,,
718,神奈川県,箱根町,70922,63,4.85755313,,,,,
719,神奈川県,真鶴町,70922,63,4.85755313,,,,,
720,神奈川県,湯河原町,70922,63,4.85755313,,,,,
721,神奈川県,愛川町,70922,63,4.85755313,,,,,
722,神奈川県,清川村,70922,63,4.85755313,,,,,
723,新潟県,新潟市,46491,754,3.269959793,,,,,
724,新潟県,長岡市,46491,754,3.269959793,,,,,
725,新潟県,三条市,46491,754,3.269959793,,,,,
726,新潟県,柏崎市,46491,754,3.269959793,,,,,
727,新潟県,新発田市,46491,754,3.269959793,,,,,
728,新潟県,小千谷市,46491,754,3.269959793,,,,,
729,新潟県,加茂市,46491,754,3.269959793,,,,,
730,新潟県,十日町市,46491,754,3.269959793,,,,,
731,新潟県,見附市,46491,754,3.269959793,,,,,
732,新潟県,村上市,46491,754,3.269959793,,,,,
733,新潟県,燕市,46491,754,3.269959793,,,,,
734,新潟県,糸魚川市,46491,754,3.269959793,,,,,
735,新潟県,妙高市,46491,754,3.269959793,,,,,
736,新潟県,五泉市,46491,754,3.269959793,,,,,
737,新潟県,上越市,46491,754,3.269959793,,,,,
738,新潟県,阿賀野市,46491,754,3.269959793,,,,,
739,新潟県,佐渡市,46491,754,3.269959793,,,,,
740,新潟県,魚沼市,46491,754,3.269959793,,,,,
741,新潟県,南魚沼市,46491,754,3.269959793,,,,,
742,新潟県,胎内市,46491,754,3.269959793,,,,,
743,新潟県,聖籠町,46491,754,3.269959793,,,,,
744,新潟県,弥彦村,46491,754,3.269959793,,,,,
745,新潟県,田上町,46491,754,3.269959793,,,,,
746,新潟県,阿賀町,46491,754,3.269959793,,,,,
747,新潟県,出雲崎町,46491,754,3.269959793,,,,,
748,新潟県,湯沢町,46491,754,3.269959793,,,,,
749,新潟県,津南町,46491,754,3.269959793,,,,,
750,新潟県,刈羽村,46491,754,3.269959793,,,,,
751,新潟県,関川村,46491,754,3.269959793,,,,,
752,新潟県,粟島浦村,46491,754,3.269959793,,,,,
753,富山県,富山市,45497,939,2.844916715,,,,,
754,富山県,高岡市,45497,939,2.844916715,,,,,
755,富山県,魚津市,45497,939,2.844916715,,,,,
756,富山県,氷見市,45497,939,2.844916715,,,,,
757,富山県,滑川市,45497,939,2.844916715,,,,,
758,富山県,黒部市,45497,939,2.844916715,,,,,
759,富山県,砺波市,45497,939,2.844916715,,,,,
760,富山県,小矢部市,45497,939,2.844916715,,,,,
761,富山県,南砺市,45497,939,2.844916715,,,,,
762,富山県,射水市,45497,939,2.844916715,,,,,
763,富山県,舟橋村,45497,939,2.844916715,,,,,
764,富山県,上市町,45497,939,2.844916715,,,,,
765,富山県,立山町,45497,939,2.844916715,,,,,
766,富山県,入善町,45497,939,2.844916715,,,,,
767,富山県,朝日町,45497,939,2.844916715,,,,,
768,石川県,金沢市,46319,784,3.201033889,,,,,
769,石川県,七尾市,46319,784,3.201033889,,,,,
770,石川県,小松市,46319,784,3.201033889,,,,,
771,石川県,輪島市,46319,784,3.201033889,,,,,
772,石川県,珠洲市,46319,784,3.201033889,,,,,
773,石川県,加賀市,46319,784,3.201033889,,,,,
774,石川県,羽咋市,46319,784,3.201033889,,,,,
775,石川県,かほく市,46319,784,3.201033889,,,,,
776,石川県,白山市,46319,784,3.201033889,,,,,
777,石川県,能美市,46319,784,3.201033889,,,,,
778,石川県,野々市市,46319,784,3.201033889,,,,,
779,石川県,川北町,46319,784,3.201033889,,,,,
780,石川県,津幡町,46319,784,3.201033889,,,,,
781,石川県,内灘町,46319,784,3.201033889,,,,,
782,石川県,志賀町,46319,784,3.201033889,,,,,
783,石川県,宝達志水町,46319,784,3.201033889,,,,,
784,石川県,中能登町,46319,784,3.201033889,,,,,
785,石川県,穴水町,46319,784,3.201033889,,,,,
786,石川県,能登町,46319,784,3.201033889,,,,,
787,福井県,福井市,45991,880,2.980470994,,,,,
788,福井県,敦賀市,45991,880,2.980470994,,,,,
789,福井県,小浜市,45991,880,2.980470994,,,,,
790,福井県,大野市,45991,880,2.980470994,,,,,
791,福井県,勝山市,45991,880,2.980470994,,,,,
792,福井県,鯖江市,45991,880,2.980470994,,,,,
793,福井県,あわら市,45991,880,2.980470994,,,,,
794,福井県,越前市,45991,880,2.980470994,,,,,
795,福井県,坂井市,45991,880,2.980470994,,,,,
796,福井県,永平寺町,45991,880,2.980470994,,,,,
797,福井県,池田町,45991,880,2.980470994,,,,,
798,福井県,南越前町,45991,880,2.980470994,,,,,
799,福井県,越前町,45991,880,2.980470994,,,,,
800,福井県,美浜町,45991,880,2.980470994,,,,,
801,福井県,高浜町,45991,880,2.980470994,,,,,
802,福井県,おおい町,45991,880,2.980470994,,,,,
803,福井県,若狭町,45991,880,2.980470994,,,,,
804,山梨県,甲府市,45302,954,2.810453762,,,,,
805,山梨県,富士吉田市,45302,954,2.810453762,,,,,
806,山梨県,都留市,45302,954,2.810453762,,,,,
807,山梨県,山梨市,45302,954,2.810453762,,,,,
808,山梨県,大月市,45302,954,2.810453762,,,,,
809,山梨県,韮崎市,45302,954,2.810453762,,,,,
810,山梨県,南アルプス市,45302,954,2.810453762,,,,,
811,山梨県,北杜市,45302,954,2.810453762,,,,,
812,山梨県,甲斐市,45302,954,2.810453762,,,,,
813,山梨県,笛吹市,45302,954,2.810453762,,,,,
814,山梨県,上野原市,45302,954,2.810453762,,,,,
815,山梨県,甲州市,45302,954,2.810453762,,,,,
816,山梨県,中央市,45302,954,2.810453762,,,,,
817,山梨県,市川三郷町,45302,954,2.810453762,,,,,
818,山梨県,早川町,45302,954,2.810453762,,,,,
819,山梨県,身延町,45302,954,2.810453762,,,,,
820,山梨県,南部町,45302,954,2.810453762,,,,,
821,山梨県,富士川町,45302,954,2.810453762,,,,,
822,山梨県,昭和町,45302,954,2.810453762,,,,,
823,山梨県,道志村,45302,954,2.810453762,,,,,
824,山梨県,西桂町,45302,954,2.810453762,,,,,
825,山梨県,忍野村,45302,954,2.810453762,,,,,
826,山梨県,山中湖村,45302,954,2.810453762,,,,,
827,山梨県,鳴沢村,45302,954,2.810453762,,,,,
828,山梨県,富士河口湖町,45302,954,2.810453762,,,,,
829,山梨県,小菅村,45302,954,2.810453762,,,,,
830,山梨県,丹波山村,45302,954,2.810453762,,,,,
831,長野県,長野市,46023,803,3.157380816,,,,,
832,長野県,松本市,46023,803,3.157380816,,,,,
833,長野県,上田市,46023,803,3.157380816,,,,,
834,長野県,岡谷市,46023,803,3.157380816,,,,,
835,長野県,飯田市,46023,803,3.157380816,,,,,
836,長野県,諏訪市,46023,803,3.157380816,,,,,
837,長野県,須坂市,46023,803,3.157380816,,,,,
838,長野県,小諸市,46023,803,3.157380816,,,,,
839,長野県,伊那市,46023,803,3.157380816,,,,,
840,長野県,駒ヶ根市,46023,803,3.157380816,,,,,
841,長野県,中野市,46023,803,3.157380816,,,,,
842,長野県,大町市,46023,803,3.157380816,,,,,
843,長野県,飯山市,46023,803,3.157380816,,,,,
844,長野県,茅野市,46023,803,3.157380816,,,,,
845,長野県,塩尻市,46023,803,3.157380816,,,,,
846,長野県,佐久市,46023,803,3.157380816,,,,,
847,長野県,千曲市,46023,803,3.157380816,,,,,
848,長野県,東御市,46023,803,3.157380816,,,,,
849,長野県,安曇野市,46023,803,3.157380816,,,,,
850,長野県,小海町,46023,803,3.157380816,,,,,
851,長野県,川上村,46023,803,3.157380816,,,,,
852,長野県,南牧村,46023,803,3.157380816,,,,,
853,長野県,南相木村,46023,803,3.157380816,,,,,
854,長野県,北相木村,46023,803,3.157380816,,,,,
855,長野県,佐久穂町,46023,803,3.157380816,,,,,
856,長野県,軽井沢町,46023,803,3.157380816,,,,,
857,長野県,御代田町,46023,803,3.157380816,,,,,
858,長野県,立科町,46023,803,3.157380816,,,,,
859,長野県,青木村,46023,803,3.157380816,,,,,
860,長野県,長和町,46023,803,3.157380816,,,,,
861,長野県,下諏訪町,46023,803,3.157380816,,,,,
862,長野県,富士見町,46023,803,3.157380816,,,,,
863,長野県,原村,46023,803,3.157380816,,,,,
864,長野県,辰野町,46023,803,3.157380816,,,,,
865,長野県,箕輪町,46023,803,3.157380816,,,,,
866,長野県,飯島町,46023,803,3.157380816,,,,,
867,長野県,南箕輪村,46023,803,3.157380816,,,,,
868,長野県,中川村,46023,803,3.157380816,,,,,
869,長野県,宮田村,46023,803,3.157380816,,,,,
870,長野県,松川町,46023,803,3.157380816,,,,,
871,長野県,高森町,46023,803,3.157380816,,,,,
872,長野県,阿南町,46023,803,3.157380816,,,,,
873,長野県,阿智村,46023,803,3.157380816,,,,,
874,長野県,平谷村,46023,803,3.157380816,,,,,
875,長野県,根羽村,46023,803,3.157380816,,,,,
876,長野県,下條村,46023,803,3.157380816,,,,,
877,長野県,売木村,46023,803,3.157380816,,,,,
878,長野県,天龍村,46023,803,3.157380816,,,,,
879,長野県,泰阜村,46023,803,3.157380816,,,,,
880,長野県,喬木村,46023,803,3.157380816,,,,,
881,長野県,豊丘村,46023,803,3.157380816,,,,,
882,長野県,大鹿村,46023,803,3.157380816,,,,,
883,長野県,上松町,46023,803,3.157380816,,,,,
884,長野県,南木曽町,46023,803,3.157380816,,,,,
885,長野県,木祖村,46023,803,3.157380816,,,,,
886,長野県,王滝村,46023,803,3.157380816,,,,,
887,長野県,大桑村,46023,803,3.157380816,,,,,
888,長野県,木曽町,46023,803,3.157380816,,,,,
889,長野県,麻績村,46023,803,3.157380816,,,,,
890,長野県,生坂村,46023,803,3.157380816,,,,,
891,長野県,山形村,46023,803,3.157380816,,,,,
892,長野県,朝日村,46023,803,3.157380816,,,,,
893,長野県,筑北村,46023,803,3.157380816,,,,,
894,長野県,池田町,46023,803,3.157380816,,,,,
895,長野県,松川村,46023,803,3.157380816,,,,,
896,長野県,白馬村,46023,803,3.157380816,,,,,
897,長野県,小谷村,46023,803,3.157380816,,,,,
898,長野県,坂城町,46023,803,3.157380816,,,,,
899,長野県,小布施町,46023,803,3.157380816,,,,,
900,長野県,高山村,46023,803,3.157380816,,,,,
901,長野県,山ノ内町,46023,803,3.157380816,,,,,
902,長野県,木島平村,46023,803,3.157380816,,,,,
903,長野県,野沢温泉村,46023,803,3.157380816,,,,,
904,長野県,信濃町,46023,803,3.157380816,,,,,
905,長野県,小川村,46023,803,3.157380816,,,,,
906,長野県,飯綱町,46023,803,3.157380816,,,,,
907,長野県,栄村,46023,803,3.157380816,,,,,
908,岐阜県,岐阜市,45656,897,2.941412981,,,,,
909,岐阜県,大垣市,45656,897,2.941412981,,,,,
910,岐阜県,高山市,45656,897,2.941412981,,,,,
911,岐阜県,多治見市,45656,897,2.941412981,,,,,
912,岐阜県,関市,45656,897,2.941412981,,,,,
913,岐阜県,中津川市,45656,897,2.941412981,,,,,
914,岐阜県,美濃市,45656,897,2.941412981,,,,,
915,岐阜県,瑞浪市,45656,897,2.941412981,,,,,
916,岐阜県,羽島市,45656,897,2.941412981,,,,,
917,岐阜県,恵那市,45656,897,2.941412981,,,,,
918,岐阜県,美濃加茂市,45656,897,2.941412981,,,,,
919,岐阜県,土岐市,45656,897,2.941412981,,,,,
920,岐阜県,各務原市,45656,897,2.941412981,,,,,
921,岐阜県,可児市,45656,897,2.941412981,,,,,
922,岐阜県,山県市,45656,897,2.941412981,,,,,
923,岐阜県,瑞穂市,45656,897,2.941412981,,,,,
924,岐阜県,飛騨市,45656,897,2.941412981,,,,,
925,岐阜県,本巣市,45656,897,2.941412981,,,,,
926,岐阜県,郡上市,45656,897,2.941412981,,,,,
927,岐阜県,下呂市,45656,897,2.941412981,,,,,
928,岐阜県,海津市,45656,897,2.941412981,,,,,
929,岐阜県,岐南町,45656,897,2.941412981,,,,,
930,岐阜県,笠松町,45656,897,2.941412981,,,,,
931,岐阜県,養老町,45656,897,2.941412981,,,,,
932,岐阜県,垂井町,45656,897,2.941412981,,,,,
933,岐阜県,関ケ原町,45656,897,2.941412981,,,,,
934,岐阜県,神戸町,45656,897,2.941412981,,,,,
935,岐阜県,輪之内町,45656,897,2.941412981,,,,,
936,岐阜県,安八町,45656,897,2.941412981,,,,,
937,岐阜県,揖斐川町,45656,897,2.941412981,,,,,
938,岐阜県,大野町,45656,897,2.941412981,,,,,
939,岐阜県,池田町,45656,897,2.941412981,,,,,
940,岐阜県,北方町,45656,897,2.941412981,,,,,
941,岐阜県,坂祝町,45656,897,2.941412981,,,,,
942,岐阜県,富加町,45656,897,2.941412981,,,,,
943,岐阜県,川辺町,45656,897,2.941412981,,,,,
944,岐阜県,七宗町,45656,897,2.941412981,,,,,
945,岐阜県,八百津町,45656,897,2.941412981,,,,,
946,岐阜県,白川町,45656,897,2.941412981,,,,,
947,岐阜県,東白川村,45656,897,2.941412981,,,,,
948,岐阜県,御嵩町,45656,897,2.941412981,,,,,
949,岐阜県,白川村,45656,897,2.941412981,,,,,
950,静岡県,静岡市,51508,439,3.993681792,,,,,
951,静岡県,浜松市,51508,439,3.993681792,,,,,
952,静岡県,沼津市,51508,439,3.993681792,,,,,
953,静岡県,熱海市,51508,439,3.993681792,,,,,
954,静岡県,三島市,51508,439,3.993681792,,,,,
955,静岡県,富士宮市,51508,439,3.993681792,,,,,
956,静岡県,伊東市,51508,439,3.993681792,,,,,
957,静岡県,島田市,51508,439,3.993681792,,,,,s
958,静岡県,富士市,51508,439,3.993681792,,,,,
959,静岡県,磐田市,51508,439,3.993681792,,,,,
960,静岡県,焼津市,51508,439,3.993681792,,,,,
961,静岡県,掛川市,51508,439,3.993681792,,,,,
962,静岡県,藤枝市,51508,439,3.993681792,,,,,
963,静岡県,御殿場市,51508,439,3.993681792,,,,,
964,静岡県,袋井市,51508,439,3.993681792,,,,,
965,静岡県,下田市,51508,439,3.993681792,,,,,
966,静岡県,裾野市,51508,439,3.993681792,,,,,
967,静岡県,湖西市,51508,439,3.993681792,,,,,
968,静岡県,伊豆市,51508,439,3.993681792,,,,,
969,静岡県,御前崎市,51508,439,3.993681792,,,,,
970,静岡県,菊川市,51508,439,3.993681792,,,,,
971,静岡県,伊豆の国市,51508,439,3.993681792,,,,,
972,静岡県,牧之原市,51508,439,3.993681792,,,,,
973,静岡県,東伊豆町,51508,439,3.993681792,,,,,
974,静岡県,河津町,51508,439,3.993681792,,,,,
975,静岡県,南伊豆町,51508,439,3.993681792,,,,,
976,静岡県,松崎町,51508,439,3.993681792,,,,,
977,静岡県,西伊豆町,51508,439,3.993681792,,,,,
978,静岡県,函南町,51508,439,3.993681792,,,,,
979,静岡県,清水町,51508,439,3.993681792,,,,,
980,静岡県,長泉町,51508,439,3.993681792,,,,,
981,静岡県,小山町,51508,439,3.993681792,,,,,
982,静岡県,吉田町,51508,439,3.993681792,,,,,
983,静岡県,川根本町,51508,439,3.993681792,,,,,
984,静岡県,森町,51508,439,3.993681792,,,,,
985,愛知県,名古屋市,55223,323,4.26019529,,,,,
986,愛知県,豊橋市,55223,323,4.26019529,,,,,
987,愛知県,岡崎市,55223,323,4.26019529,,,,,
988,愛知県,一宮市,55223,323,4.26019529,,,,,
989,愛知県,瀬戸市,55223,323,4.26019529,,,,,
990,愛知県,半田市,55223,323,4.26019529,,,,,
991,愛知県,春日井市,55223,323,4.26019529,,,,,
992,愛知県,豊川市,55223,323,4.26019529,,,,,
993,愛知県,津島市,55223,323,4.26019529,,,,,
994,愛知県,碧南市,55223,323,4.26019529,,,,,
995,愛知県,刈谷市,55223,323,4.26019529,,,,,
996,愛知県,豊田市,55223,323,4.26019529,,,,,
997,愛知県,安城市,55223,323,4.26019529,,,,,
998,愛知県,西尾市,55223,323,4.26019529,,,,,
999,愛知県,蒲郡市,55223,323,4.26019529,,,,,
1000,愛知県,犬山市,55223,323,4.26019529,,,,,
1001,愛知県,常滑市,55223,323,4.26019529,,,,,
1002,愛知県,江南市,55223,323,4.26019529,,,,,
1003,愛知県,小牧市,55223,323,4.26019529,,,,,
1004,愛知県,稲沢市,55223,323,4.26019529,,,,,
1005,愛知県,新城市,55223,323,4.26019529,,,,,
1006,愛知県,東海市,55223,323,4.26019529,,,,,
1007,愛知県,大府市,55223,323,4.26019529,,,,,
1008,愛知県,知多市,55223,323,4.26019529,,,,,
1009,愛知県,知立市,55223,323,4.26019529,,,,,
1010,愛知県,尾張旭市,55223,323,4.26019529,,,,,
1011,愛知県,高浜市,55223,323,4.26019529,,,,,
1012,愛知県,岩倉市,55223,323,4.26019529,,,,,
1013,愛知県,豊明市,55223,323,4.26019529,,,,,
1014,愛知県,日進市,55223,323,4.26019529,,,,,
1015,愛知県,田原市,55223,323,4.26019529,,,,,
1016,愛知県,愛西市,55223,323,4.26019529,,,,,
1017,愛知県,清須市,55223,323,4.26019529,,,,,
1018,愛知県,北名古屋市,55223,323,4.26019529,,,,,
1019,愛知県,弥富市,55223,323,4.26019529,,,,,
1020,愛知県,みよし市,55223,323,4.26019529,,,,,
1021,愛知県,あま市,55223,323,4.26019529,,,,,
1022,愛知県,長久手市,55223,323,4.26019529,,,,,
1023,愛知県,東郷町,55223,323,4.26019529,,,,,
1024,愛知県,豊山町,55223,323,4.26019529,,,,,
1025,愛知県,大口町,55223,323,4.26019529,,,,,
1026,愛知県,扶桑町,55223,323,4.26019529,,,,,
1027,愛知県,大治町,55223,323,4.26019529,,,,,
1028,愛知県,蟹江町,55223,323,4.26019529,,,,,
1029,愛知県,飛島村,55223,323,4.26019529,,,,,
1030,愛知県,阿久比町,55223,323,4.26019529,,,,,
1031,愛知県,東浦町,55223,323,4.26019529,,,,,
1032,愛知県,南知多町,55223,323,4.26019529,,,,,
1033,愛知県,美浜町,55223,323,4.26019529,,,,,
1034,愛知県,武豊町,55223,323,4.26019529,,,,,
1035,愛知県,幸田町,55223,323,4.26019529,,,,,
1036,愛知県,設楽町,55223,323,4.26019529,,,,,
1037,愛知県,東栄町,55223,323,4.26019529,,,,,
1038,愛知県,豊根村,55223,323,4.26019529,,,,,
1039,三重県,津市,47124,700,3.394026422,,,,,
1040,三重県,四日市市,47124,700,3.394026422,,,,,
1041,三重県,伊勢市,47124,700,3.394026422,,,,,
1042,三重県,松阪市,47124,700,3.394026422,,,,,
1043,三重県,桑名市,47124,700,3.394026422,,,,,
1044,三重県,鈴鹿市,47124,700,3.394026422,,,,,
1045,三重県,名張市,47124,700,3.394026422,,,,,
1046,三重県,尾鷲市,47124,700,3.394026422,,,,,
1047,三重県,亀山市,47124,700,3.394026422,,,,,
1048,三重県,鳥羽市,47124,700,3.394026422,,,,,
1049,三重県,熊野市,47124,700,3.394026422,,,,,
1050,三重県,いなべ市,47124,700,3.394026422,,,,,
1051,三重県,志摩市,47124,700,3.394026422,,,,,
1052,三重県,伊賀市,47124,700,3.394026422,,,,,
1053,三重県,木曽岬町,47124,700,3.394026422,,,,,
1054,三重県,東員町,47124,700,3.394026422,,,,,
1055,三重県,菰野町,47124,700,3.394026422,,,,,
1056,三重県,朝日町,47124,700,3.394026422,,,,,
1057,三重県,川越町,47124,700,3.394026422,,,,,
1058,三重県,多気町,47124,700,3.394026422,,,,,
1059,三重県,明和町,47124,700,3.394026422,,,,,
1060,三重県,大台町,47124,700,3.394026422,,,,,
1061,三重県,玉城町,47124,700,3.394026422,,,,,
1062,三重県,度会町,47124,700,3.394026422,,,,,
1063,三重県,大紀町,47124,700,3.394026422,,,,,
1064,三重県,南伊勢町,47124,700,3.394026422,,,,,
1065,三重県,紀北町,47124,700,3.394026422,,,,,
1066,三重県,御浜町,47124,700,3.394026422,,,,,
1067,三重県,紀宝町,47124,700,3.394026422,,,,,
1068,滋賀県,大津市,50682,569,3.695002872,,,,,
1069,滋賀県,彦根市,50682,569,3.695002872,,,,,
1070,滋賀県,長浜市,50682,569,3.695002872,,,,,
1071,滋賀県,近江八幡市,50682,569,3.695002872,,,,,
1072,滋賀県,草津市,50682,569,3.695002872,,,,,
1073,滋賀県,守山市,50682,569,3.695002872,,,,,
1074,滋賀県,栗東市,50682,569,3.695002872,,,,,
1075,滋賀県,甲賀市,50682,569,3.695002872,,,,,
1076,滋賀県,野洲市,50682,569,3.695002872,,,,,
1077,滋賀県,湖南市,50682,569,3.695002872,,,,,
1078,滋賀県,高島市,50682,569,3.695002872,,,,,
1079,滋賀県,東近江市,50682,569,3.695002872,,,,,
1080,滋賀県,米原市,50682,569,3.695002872,,,,,
1081,滋賀県,日野町,50682,569,3.695002872,,,,,
1082,滋賀県,竜王町,50682,569,3.695002872,,,,,
1083,滋賀県,愛荘町,50682,569,3.695002872,,,,,
1084,滋賀県,豊郷町,50682,569,3.695002872,,,,,
1085,滋賀県,甲良町,50682,569,3.695002872,,,,,
1086,滋賀県,多賀町,50682,569,3.695002872,,,,,
1087,京都府,京都市,57170,297,4.319931074,,,,,
1088,京都府,福知山市,57170,297,4.319931074,,,,,
1089,京都府,舞鶴市,57170,297,4.319931074,,,,,
1090,京都府,綾部市,57170,297,4.319931074,,,,,
1091,京都府,宇治市,57170,297,4.319931074,,,,,
1092,京都府,宮津市,57170,297,4.319931074,,,,,
1093,京都府,亀岡市,57170,297,4.319931074,,,,,
1094,京都府,城陽市,57170,297,4.319931074,,,,,
1095,京都府,向日市,57170,297,4.319931074,,,,,
1096,京都府,長岡京市,57170,297,4.319931074,,,,,
1097,京都府,八幡市,57170,297,4.319931074,,,,,
1098,京都府,京田辺市,57170,297,4.319931074,,,,,
1099,京都府,京丹後市,57170,297,4.319931074,,,,,
1100,京都府,南丹市,57170,297,4.319931074,,,,,
1101,京都府,木津川市,57170,297,4.319931074,,,,,
1102,京都府,大山崎町,57170,297,4.319931074,,,,,
1103,京都府,久御山町,57170,297,4.319931074,,,,,
1104,京都府,井手町,57170,297,4.319931074,,,,,
1105,京都府,宇治田原町,57170,297,4.319931074,,,,,
1106,京都府,笠置町,57170,297,4.319931074,,,,,
1107,京都府,和束町,57170,297,4.319931074,,,,,
1108,京都府,精華町,57170,297,4.319931074,,,,,
1109,京都府,南山城村,57170,297,4.319931074,,,,,
1110,京都府,京丹波町,57170,297,4.319931074,,,,,
1111,京都府,伊根町,57170,297,4.319931074,,,,,
1112,京都府,与謝野町,57170,297,4.319931074,,,,,
1113,大阪府,大阪市,59227,213,4.512923607,,,,,
1114,大阪府,堺市,59227,213,4.512923607,,,,,
1115,大阪府,岸和田市,59227,213,4.512923607,,,,,
1116,大阪府,豊中市,59227,213,4.512923607,,,,,
1117,大阪府,池田市,59227,213,4.512923607,,,,,
1118,大阪府,吹田市,59227,213,4.512923607,,,,,
1119,大阪府,泉大津市,59227,213,4.512923607,,,,,
1120,大阪府,高槻市,59227,213,4.512923607,,,,,
1121,大阪府,貝塚市,59227,213,4.512923607,,,,,
1122,大阪府,守口市,59227,213,4.512923607,,,,,
1123,大阪府,枚方市,59227,213,4.512923607,,,,,
1124,大阪府,茨木市,59227,213,4.512923607,,,,,
1125,大阪府,八尾市,59227,213,4.512923607,,,,,
1126,大阪府,泉佐野市,59227,213,4.512923607,,,,,
1127,大阪府,富田林市,59227,213,4.512923607,,,,,
1128,大阪府,寝屋川市,59227,213,4.512923607,,,,,
1129,大阪府,河内長野市,59227,213,4.512923607,,,,,
1130,大阪府,松原市,59227,213,4.512923607,,,,,
1131,大阪府,大東市,59227,213,4.512923607,,,,,
1132,大阪府,和泉市,59227,213,4.512923607,,,,,
1133,大阪府,箕面市,59227,213,4.512923607,,,,,
1134,大阪府,柏原市,59227,213,4.512923607,,,,,
1135,大阪府,羽曳野市,59227,213,4.512923607,,,,,
1136,大阪府,門真市,59227,213,4.512923607,,,,,
1137,大阪府,摂津市,59227,213,4.512923607,,,,,
1138,大阪府,高石市,59227,213,4.512923607,,,,,
1139,大阪府,藤井寺市,59227,213,4.512923607,,,,,
1140,大阪府,東大阪市,59227,213,4.512923607,,,,,
1141,大阪府,泉南市,59227,213,4.512923607,,,,,
1142,大阪府,四條畷市,59227,213,4.512923607,,,,,
1143,大阪府,交野市,59227,213,4.512923607,,,,,
1144,大阪府,大阪狭山市,59227,213,4.512923607,,,,,
1145,大阪府,阪南市,59227,213,4.512923607,,,,,
1146,大阪府,島本町,59227,213,4.512923607,,,,,
1147,大阪府,豊能町,59227,213,4.512923607,,,,,
1148,大阪府,能勢町,59227,213,4.512923607,,,,,
1149,大阪府,忠岡町,59227,213,4.512923607,,,,,
1150,大阪府,熊取町,59227,213,4.512923607,,,,,
1151,大阪府,田尻町,59227,213,4.512923607,,,,,
1152,大阪府,岬町,59227,213,4.512923607,,,,,
1153,大阪府,太子町,59227,213,4.512923607,,,,,
1154,大阪府,河南町,59227,213,4.512923607,,,,,
1155,大阪府,千早赤阪村,59227,213,4.512923607,,,,,
1156,兵庫県,神戸市,57845,256,4.41412981,,,,,
1157,兵庫県,姫路市,57845,256,4.41412981,,,,,
1158,兵庫県,尼崎市,57845,256,4.41412981,,,,,
1159,兵庫県,明石市,57845,256,4.41412981,,,,,
1160,兵庫県,西宮市,57845,256,4.41412981,,,,,
1161,兵庫県,洲本市,57845,256,4.41412981,,,,,
1162,兵庫県,芦屋市,57845,256,4.41412981,,,,,
1163,兵庫県,伊丹市,57845,256,4.41412981,,,,,
1164,兵庫県,相生市,57845,256,4.41412981,,,,,
1165,兵庫県,豊岡市,57845,256,4.41412981,,,,,
1166,兵庫県,加古川市,57845,256,4.41412981,,,,,
1167,兵庫県,赤穂市,57845,256,4.41412981,,,,,
1168,兵庫県,西脇市,57845,256,4.41412981,,,,,
1169,兵庫県,宝塚市,57845,256,4.41412981,,,,,
1170,兵庫県,三木市,57845,256,4.41412981,,,,,
1171,兵庫県,高砂市,57845,256,4.41412981,,,,,
1172,兵庫県,川西市,57845,256,4.41412981,,,,,
1173,兵庫県,小野市,57845,256,4.41412981,,,,,
1174,兵庫県,三田市,57845,256,4.41412981,,,,,
1175,兵庫県,加西市,57845,256,4.41412981,,,,,
1176,兵庫県,丹波篠山市,57845,256,4.41412981,,,,,
1177,兵庫県,養父市,57845,256,4.41412981,,,,,
1178,兵庫県,丹波市,57845,256,4.41412981,,,,,
1179,兵庫県,南あわじ市,57845,256,4.41412981,,,,,
1180,兵庫県,朝来市,57845,256,4.41412981,,,,,
1181,兵庫県,淡路市,57845,256,4.41412981,,,,,
1182,兵庫県,宍粟市,57845,256,4.41412981,,,,,
1183,兵庫県,加東市,57845,256,4.41412981,,,,,
1184,兵庫県,たつの市,57845,256,4.41412981,,,,,
1185,兵庫県,猪名川町,57845,256,4.41412981,,,,,
1186,兵庫県,多可町,57845,256,4.41412981,,,,,
1187,兵庫県,稲美町,57845,256,4.41412981,,,,,
1188,兵庫県,播磨町,57845,256,4.41412981,,,,,
1189,兵庫県,市川町,57845,256,4.41412981,,,,,
1190,兵庫県,福崎町,57845,256,4.41412981,,,,,
1191,兵庫県,神河町,57845,256,4.41412981,,,,,
1192,兵庫県,太子町,57845,256,4.41412981,,,,,
1193,兵庫県,上郡町,57845,256,4.41412981,,,,,
1194,兵庫県,佐用町,57845,256,4.41412981,,,,,
1195,兵庫県,香美町,57845,256,4.41412981,,,,,
1196,兵庫県,新温泉町,57845,256,4.41412981,,,,,
1197,奈良県,奈良市,51999,377,4.136128662,,,,,
1198,奈良県,大和高田市,51999,377,4.136128662,,,,,
1199,奈良県,大和郡山市,51999,377,4.136128662,,,,,
1200,奈良県,天理市,51999,377,4.136128662,,,,,
1201,奈良県,橿原市,51999,377,4.136128662,,,,,
1202,奈良県,桜井市,51999,377,4.136128662,,,,,
1203,奈良県,五條市,51999,377,4.136128662,,,,,
1204,奈良県,御所市,51999,377,4.136128662,,,,,
1205,奈良県,生駒市,51999,377,4.136128662,,,,,
1206,奈良県,香芝市,51999,377,4.136128662,,,,,
1207,奈良県,葛城市,51999,377,4.136128662,,,,,
1208,奈良県,宇陀市,51999,377,4.136128662,,,,,
1209,奈良県,山添村,51999,377,4.136128662,,,,,
1210,奈良県,平群町,51999,377,4.136128662,,,,,
1211,奈良県,三郷町,51999,377,4.136128662,,,,,
1212,奈良県,斑鳩町,51999,377,4.136128662,,,,,
1213,奈良県,安堵町,51999,377,4.136128662,,,,,
1214,奈良県,川西町,51999,377,4.136128662,,,,,
1215,奈良県,三宅町,51999,377,4.136128662,,,,,
1216,奈良県,田原本町,51999,377,4.136128662,,,,,
1217,奈良県,曽爾村,51999,377,4.136128662,,,,,
1218,奈良県,御杖村,51999,377,4.136128662,,,,,
1219,奈良県,高取町,51999,377,4.136128662,,,,,
1220,奈良県,明日香村,51999,377,4.136128662,,,,,
1221,奈良県,上牧町,51999,377,4.136128662,,,,,
1222,奈良県,王寺町,51999,377,4.136128662,,,,,
1223,奈良県,広陵町,51999,377,4.136128662,,,,,
1224,奈良県,河合町,51999,377,4.136128662,,,,,
1225,奈良県,吉野町,51999,377,4.136128662,,,,,
1226,奈良県,大淀町,51999,377,4.136128662,,,,,
1227,奈良県,下市町,51999,377,4.136128662,,,,,
1228,奈良県,黒滝村,51999,377,4.136128662,,,,,
1229,奈良県,天川村,51999,377,4.136128662,,,,,
1230,奈良県,野迫川村,51999,377,4.136128662,,,,,
1231,奈良県,十津川村,51999,377,4.136128662,,,,,
1232,奈良県,下北山村,51999,377,4.136128662,,,,,
1233,奈良県,上北山村,51999,377,4.136128662,,,,,
1234,奈良県,川上村,51999,377,4.136128662,,,,,
1235,奈良県,東吉野村,51999,377,4.136128662,,,,,
1236,和歌山県,和歌山市,42054,1521,1.507754164,,,,,
1237,和歌山県,海南市,42054,1521,1.507754164,,,,,
1238,和歌山県,橋本市,42054,1521,1.507754164,,,,,
1239,和歌山県,有田市,42054,1521,1.507754164,,,,,
1240,和歌山県,御坊市,42054,1521,1.507754164,,,,,
1241,和歌山県,田辺市,42054,1521,1.507754164,,,,,
1242,和歌山県,新宮市,42054,1521,1.507754164,,,,,
1243,和歌山県,紀の川市,42054,1521,1.507754164,,,,,
1244,和歌山県,岩出市,42054,1521,1.507754164,,,,,
1245,和歌山県,紀美野町,42054,1521,1.507754164,,,,,
1246,和歌山県,かつらぎ町,42054,1521,1.507754164,,,,,
1247,和歌山県,九度山町,42054,1521,1.507754164,,,,,
1248,和歌山県,高野町,42054,1521,1.507754164,,,,,
1249,和歌山県,湯浅町,42054,1521,1.507754164,,,,,
1250,和歌山県,広川町,42054,1521,1.507754164,,,,,
1251,和歌山県,有田川町,42054,1521,1.507754164,,,,,
1252,和歌山県,美浜町,42054,1521,1.507754164,,,,,
1253,和歌山県,日高町,42054,1521,1.507754164,,,,,
1254,和歌山県,由良町,42054,1521,1.507754164,,,,,
1255,和歌山県,印南町,42054,1521,1.507754164,,,,,
1256,和歌山県,みなべ町,42054,1521,1.507754164,,,,,
1257,和歌山県,日高川町,42054,1521,1.507754164,,,,,
1258,和歌山県,白浜町,42054,1521,1.507754164,,,,,
1259,和歌山県,上富田町,42054,1521,1.507754164,,,,,
1260,和歌山県,すさみ町,42054,1521,1.507754164,,,,,
1261,和歌山県,那智勝浦町,42054,1521,1.507754164,,,,,
1262,和歌山県,太地町,42054,1521,1.507754164,,,,,
1263,和歌山県,古座川町,42054,1521,1.507754164,,,,,
1264,和歌山県,北山村,42054,1521,1.507754164,,,,,
1265,和歌山県,串本町,42054,1521,1.507754164,,,,,
1266,鳥取県,鳥取市,42577,1449,1.673176335,,,,,
1267,鳥取県,米子市,42577,1449,1.673176335,,,,,
1268,鳥取県,倉吉市,42577,1449,1.673176335,,,,,
1269,鳥取県,境港市,42577,1449,1.673176335,,,,,
1270,鳥取県,岩美町,42577,1449,1.673176335,,,,,
1271,鳥取県,若桜町,42577,1449,1.673176335,,,,,
1272,鳥取県,智頭町,42577,1449,1.673176335,,,,,
1273,鳥取県,八頭町,42577,1449,1.673176335,,,,,
1274,鳥取県,三朝町,42577,1449,1.673176335,,,,,
1275,鳥取県,湯梨浜町,42577,1449,1.673176335,,,,,
1276,鳥取県,琴浦町,42577,1449,1.673176335,,,,,
1277,鳥取県,北栄町,42577,1449,1.673176335,,,,,
1278,鳥取県,日吉津村,42577,1449,1.673176335,,,,,
1279,鳥取県,大山町,42577,1449,1.673176335,,,,,
1280,鳥取県,南部町,42577,1449,1.673176335,,,,,
1281,鳥取県,伯耆町,42577,1449,1.673176335,,,,,
1282,鳥取県,日南町,42577,1449,1.673176335,,,,,
1283,鳥取県,日野町,42577,1449,1.673176335,,,,,
1284,鳥取県,江府町,42577,1449,1.673176335,,,,,
1285,島根県,松江市,42577,1449,1.673176335,,,,,
1286,島根県,浜田市,42577,1449,1.673176335,,,,,
1287,島根県,出雲市,42577,1449,1.673176335,,,,,
1288,島根県,益田市,42577,1449,1.673176335,,,,,
1289,島根県,大田市,42577,1449,1.673176335,,,,,
1290,島根県,安来市,42577,1449,1.673176335,,,,,
1291,島根県,江津市,42577,1449,1.673176335,,,,,
1292,島根県,雲南市,42577,1449,1.673176335,,,,,
1293,島根県,奥出雲町,42577,1449,1.673176335,,,,,
1294,島根県,飯南町,42577,1449,1.673176335,,,,,
1295,島根県,川本町,42577,1449,1.673176335,,,,,
1296,島根県,美郷町,42577,1449,1.673176335,,,,,
1297,島根県,邑南町,42577,1449,1.673176335,,,,,
1298,島根県,津和野町,42577,1449,1.673176335,,,,,
1299,島根県,吉賀町,42577,1449,1.673176335,,,,,
1300,島根県,海士町,42577,1449,1.673176335,,,,,
1301,島根県,西ノ島町,42577,1449,1.673176335,,,,,
1302,島根県,知夫村,42577,1449,1.673176335,,,,,
1303,島根県,隠岐の島町,42577,1449,1.673176335,,,,,
1304,岡山県,岡山市,48209,629,3.557151063,,,,,
1305,岡山県,倉敷市,48209,629,3.557151063,,,,,
1306,岡山県,津山市,48209,629,3.557151063,,,,,
1307,岡山県,玉野市,48209,629,3.557151063,,,,,
1308,岡山県,笠岡市,48209,629,3.557151063,,,,,
1309,岡山県,井原市,48209,629,3.557151063,,,,,
1310,岡山県,総社市,48209,629,3.557151063,,,,,
1311,岡山県,高梁市,48209,629,3.557151063,,,,,
1312,岡山県,新見市,48209,629,3.557151063,,,,,
1313,岡山県,備前市,48209,629,3.557151063,,,,,
1314,岡山県,瀬戸内市,48209,629,3.557151063,,,,,
1315,岡山県,赤磐市,48209,629,3.557151063,,,,,
1316,岡山県,真庭市,48209,629,3.557151063,,,,,
1317,岡山県,美作市,48209,629,3.557151063,,,,,
1318,岡山県,浅口市,48209,629,3.557151063,,,,,
1319,岡山県,和気町,48209,629,3.557151063,,,,,
1320,岡山県,早島町,48209,629,3.557151063,,,,,
1321,岡山県,里庄町,48209,629,3.557151063,,,,,
1322,岡山県,矢掛町,48209,629,3.557151063,,,,,
1323,岡山県,新庄村,48209,629,3.557151063,,,,,
1324,岡山県,鏡野町,48209,629,3.557151063,,,,,
1325,岡山県,勝央町,48209,629,3.557151063,,,,,
1326,岡山県,奈義町,48209,629,3.557151063,,,,,
1327,岡山県,西粟倉村,48209,629,3.557151063,,,,,
1328,岡山県,久米南町,48209,629,3.557151063,,,,,
1329,岡山県,美咲町,48209,629,3.557151063,,,,,
1330,岡山県,吉備中央町,48209,629,3.557151063,,,,,
1331,広島県,広島市,51544,416,4.046524986,,,,,
1332,広島県,呉市,51544,416,4.046524986,,,,,
1333,広島県,竹原市,51544,416,4.046524986,,,,,
1334,広島県,三原市,51544,416,4.046524986,,,,,
1335,広島県,尾道市,51544,416,4.046524986,,,,,
1336,広島県,福山市,51544,416,4.046524986,,,,,
1337,広島県,府中市,51544,416,4.046524986,,,,,
1338,広島県,三次市,51544,416,4.046524986,,,,,
1339,広島県,庄原市,51544,416,4.046524986,,,,,
1340,広島県,大竹市,51544,416,4.046524986,,,,,
1341,広島県,東広島市,51544,416,4.046524986,,,,,
1342,広島県,廿日市市,51544,416,4.046524986,,,,,
1343,広島県,安芸高田市,51544,416,4.046524986,,,,,
1344,広島県,江田島市,51544,416,4.046524986,,,,,
1345,広島県,府中町,51544,416,4.046524986,,,,,
1346,広島県,海田町,51544,416,4.046524986,,,,,
1347,広島県,熊野町,51544,416,4.046524986,,,,,
1348,広島県,坂町,51544,416,4.046524986,,,,,
1349,広島県,安芸太田町,51544,416,4.046524986,,,,,
1350,広島県,北広島町,51544,416,4.046524986,,,,,
1351,広島県,大崎上島町,51544,416,4.046524986,,,,,
1352,広島県,世羅町,51544,416,4.046524986,,,,,
1353,広島県,神石高原町,51544,416,4.046524986,,,,,
1354,山口県,下関市,41926,1576,1.381390006,,,,,
1355,山口県,宇部市,41926,1576,1.381390006,,,,,
1356,山口県,山口市,41926,1576,1.381390006,,,,,
1357,山口県,萩市,41926,1576,1.381390006,,,,,
1358,山口県,防府市,41926,1576,1.381390006,,,,,
1359,山口県,下松市,41926,1576,1.381390006,,,,,
1360,山口県,岩国市,41926,1576,1.381390006,,,,,
1361,山口県,光市,41926,1576,1.381390006,,,,,
1362,山口県,長門市,41926,1576,1.381390006,,,,,
1363,山口県,柳井市,41926,1576,1.381390006,,,,,
1364,山口県,美祢市,41926,1576,1.381390006,,,,,
1365,山口県,周南市,41926,1576,1.381390006,,,,,
1366,山口県,山陽小野田市,41926,1576,1.381390006,,,,,
1367,山口県,周防大島町,41926,1576,1.381390006,,,,,
1368,山口県,和木町,41926,1576,1.381390006,,,,,
1369,山口県,上関町,41926,1576,1.381390006,,,,,
1370,山口県,田布施町,41926,1576,1.381390006,,,,,
1371,山口県,平生町,41926,1576,1.381390006,,,,,
1372,山口県,阿武町,41926,1576,1.381390006,,,,,
1373,徳島県,徳島市,42893,1425,1.728317059,,,,,
1374,徳島県,鳴門市,42893,1425,1.728317059,,,,,
1375,徳島県,小松島市,42893,1425,1.728317059,,,,,
1376,徳島県,阿南市,42893,1425,1.728317059,,,,,
1377,徳島県,吉野川市,42893,1425,1.728317059,,,,,
1378,徳島県,阿波市,42893,1425,1.728317059,,,,,
1379,徳島県,美馬市,42893,1425,1.728317059,,,,,
1380,徳島県,三好市,42893,1425,1.728317059,,,,,
1381,徳島県,勝浦町,42893,1425,1.728317059,,,,,
1382,徳島県,上勝町,42893,1425,1.728317059,,,,,
1383,徳島県,佐那河内村,42893,1425,1.728317059,,,,,
1384,徳島県,石井町,42893,1425,1.728317059,,,,,
1385,徳島県,神山町,42893,1425,1.728317059,,,,,
1386,徳島県,那賀町,42893,1425,1.728317059,,,,,
1387,徳島県,牟岐町,42893,1425,1.728317059,,,,,
1388,徳島県,美波町,42893,1425,1.728317059,,,,,
1389,徳島県,海陽町,42893,1425,1.728317059,,,,,
1390,徳島県,松茂町,42893,1425,1.728317059,,,,,
1391,徳島県,北島町,42893,1425,1.728317059,,,,,
1392,徳島県,藍住町,42893,1425,1.728317059,,,,,
1393,徳島県,板野町,42893,1425,1.728317059,,,,,
1394,徳島県,上板町,42893,1425,1.728317059,,,,,
1395,徳島県,つるぎ町,42893,1425,1.728317059,,,,,
1396,徳島県,東みよし町,42893,1425,1.728317059,,,,,
1397,香川県,高松市,45282,981,2.748420448,,,,,
1398,香川県,丸亀市,45282,981,2.748420448,,,,,
1399,香川県,坂出市,45282,981,2.748420448,,,,,
1400,香川県,善通寺市,45282,981,2.748420448,,,,,
1401,香川県,観音寺市,45282,981,2.748420448,,,,,
1402,香川県,さぬき市,45282,981,2.748420448,,,,,
1403,香川県,東かがわ市,45282,981,2.748420448,,,,,
1404,香川県,三豊市,45282,981,2.748420448,,,,,
1405,香川県,土庄町,45282,981,2.748420448,,,,,
1406,香川県,小豆島町,45282,981,2.748420448,,,,,
1407,香川県,三木町,45282,981,2.748420448,,,,,
1408,香川県,直島町,45282,981,2.748420448,,,,,
1409,香川県,宇多津町,45282,981,2.748420448,,,,,
1410,香川県,綾川町,45282,981,2.748420448,,,,,
1411,香川県,琴平町,45282,981,2.748420448,,,,,
1412,香川県,多度津町,45282,981,2.748420448,,,,,
1413,香川県,まんのう町,45282,981,2.748420448,,,,,
1414,愛媛県,松山市,41680,1613,1.29638139,,,,,
1415,愛媛県,今治市,41680,1613,1.29638139,,,,,
1416,愛媛県,宇和島市,41680,1613,1.29638139,,,,,
1417,愛媛県,八幡浜市,41680,1613,1.29638139,,,,,
1418,愛媛県,新居浜市,41680,1613,1.29638139,,,,,
1419,愛媛県,西条市,41680,1613,1.29638139,,,,,
1420,愛媛県,大洲市,41680,1613,1.29638139,,,,,
1421,愛媛県,伊予市,41680,1613,1.29638139,,,,,
1422,愛媛県,四国中央市,41680,1613,1.29638139,,,,,
1423,愛媛県,西予市,41680,1613,1.29638139,,,,,
1424,愛媛県,東温市,41680,1613,1.29638139,,,,,
1425,愛媛県,上島町,41680,1613,1.29638139,,,,,
1426,愛媛県,久万高原町,41680,1613,1.29638139,,,,,
1427,愛媛県,松前町,41680,1613,1.29638139,,,,,
1428,愛媛県,砥部町,41680,1613,1.29638139,,,,,
1429,愛媛県,内子町,41680,1613,1.29638139,,,,,
1430,愛媛県,伊方町,41680,1613,1.29638139,,,,,
1431,愛媛県,松野町,41680,1613,1.29638139,,,,,
1432,愛媛県,鬼北町,41680,1613,1.29638139,,,,,
1433,愛媛県,愛南町,41680,1613,1.29638139,,,,,
1434,高知県,高知市,42170,1487,1.58587019,,,,,
1435,高知県,室戸市,42170,1487,1.58587019,,,,,
1436,高知県,安芸市,42170,1487,1.58587019,,,,,
1437,高知県,南国市,42170,1487,1.58587019,,,,,
1438,高知県,土佐市,42170,1487,1.58587019,,,,,
1439,高知県,須崎市,42170,1487,1.58587019,,,,,
1440,高知県,宿毛市,42170,1487,1.58587019,,,,,
1441,高知県,土佐清水市,42170,1487,1.58587019,,,,,
1442,高知県,四万十市,42170,1487,1.58587019,,,,,
1443,高知県,香南市,42170,1487,1.58587019,,,,,
1444,高知県,香美市,42170,1487,1.58587019,,,,,
1445,高知県,東洋町,42170,1487,1.58587019,,,,,
1446,高知県,奈半利町,42170,1487,1.58587019,,,,,
1447,高知県,田野町,42170,1487,1.58587019,,,,,
1448,高知県,安田町,42170,1487,1.58587019,,,,,
1449,高知県,北川村,42170,1487,1.58587019,,,,,
1450,高知県,馬路村,42170,1487,1.58587019,,,,,
1451,高知県,芸西村,42170,1487,1.58587019,,,,,
1452,高知県,本山町,42170,1487,1.58587019,,,,,
1453,高知県,大豊町,42170,1487,1.58587019,,,,,
1454,高知県,土佐町,42170,1487,1.58587019,,,,,
1455,高知県,大川村,42170,1487,1.58587019,,,,,
1456,高知県,いの町,42170,1487,1.58587019,,,,,
1457,高知県,仁淀川町,42170,1487,1.58587019,,,,,
1458,高知県,中土佐町,42170,1487,1.58587019,,,,,
1459,高知県,佐川町,42170,1487,1.58587019,,,,,
1460,高知県,越知町,42170,1487,1.58587019,,,,,
1461,高知県,檮原町,42170,1487,1.58587019,,,,,
1462,高知県,日高村,42170,1487,1.58587019,,,,,
1463,高知県,津野町,42170,1487,1.58587019,,,,,
1464,高知県,四万十町,42170,1487,1.58587019,,,,,
1465,高知県,大月町,42170,1487,1.58587019,,,,,
1466,高知県,三原村,42170,1487,1.58587019,,,,,
1467,高知県,黒潮町,42170,1487,1.58587019,,,,,
1468,福岡県,北九州市,51176,474,3.913268237,,,,,
1469,福岡県,福岡市,51176,474,3.913268237,,,,,
1470,福岡県,大牟田市,51176,474,3.913268237,,,,,
1471,福岡県,久留米市,51176,474,3.913268237,,,,,
1472,福岡県,直方市,51176,474,3.913268237,,,,,
1473,福岡県,飯塚市,51176,474,3.913268237,,,,,
1474,福岡県,田川市,51176,474,3.913268237,,,,,
1475,福岡県,柳川市,51176,474,3.913268237,,,,,
1476,福岡県,八女市,51176,474,3.913268237,,,,,
1477,福岡県,筑後市,51176,474,3.913268237,,,,,
1478,福岡県,大川市,51176,474,3.913268237,,,,,
1479,福岡県,行橋市,51176,474,3.913268237,,,,,
1480,福岡県,豊前市,51176,474,3.913268237,,,,,
1481,福岡県,中間市,51176,474,3.913268237,,,,,
1482,福岡県,小郡市,51176,474,3.913268237,,,,,
1483,福岡県,筑紫野市,51176,474,3.913268237,,,,,
1484,福岡県,春日市,51176,474,3.913268237,,,,,
1485,福岡県,大野城市,51176,474,3.913268237,,,,,
1486,福岡県,宗像市,51176,474,3.913268237,,,,,
1487,福岡県,太宰府市,51176,474,3.913268237,,,,,
1488,福岡県,古賀市,51176,474,3.913268237,,,,,
1489,福岡県,福津市,51176,474,3.913268237,,,,,
1490,福岡県,うきは市,51176,474,3.913268237,,,,,
1491,福岡県,宮若市,51176,474,3.913268237,,,,,
1492,福岡県,嘉麻市,51176,474,3.913268237,,,,,
1493,福岡県,朝倉市,51176,474,3.913268237,,,,,
1494,福岡県,みやま市,51176,474,3.913268237,,,,,
1495,福岡県,糸島市,51176,474,3.913268237,,,,,
1496,福岡県,那珂川市,51176,474,3.913268237,,,,,
1497,福岡県,宇美町,51176,474,3.913268237,,,,,
1498,福岡県,篠栗町,51176,474,3.913268237,,,,,
1499,福岡県,志免町,51176,474,3.913268237,,,,,
1500,福岡県,須恵町,51176,474,3.913268237,,,,,
1501,福岡県,新宮町,51176,474,3.913268237,,,,,
1502,福岡県,久山町,51176,474,3.913268237,,,,,
1503,福岡県,粕屋町,51176,474,3.913268237,,,,,
1504,福岡県,芦屋町,51176,474,3.913268237,,,,,
1505,福岡県,水巻町,51176,474,3.913268237,,,,,
1506,福岡県,岡垣町,51176,474,3.913268237,,,,,
1507,福岡県,遠賀町,51176,474,3.913268237,,,,,
1508,福岡県,小竹町,51176,474,3.913268237,,,,,
1509,福岡県,鞍手町,51176,474,3.913268237,,,,,
1510,福岡県,桂川町,51176,474,3.913268237,,,,,
1511,福岡県,筑前町,51176,474,3.913268237,,,,,
1512,福岡県,東峰村,51176,474,3.913268237,,,,,
1513,福岡県,大刀洗町,51176,474,3.913268237,,,,,
1514,福岡県,大木町,51176,474,3.913268237,,,,,
1515,福岡県,広川町,51176,474,3.913268237,,,,,
1516,福岡県,香春町,51176,474,3.913268237,,,,,
1517,福岡県,添田町,51176,474,3.913268237,,,,,
1518,福岡県,糸田町,51176,474,3.913268237,,,,,
1519,福岡県,川崎町,51176,474,3.913268237,,,,,
1520,福岡県,大任町,51176,474,3.913268237,,,,,
1521,福岡県,赤村,51176,474,3.913268237,,,,,
1522,福岡県,福智町,51176,474,3.913268237,,,,,
1523,福岡県,苅田町,51176,474,3.913268237,,,,,
1524,福岡県,みやこ町,51176,474,3.913268237,,,,,
1525,福岡県,吉富町,51176,474,3.913268237,,,,,
1526,福岡県,上毛町,51176,474,3.913268237,,,,,
1527,福岡県,築上町,51176,474,3.913268237,,,,,
1528,佐賀県,佐賀市,45265,998,2.709362435,,,,,
1529,佐賀県,唐津市,45265,998,2.709362435,,,,,
1530,佐賀県,鳥栖市,45265,998,2.709362435,,,,,
1531,佐賀県,多久市,45265,998,2.709362435,,,,,
1532,佐賀県,伊万里市,45265,998,2.709362435,,,,,
1533,佐賀県,武雄市,45265,998,2.709362435,,,,,
1534,佐賀県,鹿島市,45265,998,2.709362435,,,,,
1535,佐賀県,小城市,45265,998,2.709362435,,,,,
1536,佐賀県,嬉野市,45265,998,2.709362435,,,,,
1537,佐賀県,神埼市,45265,998,2.709362435,,,,,
1538,佐賀県,吉野ヶ里町,45265,998,2.709362435,,,,,
1539,佐賀県,基山町,45265,998,2.709362435,,,,,
1540,佐賀県,上峰町,45265,998,2.709362435,,,,,
1541,佐賀県,みやき町,45265,998,2.709362435,,,,,
1542,佐賀県,玄海町,45265,998,2.709362435,,,,,
1543,佐賀県,有田町,45265,998,2.709362435,,,,,
1544,佐賀県,大町町,45265,998,2.709362435,,,,,
1545,佐賀県,江北町,45265,998,2.709362435,,,,,
1546,佐賀県,白石町,45265,998,2.709362435,,,,,
1547,佐賀県,太良町,45265,998,2.709362435,,,,,
1548,長崎県,長崎市,43304,1371,1.852383688,,,,,
1549,長崎県,佐世保市,43304,1371,1.852383688,,,,,
1550,長崎県,島原市,43304,1371,1.852383688,,,,,
1551,長崎県,諫早市,43304,1371,1.852383688,,,,,
1552,長崎県,大村市,43304,1371,1.852383688,,,,,
1553,長崎県,平戸市,43304,1371,1.852383688,,,,,
1554,長崎県,松浦市,43304,1371,1.852383688,,,,,
1555,長崎県,対馬市,43304,1371,1.852383688,,,,,
1556,長崎県,壱岐市,43304,1371,1.852383688,,,,,
1557,長崎県,五島市,43304,1371,1.852383688,,,,,
1558,長崎県,西海市,43304,1371,1.852383688,,,,,
1559,長崎県,雲仙市,43304,1371,1.852383688,,,,,
1560,長崎県,南島原市,43304,1371,1.852383688,,,,,
1561,長崎県,長与町,43304,1371,1.852383688,,,,,
1562,長崎県,時津町,43304,1371,1.852383688,,,,,
1563,長崎県,東彼杵町,43304,1371,1.852383688,,,,,
1564,長崎県,川棚町,43304,1371,1.852383688,,,,,
1565,長崎県,波佐見町,43304,1371,1.852383688,,,,,
1566,長崎県,小値賀町,43304,1371,1.852383688,,,,,
1567,長崎県,佐々町,43304,1371,1.852383688,,,,,
1568,長崎県,新上五島町,43304,1371,1.852383688,,,,,
1569,熊本県,熊本市,44566,1232,2.171740379,,,,,
1570,熊本県,八代市,44566,1232,2.171740379,,,,,
1571,熊本県,人吉市,44566,1232,2.171740379,,,,,
1572,熊本県,荒尾市,44566,1232,2.171740379,,,,,
1573,熊本県,水俣市,44566,1232,2.171740379,,,,,
1574,熊本県,玉名市,44566,1232,2.171740379,,,,,
1575,熊本県,山鹿市,44566,1232,2.171740379,,,,,
1576,熊本県,菊池市,44566,1232,2.171740379,,,,,
1577,熊本県,宇土市,44566,1232,2.171740379,,,,,
1578,熊本県,上天草市,44566,1232,2.171740379,,,,,
1579,熊本県,宇城市,44566,1232,2.171740379,,,,,
1580,熊本県,阿蘇市,44566,1232,2.171740379,,,,,
1581,熊本県,天草市,44566,1232,2.171740379,,,,,
1582,熊本県,合志市,44566,1232,2.171740379,,,,,
1583,熊本県,美里町,44566,1232,2.171740379,,,,,
1584,熊本県,玉東町,44566,1232,2.171740379,,,,,
1585,熊本県,南関町,44566,1232,2.171740379,,,,,
1586,熊本県,長洲町,44566,1232,2.171740379,,,,,
1587,熊本県,和水町,44566,1232,2.171740379,,,,,
1588,熊本県,大津町,44566,1232,2.171740379,,,,,
1589,熊本県,菊陽町,44566,1232,2.171740379,,,,,
1590,熊本県,南小国町,44566,1232,2.171740379,,,,,
1591,熊本県,小国町,44566,1232,2.171740379,,,,,
1592,熊本県,産山村,44566,1232,2.171740379,,,,,
1593,熊本県,高森町,44566,1232,2.171740379,,,,,
1594,熊本県,西原村,44566,1232,2.171740379,,,,,
1595,熊本県,南阿蘇村,44566,1232,2.171740379,,,,,
1596,熊本県,御船町,44566,1232,2.171740379,,,,,
1597,熊本県,嘉島町,44566,1232,2.171740379,,,,,
1598,熊本県,益城町,44566,1232,2.171740379,,,,,
1599,熊本県,甲佐町,44566,1232,2.171740379,,,,,
1600,熊本県,山都町,44566,1232,2.171740379,,,,,
1601,熊本県,氷川町,44566,1232,2.171740379,,,,,
1602,熊本県,芦北町,44566,1232,2.171740379,,,,,
1603,熊本県,津奈木町,44566,1232,2.171740379,,,,,
1604,熊本県,錦町,44566,1232,2.171740379,,,,,
1605,熊本県,多良木町,44566,1232,2.171740379,,,,,
1606,熊本県,湯前町,44566,1232,2.171740379,,,,,
1607,熊本県,水上村,44566,1232,2.171740379,,,,,
1608,熊本県,相良村,44566,1232,2.171740379,,,,,
1609,熊本県,五木村,44566,1232,2.171740379,,,,,
1610,熊本県,山江村,44566,1232,2.171740379,,,,,
1611,熊本県,球磨村,44566,1232,2.171740379,,,,,
1612,熊本県,あさぎり町,44566,1232,2.171740379,,,,,
1613,熊本県,苓北町,44566,1232,2.171740379,,,,,
1614,大分県,大分市,41888,1595,1.337736933,,,,,
1615,大分県,別府市,41888,1595,1.337736933,,,,,
1616,大分県,中津市,41888,1595,1.337736933,,,,,
1617,大分県,日田市,41888,1595,1.337736933,,,,,
1618,大分県,佐伯市,41888,1595,1.337736933,,,,,
1619,大分県,臼杵市,41888,1595,1.337736933,,,,,
1620,大分県,津久見市,41888,1595,1.337736933,,,,,
1621,大分県,竹田市,41888,1595,1.337736933,,,,,
1622,大分県,豊後高田市,41888,1595,1.337736933,,,,,
1623,大分県,杵築市,41888,1595,1.337736933,,,,,
1624,大分県,宇佐市,41888,1595,1.337736933,,,,,
1625,大分県,豊後大野市,41888,1595,1.337736933,,,,,
1626,大分県,由布市,41888,1595,1.337736933,,,,,
1627,大分県,国東市,41888,1595,1.337736933,,,,,
1628,大分県,姫島村,41888,1595,1.337736933,,,,,
1629,大分県,日出町,41888,1595,1.337736933,,,,,
1630,大分県,九重町,41888,1595,1.337736933,,,,,
1631,大分県,玖珠町,41888,1595,1.337736933,,,,,
1632,宮崎県,宮崎市,41450,1633,1.250430787,,,,,
1633,宮崎県,都城市,41450,1633,1.250430787,,,,,
1634,宮崎県,延岡市,41450,1633,1.250430787,,,,,
1635,宮崎県,日南市,41450,1633,1.250430787,,,,,
1636,宮崎県,小林市,41450,1633,1.250430787,,,,,
1637,宮崎県,日向市,41450,1633,1.250430787,,,,,
1638,宮崎県,串間市,41450,1633,1.250430787,,,,,
1639,宮崎県,西都市,41450,1633,1.250430787,,,,,
1640,宮崎県,えびの市,41450,1633,1.250430787,,,,,
1641,宮崎県,三股町,41450,1633,1.250430787,,,,,
1642,宮崎県,高原町,41450,1633,1.250430787,,,,,
1643,宮崎県,国富町,41450,1633,1.250430787,,,,,
1644,宮崎県,綾町,41450,1633,1.250430787,,,,,
1645,宮崎県,高鍋町,41450,1633,1.250430787,,,,,
1646,宮崎県,新富町,41450,1633,1.250430787,,,,,
1647,宮崎県,西米良村,41450,1633,1.250430787,,,,,
1648,宮崎県,木城町,41450,1633,1.250430787,,,,,
1649,宮崎県,川南町,41450,1633,1.250430787,,,,,
1650,宮崎県,都農町,41450,1633,1.250430787,,,,,
1651,宮崎県,門川町,41450,1633,1.250430787,,,,,
1652,宮崎県,諸塚村,41450,1633,1.250430787,,,,,
1653,宮崎県,椎葉村,41450,1633,1.250430787,,,,,
1654,宮崎県,美郷町,41450,1633,1.250430787,,,,,
1655,宮崎県,高千穂町,41450,1633,1.250430787,,,,,
1656,宮崎県,日之影町,41450,1633,1.250430787,,,,,
1657,宮崎県,五ヶ瀬町,41450,1633,1.250430787,,,,,
1658,鹿児島県,鹿児島市,39418,1699,1.098793797,,,,,
1659,鹿児島県,鹿屋市,39418,1699,1.098793797,,,,,
1660,鹿児島県,枕崎市,39418,1699,1.098793797,,,,,
1661,鹿児島県,阿久根市,39418,1699,1.098793797,,,,,
1662,鹿児島県,出水市,39418,1699,1.098793797,,,,,
1663,鹿児島県,指宿市,39418,1699,1.098793797,,,,,
1664,鹿児島県,西之表市,39418,1699,1.098793797,,,,,
1665,鹿児島県,垂水市,39418,1699,1.098793797,,,,,
1666,鹿児島県,薩摩川内市,39418,1699,1.098793797,,,,,
1667,鹿児島県,日置市,39418,1699,1.098793797,,,,,
1668,鹿児島県,曽於市,39418,1699,1.098793797,,,,,
1669,鹿児島県,霧島市,39418,1699,1.098793797,,,,,
1670,鹿児島県,いちき串木野市,39418,1699,1.098793797,,,,,
1671,鹿児島県,南さつま市,39418,1699,1.098793797,,,,,
1672,鹿児島県,志布志市,39418,1699,1.098793797,,,,,
1673,鹿児島県,奄美市,39418,1699,1.098793797,,,,,
1674,鹿児島県,南九州市,39418,1699,1.098793797,,,,,
1675,鹿児島県,伊佐市,39418,1699,1.098793797,,,,,
1676,鹿児島県,姶良市,39418,1699,1.098793797,,,,,
1677,鹿児島県,三島村,39418,1699,1.098793797,,,,,
1678,鹿児島県,十島村,39418,1699,1.098793797,,,,,
1679,鹿児島県,さつま町,39418,1699,1.098793797,,,,,
1680,鹿児島県,長島町,39418,1699,1.098793797,,,,,
1681,鹿児島県,湧水町,39418,1699,1.098793797,,,,,
1682,鹿児島県,大崎町,39418,1699,1.098793797,,,,,
1683,鹿児島県,東串良町,39418,1699,1.098793797,,,,,
1684,鹿児島県,錦江町,39418,1699,1.098793797,,,,,
1685,鹿児島県,南大隅町,39418,1699,1.098793797,,,,,
1686,鹿児島県,肝付町,39418,1699,1.098793797,,,,,
1687,鹿児島県,中種子町,39418,1699,1.098793797,,,,,
1688,鹿児島県,南種子町,39418,1699,1.098793797,,,,,
1689,鹿児島県,屋久島町,39418,1699,1.098793797,,,,,
1690,鹿児島県,大和村,39418,1699,1.098793797,,,,,
1691,鹿児島県,宇検村,39418,1699,1.098793797,,,,,
1692,鹿児島県,瀬戸内町,39418,1699,1.098793797,,,,,
1693,鹿児島県,龍郷町,39418,1699,1.098793797,,,,,
1694,鹿児島県,喜界町,39418,1699,1.098793797,,,,,
1695,鹿児島県,徳之島町,39418,1699,1.098793797,,,,,
1696,鹿児島県,天城町,39418,1699,1.098793797,,,,,
1697,鹿児島県,伊仙町,39418,1699,1.098793797,,,,,
1698,鹿児島県,和泊町,39418,1699,1.098793797,,,,,
1699,鹿児島県,知名町,39418,1699,1.098793797,,,,,
1700,鹿児島県,与論町,39418,1699,1.098793797,,,,,
1701,沖縄県,那覇市,49400,588,3.651349799,,,,,
1702,沖縄県,宜野湾市,49400,588,3.651349799,,,,,
1703,沖縄県,石垣市,49400,588,3.651349799,,,,,
1704,沖縄県,浦添市,49400,588,3.651349799,,,,,
1705,沖縄県,名護市,49400,588,3.651349799,,,,,
1706,沖縄県,糸満市,49400,588,3.651349799,,,,,
1707,沖縄県,沖縄市,49400,588,3.651349799,,,,,
1708,沖縄県,豊見城市,49400,588,3.651349799,,,,,
1709,沖縄県,うるま市,49400,588,3.651349799,,,,,
1710,沖縄県,宮古島市,49400,588,3.651349799,,,,,
1711,沖縄県,南城市,49400,588,3.651349799,,,,,
1712,沖縄県,国頭村,49400,588,3.651349799,,,,,
1713,沖縄県,大宜味村,49400,588,3.651349799,,,,,
1714,沖縄県,東村,49400,588,3.651349799,,,,,
1715,沖縄県,今帰仁村,49400,588,3.651349799,,,,,
1716,沖縄県,本部町,49400,588,3.651349799,,,,,
1717,沖縄県,恩納村,49400,588,3.651349799,,,,,
1718,沖縄県,宜野座村,49400,588,3.651349799,,,,,
1719,沖縄県,金武町,49400,588,3.651349799,,,,,
1720,沖縄県,伊江村,49400,588,3.651349799,,,,,
1721,沖縄県,読谷村,49400,588,3.651349799,,,,,
1722,沖縄県,嘉手納町,49400,588,3.651349799,,,,,
1723,沖縄県,北谷町,49400,588,3.651349799,,,,,
1724,沖縄県,北中城村,49400,588,3.651349799,,,,,
1725,沖縄県,中城村,49400,588,3.651349799,,,,,
1726,沖縄県,西原町,49400,588,3.651349799,,,,,
1727,沖縄県,与那原町,49400,588,3.651349799,,,,,
1728,沖縄県,南風原町,49400,588,3.651349799,,,,,
1729,沖縄県,渡嘉敷村,49400,588,3.651349799,,,,,
1730,沖縄県,座間味村,49400,588,3.651349799,,,,,
1731,沖縄県,粟国村,49400,588,3.651349799,,,,,
1732,沖縄県,渡名喜村,49400,588,3.651349799,,,,,
1733,沖縄県,南大東村,49400,588,3.651349799,,,,,
1734,沖縄県,北大東村,49400,588,3.651349799,,,,,
1735,沖縄県,伊平屋村,49400,588,3.651349799,,,,,
1736,沖縄県,伊是名村,49400,588,3.651349799,,,,,
1737,沖縄県,久米島町,49400,588,3.651349799,,,,,
1738,沖縄県,八重瀬町,49400,588,3.651349799,,,,,
1739,沖縄県,多良間村,49400,588,3.651349799,,,,,
1740,沖縄県,竹富町,49400,588,3.651349799,,,,,
1741,沖縄県,与那国町,49400,588,3.651349799,,,,,
