1,北海道,札幌市,256,4.469270534,,,,,,
2,北海道,函館市,76,2.04078116,,,,,,
3,北海道,小樽市,260,4.522113728,,,,,,
4,北海道,旭川市,269,4.627800115,,,,,,
5,北海道,室蘭市,35,1.44342332,,,,,,
6,北海道,釧路市,6,1.075818495,,,,,,
7,北海道,帯広市,188,3.575531304,,,,,,
8,北海道,北見市,89,2.226881103,,,,,,
9,北海道,夕張市,123,2.695577254,,,,,,
10,北海道,岩見沢市,244,4.296955773,,,,,,
11,北海道,網走市,110,2.504882252,,,,,,
12,北海道,留萌市,21,1.255025847,,,,,,
13,北海道,苫小牧市,112,2.548535325,,,,,,
14,北海道,稚内市,29,1.374497415,,,,,,
15,北海道,美唄市,37,1.473291212,,,,,,
16,北海道,芦別市,221,4.002871913,,,,,,
17,北海道,江別市,218,3.96840896,,,,,,
18,北海道,赤平市,112,2.548535325,,,,,,
19,北海道,紋別市,268,4.616312464,,,,,,
20,北海道,士別市,109,2.493394601,,,,,,
21,北海道,名寄市,96,2.33256749,,,,,,
22,北海道,三笠市,143,2.987363584,,,,,,
23,北海道,根室市,234,4.195864446,,,,,,
24,北海道,千歳市,47,1.629523262,,,,,,
25,北海道,滝川市,35,1.44342332,,,,,,
26,北海道,砂川市,234,4.195864446,,,,,,
27,北海道,歌志内市,61,1.827110856,,,,,,
28,北海道,深川市,83,2.144170017,,,,,,
29,北海道,富良野市,249,4.368179207,,,,,,
30,北海道,登別市,86,2.194715681,,,,,,
31,北海道,恵庭市,256,4.469270534,,,,,,
32,北海道,伊達市,140,2.943710511,,,,,,
33,北海道,北広島市,123,2.695577254,,,,,,
34,北海道,石狩市,160,3.203331419,,,,,,
35,北海道,北斗市,100,2.385410684,,,,,,
36,北海道,当別町,33,1.427340609,,,,,,
37,北海道,新篠津村,294,4.937966686,,,,,,
38,北海道,松前町,141,2.962090752,,,,,,
39,北海道,福島町,6,1.075818495,,,,,,
40,北海道,知内町,72,1.990235497,,,,,,
41,北海道,木古内町,121,2.663411832,,,,,,
42,北海道,七飯町,191,3.600804136,,,,,,
43,北海道,鹿部町,244,4.296955773,,,,,,
44,北海道,森町,37,1.473291212,,,,,,
45,北海道,八雲町,174,3.380241241,,,,,,
46,北海道,長万部町,216,3.940838599,,,,,,
47,北海道,江差町,192,3.619184377,,,,,,
48,北海道,上ノ国町,278,4.726593912,,,,,,
49,北海道,厚沢部町,91,2.259046525,,,,,,
50,北海道,乙部町,227,4.069500287,,,,,,
51,北海道,奥尻町,70,1.948879954,,,,,,
52,北海道,今金町,102,2.408385985,,,,,,
53,北海道,せたな町,111,2.532452613,,,,,,
54,北海道,島牧村,160,3.203331419,,,,,,
55,北海道,寿都町,284,4.809304997,,,,,,
56,北海道,黒松内町,113,2.553130385,,,,,,
57,北海道,蘭越町,128,2.77828834,,,,,,
58,北海道,ニセコ町,196,3.676622631,,,,,,
59,北海道,真狩村,74,2.013210798,,,,,,
60,北海道,留寿都村,198,3.701895462,,,,,,
61,北海道,喜茂別町,292,4.912693854,,,,,,
62,北海道,京極町,154,3.139000574,,,,,,
63,北海道,倶知安町,197,3.688110281,,,,,,
64,北海道,共和町,233,4.168294084,,,,,,
65,北海道,岩内町,10,1.112578978,,,,,,
66,北海道,泊村,181,3.469844917,,,,,,
67,北海道,神恵内村,121,2.663411832,,,,,,
68,北海道,積丹町,186,3.554853532,,,,,,
69,北海道,古平町,257,4.487650775,,,,,,
70,北海道,仁木町,228,4.097070649,,,,,,
71,北海道,余市町,35,1.44342332,,,,,,
72,北海道,赤井川村,252,4.41183228,,,,,,
73,北海道,南幌町,189,3.582423894,,,,,,
74,北海道,奈井江町,290,4.882825962,,,,,,
75,北海道,上砂川町,238,4.234922458,,,,,,
76,北海道,由仁町,13,1.156232051,,,,,,
77,北海道,長沼町,131,2.812751292,,,,,,
78,北海道,栗山町,271,4.653072947,,,,,,
79,北海道,月形町,260,4.522113728,,,,,,
80,北海道,浦臼町,179,3.444572085,,,,,,
81,北海道,新十津川町,268,4.616312464,,,,,,
82,北海道,妹背牛町,202,3.750143596,,,,,,
83,北海道,秩父別町,117,2.596783458,,,,,,
84,北海道,雨竜町,135,2.879379667,,,,,,
85,北海道,北竜町,121,2.663411832,,,,,,
86,北海道,沼田町,38,1.487076393,,,,,,
87,北海道,鷹栖町,287,4.841470419,,,,,,
88,北海道,東神楽町,191,3.600804136,,,,,,
89,北海道,当麻町,283,4.795519816,,,,,,
90,北海道,比布町,23,1.287191269,,,,,,
91,北海道,愛別町,169,3.318207926,,,,,,
92,北海道,上川町,139,2.93222286,,,,,,
93,北海道,東川町,176,3.396323952,,,,,,
94,北海道,美瑛町,114,2.564618036,,,,,,
95,北海道,上富良野町,254,4.425617461,,,,,,
96,北海道,中富良野町,89,2.226881103,,,,,,
97,北海道,南富良野町,48,1.647903504,,,,,,
98,北海道,占冠村,263,4.55887421,,,,,,
99,北海道,和寒町,294,4.937966686,,,,,,
100,北海道,剣淵町,223,4.021252154,,,,,,
101,北海道,下川町,16,1.204480184,,,,,,
102,北海道,美深町,120,2.638139001,,,,,,
103,北海道,音威子府村,107,2.468121769,,,,,,
104,北海道,中川町,169,3.318207926,,,,,,
105,北海道,幌加内町,99,2.367030442,,,,,,
106,北海道,増毛町,15,1.188397473,,,,,,
107,北海道,小平町,152,3.109132682,,,,,,
108,北海道,苫前町,10,1.112578978,,,,,,
109,北海道,羽幌町,31,1.404365307,,,,,,
110,北海道,初山別村,104,2.433658817,,,,,,
111,北海道,遠別町,161,3.212521539,,,,,,
112,北海道,天塩町,193,3.642159678,,,,,,
113,北海道,猿払村,161,3.212521539,,,,,,
114,北海道,浜頓別町,102,2.408385985,,,,,,
115,北海道,中頓別町,283,4.795519816,,,,,,
116,北海道,枝幸町,134,2.858701895,,,,,,
117,北海道,豊富町,281,4.765651924,,,,,,
118,北海道,礼文町,152,3.109132682,,,,,,
119,北海道,利尻町,248,4.354394026,,,,,,
120,北海道,利尻富士町,276,4.70361861,,,,,,
121,北海道,幌延町,174,3.380241241,,,,,,
122,北海道,美幌町,24,1.310166571,,,,,,
123,北海道,津別町,170,3.336588168,,,,,,
124,北海道,斜里町,119,2.62665135,,,,,,
125,北海道,清里町,288,4.85066054,,,,,,
126,北海道,小清水町,205,3.791499138,,,,,,
127,北海道,訓子府町,152,3.109132682,,,,,,
128,北海道,置戸町,249,4.368179207,,,,,,
129,北海道,佐呂間町,201,3.734060885,,,,,,
130,北海道,遠軽町,71,1.969557725,,,,,,
131,北海道,湧別町,37,1.473291212,,,,,,
132,北海道,滝上町,298,4.983917289,,,,,,
133,北海道,興部町,103,2.415278576,,,,,,
134,北海道,西興部村,247,4.336013785,,,,,,
135,北海道,雄武町,219,3.982194141,,,,,,
136,北海道,大空町,274,4.682940839,,,,,,
137,北海道,豊浦町,41,1.521539345,,,,,,
138,北海道,壮瞥町,292,4.912693854,,,,,,
139,北海道,白老町,155,3.157380816,,,,,,
140,北海道,厚真町,169,3.318207926,,,,,,
141,北海道,洞爺湖町,135,2.879379667,,,,,,
142,北海道,安平町,46,1.606547961,,,,,,
143,北海道,むかわ町,171,3.345778288,,,,,,
144,北海道,日高町,284,4.809304997,,,,,,
145,北海道,平取町,70,1.948879954,,,,,,
146,北海道,新冠町,259,4.508328547,,,,,,
147,北海道,浦河町,25,1.321654222,,,,,,
148,北海道,様似町,72,1.990235497,,,,,,
149,北海道,えりも町,224,4.032739805,,,,,,
150,北海道,新ひだか町,271,4.653072947,,,,,,
151,北海道,音更町,188,3.575531304,,,,,,
152,北海道,士幌町,282,4.779437105,,,,,,
153,北海道,上士幌町,135,2.879379667,,,,,,
154,北海道,鹿追町,73,2.004020678,,,,,,
155,北海道,新得町,206,3.81217691,,,,,,
156,北海道,清水町,21,1.255025847,,,,,,
157,北海道,芽室町,112,2.548535325,,,,,,
158,北海道,中札内村,2,1.022975302,,,,,,
159,北海道,更別村,129,2.78518093,,,,,,
160,北海道,大樹町,148,3.053991959,,,,,,
161,北海道,広尾町,256,4.469270534,,,,,,
162,北海道,幕別町,291,4.903503733,,,,,,
163,北海道,池田町,76,2.04078116,,,,,,
164,北海道,豊頃町,134,2.858701895,,,,,,
165,北海道,本別町,4,1.057438254,,,,,,
166,北海道,足寄町,154,3.139000574,,,,,,
167,北海道,陸別町,174,3.380241241,,,,,,
168,北海道,浦幌町,44,1.558299828,,,,,,
169,北海道,釧路町,2,1.022975302,,,,,,
170,北海道,厚岸町,226,4.058012636,,,,,,
171,北海道,浜中町,289,4.864445721,,,,,,
172,北海道,標茶町,6,1.075818495,,,,,,
173,北海道,弟子屈町,79,2.077541643,,,,,,
174,北海道,鶴居村,155,3.157380816,,,,,,
175,北海道,白糠町,39,1.498564044,,,,,,
176,北海道,別海町,152,3.109132682,,,,,,
177,北海道,中標津町,104,2.433658817,,,,,,
178,北海道,標津町,187,3.564043653,,,,,,
179,北海道,羅臼町,102,2.408385985,,,,,,
180,青森県,青森市,12,1.1447444,,,,,,
181,青森県,弘前市,232,4.156806433,,,,,,
182,青森県,八戸市,265,4.586444572,,,,,,
183,青森県,黒石市,255,4.448592763,,,,,,
184,青森県,五所川原市,245,4.315336014,,,,,,
185,青森県,十和田市,289,4.864445721,,,,,,
186,青森県,三沢市,149,3.065479609,,,,,,
187,青森県,むつ市,237,4.223434808,,,,,,
188,青森県,つがる市,68,1.919012062,,,,,,
189,青森県,平川市,136,2.897759908,,,,,,
190,青森県,平内町,211,3.887995405,,,,,,
191,青森県,今別町,239,4.248707639,,,,,,
192,青森県,蓬田村,79,2.077541643,,,,,,
193,青森県,外ヶ浜町,193,3.642159678,,,,,,
194,青森県,鰺ヶ沢町,201,3.734060885,,,,,,
195,青森県,深浦町,248,4.354394026,,,,,,
196,青森県,西目屋村,278,4.726593912,,,,,,
197,青森県,藤崎町,275,4.687535899,,,,,,
198,青森県,大鰐町,195,3.658242389,,,,,,
199,青森県,田舎館村,284,4.809304997,,,,,,
200,青森県,板柳町,212,3.899483056,,,,,,
201,青森県,鶴田町,276,4.70361861,,,,,,
202,青森県,中泊町,28,1.356117174,,,,,,
203,青森県,野辺地町,30,1.392877657,,,,,,
204,青森県,七戸町,125,2.732337737,,,,,,
205,青森県,六戸町,7,1.082711086,,,,,,
206,青森県,横浜町,206,3.81217691,,,,,,
207,青森県,東北町,105,2.452039058,,,,,,
208,青森県,六ヶ所村,250,4.384261918,,,,,,
209,青森県,おいらせ町,152,3.109132682,,,,,,
210,青森県,大間町,257,4.487650775,,,,,,
211,青森県,東通村,84,2.164847789,,,,,,
212,青森県,風間浦村,105,2.452039058,,,,,,
213,青森県,佐井村,300,5,,,,,,
214,青森県,三戸町,291,4.903503733,,,,,,
215,青森県,五戸町,251,4.398047099,,,,,,
216,青森県,田子町,183,3.506605399,,,,,,
217,青森県,南部町,116,2.587593337,,,,,,
218,青森県,階上町,20,1.238943136,,,,,,
219,青森県,新郷村,30,1.392877657,,,,,,
220,岩手県,盛岡市,19,1.229753016,,,,,,
221,岩手県,宮古市,128,2.77828834,,,,,,
222,岩手県,大船渡市,28,1.356117174,,,,,,
223,岩手県,花巻市,64,1.861573808,,,,,,
224,岩手県,北上市,298,4.983917289,,,,,,
225,岩手県,久慈市,186,3.554853532,,,,,,
226,岩手県,遠野市,42,1.528431936,,,,,,
227,岩手県,一関市,150,3.081562321,,,,,,
228,岩手県,陸前高田市,140,2.943710511,,,,,,
229,岩手県,釜石市,253,4.416427341,,,,,,
230,岩手県,二戸市,263,4.55887421,,,,,,
231,岩手県,八幡平市,84,2.164847789,,,,,,
232,岩手県,奥州市,35,1.44342332,,,,,,
233,岩手県,滝沢市,230,4.129236071,,,,,,
234,岩手県,雫石町,166,3.269959793,,,,,,
235,岩手県,葛巻町,38,1.487076393,,,,,,
236,岩手県,岩手町,22,1.273406088,,,,,,
237,岩手県,紫波町,131,2.812751292,,,,,,
238,岩手県,矢巾町,128,2.77828834,,,,,,
239,岩手県,西和賀町,24,1.310166571,,,,,,
240,岩手県,金ケ崎町,112,2.548535325,,,,,,
241,岩手県,平泉町,241,4.26249282,,,,,,
242,岩手県,住田町,81,2.112004595,,,,,,
243,岩手県,大槌町,71,1.969557725,,,,,,
244,岩手県,山田町,79,2.077541643,,,,,,
245,岩手県,岩泉町,281,4.765651924,,,,,,
246,岩手県,田野畑村,55,1.751292361,,,,,,
247,岩手県,普代村,25,1.321654222,,,,,,
248,岩手県,軽米町,66,1.873061459,,,,,,
249,岩手県,野田村,153,3.120620333,,,,,,
250,岩手県,九戸村,93,2.277426766,,,,,,
251,岩手県,洋野町,43,1.544514647,,,,,,
252,岩手県,一戸町,110,2.504882252,,,,,,
253,宮城県,仙台市,75,2.029293509,,,,,,
254,宮城県,石巻市,91,2.259046525,,,,,,
255,宮城県,塩竈市,247,4.336013785,,,,,,
256,宮城県,気仙沼市,261,4.529006318,,,,,,
257,宮城県,白石市,82,2.134979897,,,,,,
258,宮城県,名取市,280,4.754164273,,,,,,
259,宮城県,角田市,77,2.054566341,,,,,,
260,宮城県,多賀城市,3,1.041355543,,,,,,
261,宮城県,岩沼市,192,3.619184377,,,,,,
262,宮城県,登米市,245,4.315336014,,,,,,
263,宮城県,栗原市,255,4.448592763,,,,,,
264,宮城県,東松島市,105,2.452039058,,,,,,
265,宮城県,大崎市,95,2.314187249,,,,,,
266,宮城県,富谷市,224,4.032739805,,,,,,
267,宮城県,蔵王町,59,1.806433084,,,,,,
268,宮城県,七ヶ宿町,257,4.487650775,,,,,,
269,宮城県,大河原町,144,3.003446295,,,,,,
270,宮城県,村田町,243,4.285468122,,,,,,
271,宮城県,柴田町,238,4.234922458,,,,,,
272,宮城県,川崎町,92,2.272831706,,,,,,
273,宮城県,丸森町,177,3.417001723,,,,,,
274,宮城県,亘理町,260,4.522113728,,,,,,
275,宮城県,山元町,153,3.120620333,,,,,,
276,宮城県,松島町,161,3.212521539,,,,,,
277,宮城県,七ヶ浜町,199,3.708788053,,,,,,
278,宮城県,利府町,86,2.194715681,,,,,,
279,宮城県,大和町,212,3.899483056,,,,,,
280,宮城県,大郷町,234,4.195864446,,,,,,
281,宮城県,大衡村,104,2.433658817,,,,,,
282,宮城県,色麻町,111,2.532452613,,,,,,
283,宮城県,加美町,16,1.204480184,,,,,,
284,宮城県,涌谷町,262,4.545089029,,,,,,
285,宮城県,美里町,94,2.293509477,,,,,,
286,宮城県,女川町,115,2.576105686,,,,,,
287,宮城県,南三陸町,214,3.917863297,,,,,,
288,秋田県,秋田市,3,1.041355543,,,,,,
289,秋田県,能代市,14,1.172314762,,,,,,
290,秋田県,横手市,272,4.664560597,,,,,,
291,秋田県,大館市,56,1.760482481,,,,,,
292,秋田県,男鹿市,127,2.762205629,,,,,,
293,秋田県,湯沢市,58,1.788052843,,,,,,
294,秋田県,鹿角市,145,3.010338886,,,,,,
295,秋田県,由利本荘市,264,4.570361861,,,,,,
296,秋田県,潟上市,179,3.444572085,,,,,,
297,秋田県,大仙市,287,4.841470419,,,,,,
298,秋田県,北秋田市,69,1.937392303,,,,,,
299,秋田県,にかほ市,46,1.606547961,,,,,,
300,秋田県,仙北市,68,1.919012062,,,,,,
301,秋田県,小坂町,114,2.564618036,,,,,,
302,秋田県,上小阿仁村,170,3.336588168,,,,,,
303,秋田県,藤里町,55,1.751292361,,,,,,
304,秋田県,三種町,208,3.832854681,,,,,,
305,秋田県,八峰町,84,2.164847789,,,,,,
306,秋田県,五城目町,55,1.751292361,,,,,,
307,秋田県,八郎潟町,205,3.791499138,,,,,,
308,秋田県,井川町,23,1.287191269,,,,,,
309,秋田県,大潟村,86,2.194715681,,,,,,
310,秋田県,美郷町,297,4.967834578,,,,,,
311,秋田県,羽後町,118,2.608271109,,,,,,
312,秋田県,東成瀬村,235,4.202757036,,,,,,
313,山形県,山形市,267,4.600229753,,,,,,
314,山形県,米沢市,24,1.310166571,,,,,,
315,山形県,鶴岡市,17,1.213670304,,,,,,
316,山形県,酒田市,68,1.919012062,,,,,,
317,山形県,新庄市,248,4.354394026,,,,,,
318,山形県,寒河江市,159,3.187248708,,,,,,
319,山形県,上山市,245,4.315336014,,,,,,
320,山形県,村山市,79,2.077541643,,,,,,
321,山形県,長井市,295,4.949454337,,,,,,
322,山形県,天童市,177,3.417001723,,,,,,
323,山形県,東根市,105,2.452039058,,,,,,
324,山形県,尾花沢市,186,3.554853532,,,,,,
325,山形県,南陽市,201,3.734060885,,,,,,
326,山形県,山辺町,141,2.962090752,,,,,,
327,山形県,中山町,41,1.521539345,,,,,,
328,山形県,河北町,285,4.818495118,,,,,,
329,山形県,西川町,256,4.469270534,,,,,,
330,山形県,朝日町,23,1.287191269,,,,,,
331,山形県,大江町,181,3.469844917,,,,,,
332,山形県,大石田町,149,3.065479609,,,,,,
333,山形県,金山町,37,1.473291212,,,,,,
334,山形県,最上町,217,3.954623779,,,,,,
335,山形県,舟形町,159,3.187248708,,,,,,
336,山形県,真室川町,1,1.013785181,,,,,,
337,山形県,大蔵村,185,3.534175761,,,,,,
338,山形県,鮭川村,67,1.898334291,,,,,,
339,山形県,戸沢村,259,4.508328547,,,,,,
340,山形県,高畠町,117,2.596783458,,,,,,
341,山形県,川西町,286,4.832280299,,,,,,
342,山形県,小国町,181,3.469844917,,,,,,
343,山形県,白鷹町,255,4.448592763,,,,,,
344,山形県,飯豊町,269,4.627800115,,,,,,
345,山形県,三川町,119,2.62665135,,,,,,
346,山形県,庄内町,221,4.002871913,,,,,,
347,山形県,遊佐町,86,2.194715681,,,,,,
348,福島県,福島市,300,5,,,,,,
349,福島県,会津若松市,286,4.832280299,,,,,,
350,福島県,郡山市,181,3.469844917,,,,,,
351,福島県,いわき市,137,2.906950029,,,,,,
352,福島県,白河市,221,4.002871913,,,,,,
353,福島県,須賀川市,124,2.716255026,,,,,,
354,福島県,喜多方市,119,2.62665135,,,,,,
355,福島県,相馬市,261,4.529006318,,,,,,
356,福島県,二本松市,122,2.677197013,,,,,,
357,福島県,田村市,43,1.544514647,,,,,,
358,福島県,南相馬市,228,4.097070649,,,,,,
359,福島県,伊達市,102,2.408385985,,,,,,
360,福島県,本宮市,232,4.156806433,,,,,,
361,福島県,桑折町,77,2.054566341,,,,,,
362,福島県,国見町,205,3.791499138,,,,,,
363,福島県,川俣町,203,3.763928777,,,,,,
364,福島県,大玉村,96,2.33256749,,,,,,
365,福島県,鏡石町,59,1.806433084,,,,,,
366,福島県,天栄村,140,2.943710511,,,,,,
367,福島県,下郷町,7,1.082711086,,,,,,
368,福島県,檜枝岐村,208,3.832854681,,,,,,
369,福島県,只見町,71,1.969557725,,,,,,
370,福島県,南会津町,107,2.468121769,,,,,,
371,福島県,北塩原村,52,1.693854107,,,,,,
372,福島県,西会津町,37,1.473291212,,,,,,
373,福島県,磐梯町,169,3.318207926,,,,,,
374,福島県,猪苗代町,123,2.695577254,,,,,,
375,福島県,会津坂下町,252,4.41183228,,,,,,
376,福島県,湯川村,231,4.147616312,,,,,,
377,福島県,柳津町,286,4.832280299,,,,,,
378,福島県,三島町,191,3.600804136,,,,,,
379,福島県,金山町,62,1.838598507,,,,,,
380,福島県,昭和村,150,3.081562321,,,,,,
381,福島県,会津美里町,268,4.616312464,,,,,,
382,福島県,西郷村,157,3.168868466,,,,,,
383,福島県,泉崎村,61,1.827110856,,,,,,
384,福島県,中島村,57,1.771970132,,,,,,
385,福島県,矢吹町,11,1.133256749,,,,,,
386,福島県,棚倉町,90,2.236071223,,,,,,
387,福島県,矢祭町,111,2.532452613,,,,,,
388,福島県,塙町,233,4.168294084,,,,,,
389,福島県,鮫川村,239,4.248707639,,,,,,
390,福島県,石川町,72,1.990235497,,,,,,
391,福島県,玉川村,130,2.798966111,,,,,,
392,福島県,平田村,234,4.195864446,,,,,,
393,福島県,浅川町,111,2.532452613,,,,,,
394,福島県,古殿町,99,2.367030442,,,,,,
395,福島県,三春町,215,3.933946008,,,,,,
396,福島県,小野町,68,1.919012062,,,,,,
397,福島県,広野町,157,3.168868466,,,,,,
398,福島県,楢葉町,206,3.81217691,,,,,,
399,福島県,富岡町,234,4.195864446,,,,,,
400,福島県,川内村,266,4.591039632,,,,,,
401,福島県,大熊町,40,1.505456634,,,,,,
402,福島県,双葉町,82,2.134979897,,,,,,
403,福島県,浪江町,126,2.746122918,,,,,,
404,福島県,葛尾村,46,1.606547961,,,,,,
405,福島県,新地町,11,1.133256749,,,,,,
406,福島県,飯舘村,46,1.606547961,,,,,,
407,茨城県,水戸市,263,4.55887421,,,,,,
408,茨城県,日立市,68,1.919012062,,,,,,
409,茨城県,土浦市,171,3.345778288,,,,,,
410,茨城県,古河市,6,1.075818495,,,,,,
411,茨城県,石岡市,92,2.272831706,,,,,,
412,茨城県,結城市,225,4.046524986,,,,,,
413,茨城県,龍ケ崎市,217,3.954623779,,,,,,
414,茨城県,下妻市,290,4.882825962,,,,,,
415,茨城県,常総市,44,1.558299828,,,,,,
416,茨城県,常陸太田市,134,2.858701895,,,,,,
417,茨城県,高萩市,294,4.937966686,,,,,,
418,茨城県,北茨城市,49,1.657093624,,,,,,
419,茨城県,笠間市,52,1.693854107,,,,,,
420,茨城県,取手市,147,3.037909248,,,,,,
421,茨城県,牛久市,167,3.276852384,,,,,,
422,茨城県,つくば市,152,3.109132682,,,,,,
423,茨城県,ひたちなか市,150,3.081562321,,,,,,
424,茨城県,鹿嶋市,294,4.937966686,,,,,,
425,茨城県,潮来市,51,1.682366456,,,,,,
426,茨城県,守谷市,74,2.013210798,,,,,,
427,茨城県,常陸大宮市,279,4.735784032,,,,,,
428,茨城県,那珂市,139,2.93222286,,,,,,
429,茨城県,筑西市,3,1.041355543,,,,,,
430,茨城県,坂東市,58,1.788052843,,,,,,
431,茨城県,稲敷市,262,4.545089029,,,,,,
432,茨城県,かすみがうら市,60,1.817920735,,,,,,
433,茨城県,桜川市,298,4.983917289,,,,,,
434,茨城県,神栖市,169,3.318207926,,,,,,
435,茨城県,行方市,58,1.788052843,,,,,,
436,茨城県,鉾田市,109,2.493394601,,,,,,
437,茨城県,つくばみらい市,83,2.144170017,,,,,,
438,茨城県,小美玉市,228,4.097070649,,,,,,
439,茨城県,茨城町,24,1.310166571,,,,,,
440,茨城県,大洗町,88,2.217690982,,,,,,
441,茨城県,城里町,228,4.097070649,,,,,,
442,茨城県,東海村,67,1.898334291,,,,,,
443,茨城県,大子町,241,4.26249282,,,,,,
444,茨城県,美浦村,72,1.990235497,,,,,,
445,茨城県,阿見町,74,2.013210798,,,,,,
446,茨城県,河内町,208,3.832854681,,,,,,
447,茨城県,八千代町,86,2.194715681,,,,,,
448,茨城県,五霞町,73,2.004020678,,,,,,
449,茨城県,境町,197,3.688110281,,,,,,
450,茨城県,利根町,53,1.714531878,,,,,,
451,栃木県,宇都宮市,50,1.673176335,,,,,,
452,栃木県,足利市,143,2.987363584,,,,,,
453,栃木県,栃木市,75,2.029293509,,,,,,
454,栃木県,佐野市,47,1.629523262,,,,,,
455,栃木県,鹿沼市,101,2.396898334,,,,,,
456,栃木県,日光市,258,4.499138426,,,,,,
457,栃木県,小山市,132,2.824238943,,,,,,
458,栃木県,真岡市,214,3.917863297,,,,,,
459,栃木県,大田原市,205,3.791499138,,,,,,
460,栃木県,矢板市,264,4.570361861,,,,,,
461,栃木県,那須塩原市,117,2.596783458,,,,,,
462,栃木県,さくら市,221,4.002871913,,,,,,
463,栃木県,那須烏山市,48,1.647903504,,,,,,
464,栃木県,下野市,225,4.046524986,,,,,,
465,栃木県,上三川町,46,1.606547961,,,,,,
466,栃木県,益子町,150,3.081562321,,,,,,
467,栃木県,茂木町,131,2.812751292,,,,,,
468,栃木県,市貝町,138,2.92303274,,,,,,
469,栃木県,芳賀町,234,4.195864446,,,,,,
470,栃木県,壬生町,38,1.487076393,,,,,,
471,栃木県,野木町,86,2.194715681,,,,,,
472,栃木県,塩谷町,246,4.326823665,,,,,,
473,栃木県,高根沢町,4,1.057438254,,,,,,
474,栃木県,那須町,142,2.971280873,,,,,,
475,栃木県,那珂川町,185,3.534175761,,,,,,
476,群馬県,前橋市,196,3.676622631,,,,,,
477,群馬県,高崎市,215,3.933946008,,,,,,
478,群馬県,桐生市,298,4.983917289,,,,,,
479,群馬県,伊勢崎市,94,2.293509477,,,,,,
480,群馬県,太田市,148,3.053991959,,,,,,
481,群馬県,沼田市,260,4.522113728,,,,,,
482,群馬県,館林市,41,1.521539345,,,,,,
483,群馬県,渋川市,193,3.642159678,,,,,,
484,群馬県,藤岡市,188,3.575531304,,,,,,
485,群馬県,富岡市,136,2.897759908,,,,,,
486,群馬県,安中市,294,4.937966686,,,,,,
487,群馬県,みどり市,131,2.812751292,,,,,,
488,群馬県,榛東村,252,4.41183228,,,,,,
489,群馬県,吉岡町,47,1.629523262,,,,,,
490,群馬県,上野村,198,3.701895462,,,,,,
491,群馬県,神流町,75,2.029293509,,,,,,
492,群馬県,下仁田町,26,1.330844342,,,,,,
493,群馬県,南牧村,166,3.269959793,,,,,,
494,群馬県,甘楽町,3,1.041355543,,,,,,
495,群馬県,中之条町,186,3.554853532,,,,,,
496,群馬県,長野原町,95,2.314187249,,,,,,
497,群馬県,嬬恋村,49,1.657093624,,,,,,
498,群馬県,草津町,141,2.962090752,,,,,,
499,群馬県,高山村,134,2.858701895,,,,,,
500,群馬県,東吾妻町,44,1.558299828,,,,,,
501,群馬県,片品村,138,2.92303274,,,,,,
502,群馬県,川場村,293,4.917288914,,,,,,
503,群馬県,昭和村,241,4.26249282,,,,,,
504,群馬県,みなかみ町,174,3.380241241,,,,,,
505,群馬県,玉村町,27,1.344629523,,,,,,
506,群馬県,板倉町,214,3.917863297,,,,,,
507,群馬県,明和町,183,3.506605399,,,,,,
508,群馬県,千代田町,273,4.676048248,,,,,,
509,群馬県,大泉町,234,4.195864446,,,,,,
510,群馬県,邑楽町,282,4.779437105,,,,,,
511,埼玉県,さいたま市,132,2.824238943,,,,,,
512,埼玉県,川越市,109,2.493394601,,,,,,
513,埼玉県,熊谷市,149,3.065479609,,,,,,
514,埼玉県,川口市,107,2.468121769,,,,,,
515,埼玉県,行田市,41,1.521539345,,,,,,
516,埼玉県,秩父市,31,1.404365307,,,,,,
517,埼玉県,所沢市,221,4.002871913,,,,,,
518,埼玉県,飯能市,120,2.638139001,,,,,,
519,埼玉県,加須市,112,2.548535325,,,,,,
520,埼玉県,本庄市,262,4.545089029,,,,,,
521,埼玉県,東松山市,47,1.629523262,,,,,,
522,埼玉県,春日部市,24,1.310166571,,,,,,
523,埼玉県,狭山市,164,3.246984492,,,,,,
524,埼玉県,羽生市,81,2.112004595,,,,,,
525,埼玉県,鴻巣市,144,3.003446295,,,,,,
526,埼玉県,深谷市,15,1.188397473,,,,,,
527,埼玉県,上尾市,202,3.750143596,,,,,,
528,埼玉県,草加市,104,2.433658817,,,,,,
529,埼玉県,越谷市,246,4.326823665,,,,,,
530,埼玉県,蕨市,211,3.887995405,,,,,,
531,埼玉県,戸田市,169,3.318207926,,,,,,
532,埼玉県,入間市,115,2.576105686,,,,,,
533,埼玉県,朝霞市,265,4.586444572,,,,,,
534,埼玉県,志木市,179,3.444572085,,,,,,
535,埼玉県,和光市,138,2.92303274,,,,,,
536,埼玉県,新座市,67,1.898334291,,,,,,
537,埼玉県,桶川市,67,1.898334291,,,,,,
538,埼玉県,久喜市,34,1.431935669,,,,,,
539,埼玉県,北本市,300,5,,,,,,
540,埼玉県,八潮市,67,1.898334291,,,,,,
541,埼玉県,富士見市,218,3.96840896,,,,,,
542,埼玉県,三郷市,147,3.037909248,,,,,,
543,埼玉県,蓮田市,126,2.746122918,,,,,,
544,埼玉県,坂戸市,85,2.174037909,,,,,,
545,埼玉県,幸手市,29,1.374497415,,,,,,
546,埼玉県,鶴ヶ島市,95,2.314187249,,,,,,
547,埼玉県,日高市,136,2.897759908,,,,,,
548,埼玉県,吉川市,140,2.943710511,,,,,,
549,埼玉県,ふじみ野市,177,3.417001723,,,,,,
550,埼玉県,白岡市,121,2.663411832,,,,,,
551,埼玉県,伊奈町,105,2.452039058,,,,,,
552,埼玉県,三芳町,162,3.22630672,,,,,,
553,埼玉県,毛呂山町,130,2.798966111,,,,,,
554,埼玉県,越生町,149,3.065479609,,,,,,
555,埼玉県,滑川町,36,1.452613441,,,,,,
556,埼玉県,嵐山町,109,2.493394601,,,,,,
557,埼玉県,小川町,229,4.11545089,,,,,,
558,埼玉県,川島町,50,1.673176335,,,,,,
559,埼玉県,吉見町,218,3.96840896,,,,,,
560,埼玉県,鳩山町,225,4.046524986,,,,,,
561,埼玉県,ときがわ町,215,3.933946008,,,,,,
562,埼玉県,横瀬町,30,1.392877657,,,,,,
563,埼玉県,皆野町,276,4.70361861,,,,,,
564,埼玉県,長瀞町,228,4.097070649,,,,,,
565,埼玉県,小鹿野町,142,2.971280873,,,,,,
566,埼玉県,東秩父村,183,3.506605399,,,,,,
567,埼玉県,美里町,198,3.701895462,,,,,,
568,埼玉県,神川町,97,2.33716255,,,,,,
569,埼玉県,上里町,47,1.629523262,,,,,,
570,埼玉県,寄居町,47,1.629523262,,,,,,
571,埼玉県,宮代町,54,1.730614589,,,,,,
572,埼玉県,杉戸町,75,2.029293509,,,,,,
573,埼玉県,松伏町,258,4.499138426,,,,,,
574,千葉県,千葉市,237,4.223434808,,,,,,
575,千葉県,銚子市,136,2.897759908,,,,,,
576,千葉県,市川市,276,4.70361861,,,,,,
577,千葉県,船橋市,277,4.715106261,,,,,,
578,千葉県,館山市,80,2.095921884,,,,,,
579,千葉県,木更津市,179,3.444572085,,,,,,
580,千葉県,松戸市,206,3.81217691,,,,,,
581,千葉県,野田市,135,2.879379667,,,,,,
582,千葉県,茂原市,99,2.367030442,,,,,,
583,千葉県,成田市,34,1.431935669,,,,,,
584,千葉県,佐倉市,71,1.969557725,,,,,,
585,千葉県,東金市,210,3.860425043,,,,,,
586,千葉県,旭市,153,3.120620333,,,,,,
587,千葉県,習志野市,235,4.202757036,,,,,,
588,千葉県,柏市,118,2.608271109,,,,,,
589,千葉県,勝浦市,242,4.273980471,,,,,,
590,千葉県,市原市,256,4.469270534,,,,,,
591,千葉県,流山市,208,3.832854681,,,,,,
592,千葉県,八千代市,277,4.715106261,,,,,,
593,千葉県,我孫子市,288,4.85066054,,,,,,
594,千葉県,鴨川市,46,1.606547961,,,,,,
595,千葉県,鎌ケ谷市,119,2.62665135,,,,,,
596,千葉県,君津市,92,2.272831706,,,,,,
597,千葉県,富津市,292,4.912693854,,,,,,
598,千葉県,浦安市,117,2.596783458,,,,,,
599,千葉県,四街道市,122,2.677197013,,,,,,
600,千葉県,袖ケ浦市,193,3.642159678,,,,,,
601,千葉県,八街市,69,1.937392303,,,,,,
602,千葉県,印西市,75,2.029293509,,,,,,
603,千葉県,白井市,138,2.92303274,,,,,,
604,千葉県,富里市,289,4.864445721,,,,,,
605,千葉県,南房総市,242,4.273980471,,,,,,
606,千葉県,匝瑳市,33,1.427340609,,,,,,
607,千葉県,香取市,188,3.575531304,,,,,,
608,千葉県,山武市,30,1.392877657,,,,,,
609,千葉県,いすみ市,124,2.716255026,,,,,,
610,千葉県,大網白里市,111,2.532452613,,,,,,
611,千葉県,酒々井町,53,1.714531878,,,,,,
612,千葉県,栄町,236,4.214244687,,,,,,
613,千葉県,神崎町,183,3.506605399,,,,,,
614,千葉県,多古町,169,3.318207926,,,,,,
615,千葉県,東庄町,10,1.112578978,,,,,,
616,千葉県,九十九里町,291,4.903503733,,,,,,
617,千葉県,芝山町,80,2.095921884,,,,,,
618,千葉県,横芝光町,162,3.22630672,,,,,,
619,千葉県,一宮町,56,1.760482481,,,,,,
620,千葉県,睦沢町,209,3.844342332,,,,,,
621,千葉県,長生村,146,3.021826536,,,,,,
622,千葉県,白子町,12,1.1447444,,,,,,
623,千葉県,長柄町,59,1.806433084,,,,,,
624,千葉県,長南町,218,3.96840896,,,,,,
625,千葉県,大多喜町,290,4.882825962,,,,,,
626,千葉県,御宿町,40,1.505456634,,,,,,
627,千葉県,鋸南町,265,4.586444572,,,,,,
628,東京都,千代田区,82,2.134979897,,,,,,
629,東京都,中央区,118,2.608271109,,,,,,
630,東京都,港区,31,1.404365307,,,,,,
631,東京都,新宿区,37,1.473291212,,,,,,
632,東京都,文京区,268,4.616312464,,,,,,
633,東京都,台東区,45,1.581275129,,,,,,
634,東京都,墨田区,78,2.059161401,,,,,,
635,東京都,江東区,136,2.897759908,,,,,,
636,東京都,品川区,20,1.238943136,,,,,,
637,東京都,目黒区,23,1.287191269,,,,,,
638,東京都,大田区,166,3.269959793,,,,,,
639,東京都,世田谷区,25,1.321654222,,,,,,
640,東京都,渋谷区,178,3.426191844,,,,,,
641,東京都,中野区,92,2.272831706,,,,,,
642,東京都,杉並区,206,3.81217691,,,,,,
643,東京都,豊島区,59,1.806433084,,,,,,
644,東京都,北区,219,3.982194141,,,,,,
645,東京都,荒川区,152,3.109132682,,,,,,
646,東京都,板橋区,294,4.937966686,,,,,,
647,東京都,練馬区,59,1.806433084,,,,,,
648,東京都,足立区,146,3.021826536,,,,,,
649,東京都,葛飾区,271,4.653072947,,,,,,
650,東京都,江戸川区,278,4.726593912,,,,,,
651,東京都,八王子市,247,4.336013785,,,,,,
652,東京都,立川市,1,1.013785181,,,,,,
653,東京都,武蔵野市,267,4.600229753,,,,,,
654,東京都,三鷹市,196,3.676622631,,,,,,
655,東京都,青梅市,150,3.081562321,,,,,,
656,東京都,府中市,16,1.204480184,,,,,,
657,東京都,昭島市,277,4.715106261,,,,,,
658,東京都,調布市,280,4.754164273,,,,,,
659,東京都,町田市,265,4.586444572,,,,,,
660,東京都,小金井市,226,4.058012636,,,,,,
661,東京都,小平市,91,2.259046525,,,,,,
662,東京都,日野市,121,2.663411832,,,,,,
663,東京都,東村山市,33,1.427340609,,,,,,
664,東京都,国分寺市,131,2.812751292,,,,,,
665,東京都,国立市,95,2.314187249,,,,,,
666,東京都,福生市,82,2.134979897,,,,,,
667,東京都,狛江市,101,2.396898334,,,,,,
668,東京都,東大和市,91,2.259046525,,,,,,
669,東京都,清瀬市,99,2.367030442,,,,,,
670,東京都,東久留米市,130,2.798966111,,,,,,
671,東京都,武蔵村山市,170,3.336588168,,,,,,
672,東京都,多摩市,77,2.054566341,,,,,,
673,東京都,稲城市,165,3.253877082,,,,,,
674,東京都,羽村市,57,1.771970132,,,,,,
675,東京都,あきる野市,244,4.296955773,,,,,,
676,東京都,西東京市,123,2.695577254,,,,,,
677,東京都,瑞穂町,122,2.677197013,,,,,,
678,東京都,日の出町,29,1.374497415,,,,,,
679,東京都,檜原村,73,2.004020678,,,,,,
680,東京都,奥多摩町,85,2.174037909,,,,,,
681,東京都,大島町,183,3.506605399,,,,,,
682,東京都,利島村,224,4.032739805,,,,,,
683,東京都,新島村,173,3.361860999,,,,,,
684,東京都,神津島村,13,1.156232051,,,,,,
685,東京都,三宅村,256,4.469270534,,,,,,
686,東京都,御蔵島村,151,3.088454911,,,,,,
687,東京都,八丈町,123,2.695577254,,,,,,
688,東京都,青ヶ島村,139,2.93222286,,,,,,
689,東京都,小笠原村,151,3.088454911,,,,,,
690,神奈川県,横浜市,38,1.487076393,,,,,,
691,神奈川県,川崎市,130,2.798966111,,,,,,
692,神奈川県,相模原市,48,1.647903504,,,,,,
693,神奈川県,横須賀市,287,4.841470419,,,,,,
694,神奈川県,平塚市,193,3.642159678,,,,,,
695,神奈川県,鎌倉市,138,2.92303274,,,,,,
696,神奈川県,藤沢市,167,3.276852384,,,,,,
697,神奈川県,小田原市,53,1.714531878,,,,,,
698,神奈川県,茅ヶ崎市,243,4.285468122,,,,,,
699,神奈川県,逗子市,134,2.858701895,,,,,,
700,神奈川県,三浦市,102,2.408385985,,,,,,
701,神奈川県,秦野市,71,1.969557725,,,,,,
702,神奈川県,厚木市,91,2.259046525,,,,,,
703,神奈川県,大和市,125,2.732337737,,,,,,
704,神奈川県,伊勢原市,182,3.485927628,,,,,,
705,神奈川県,海老名市,296,4.960941987,,,,,,
706,神奈川県,座間市,22,1.273406088,,,,,,
707,神奈川県,南足柄市,67,1.898334291,,,,,,
708,神奈川県,綾瀬市,104,2.433658817,,,,,,
709,神奈川県,葉山町,84,2.164847789,,,,,,
710,神奈川県,寒川町,199,3.708788053,,,,,,
711,神奈川県,大磯町,108,2.47501436,,,,,,
712,神奈川県,二宮町,60,1.817920735,,,,,,
713,神奈川県,中井町,100,2.385410684,,,,,,
714,神奈川県,大井町,170,3.336588168,,,,,,
715,神奈川県,松田町,80,2.095921884,,,,,,
716,神奈川県,山北町,56,1.760482481,,,,,,
717,神奈川県,開成町,87,2.206203331,,,,,,
718,神奈川県,箱根町,146,3.021826536,,,,,,
719,神奈川県,真鶴町,99,2.367030442,,,,,,
720,神奈川県,湯河原町,233,4.168294084,,,,,,
721,神奈川県,愛川町,284,4.809304997,,,,,,
722,神奈川県,清川村,33,1.427340609,,,,,,
723,新潟県,新潟市,98,2.348650201,,,,,,
724,新潟県,長岡市,231,4.147616312,,,,,,
725,新潟県,三条市,67,1.898334291,,,,,,
726,新潟県,柏崎市,214,3.917863297,,,,,,
727,新潟県,新発田市,234,4.195864446,,,,,,
728,新潟県,小千谷市,202,3.750143596,,,,,,
729,新潟県,加茂市,120,2.638139001,,,,,,
730,新潟県,十日町市,145,3.010338886,,,,,,
731,新潟県,見附市,165,3.253877082,,,,,,
732,新潟県,村上市,58,1.788052843,,,,,,
733,新潟県,燕市,217,3.954623779,,,,,,
734,新潟県,糸魚川市,63,1.847788627,,,,,,
735,新潟県,妙高市,29,1.374497415,,,,,,
736,新潟県,五泉市,143,2.987363584,,,,,,
737,新潟県,上越市,90,2.236071223,,,,,,
738,新潟県,阿賀野市,272,4.664560597,,,,,,
739,新潟県,佐渡市,104,2.433658817,,,,,,
740,新潟県,魚沼市,46,1.606547961,,,,,,
741,新潟県,南魚沼市,177,3.417001723,,,,,,
742,新潟県,胎内市,46,1.606547961,,,,,,
743,新潟県,聖籠町,200,3.720275704,,,,,,
744,新潟県,弥彦村,20,1.238943136,,,,,,
745,新潟県,田上町,21,1.255025847,,,,,,
746,新潟県,阿賀町,119,2.62665135,,,,,,
747,新潟県,出雲崎町,87,2.206203331,,,,,,
748,新潟県,湯沢町,248,4.354394026,,,,,,
749,新潟県,津南町,80,2.095921884,,,,,,
750,新潟県,刈羽村,64,1.861573808,,,,,,
751,新潟県,関川村,121,2.663411832,,,,,,
752,新潟県,粟島浦村,121,2.663411832,,,,,,
753,富山県,富山市,141,2.962090752,,,,,,
754,富山県,高岡市,41,1.521539345,,,,,,
755,富山県,魚津市,289,4.864445721,,,,,,
756,富山県,氷見市,48,1.647903504,,,,,,
757,富山県,滑川市,202,3.750143596,,,,,,
758,富山県,黒部市,12,1.1447444,,,,,,
759,富山県,砺波市,54,1.730614589,,,,,,
760,富山県,小矢部市,177,3.417001723,,,,,,
761,富山県,南砺市,265,4.586444572,,,,,,
762,富山県,射水市,60,1.817920735,,,,,,
763,富山県,舟橋村,142,2.971280873,,,,,,
764,富山県,上市町,69,1.937392303,,,,,,
765,富山県,立山町,214,3.917863297,,,,,,
766,富山県,入善町,11,1.133256749,,,,,,
767,富山県,朝日町,296,4.960941987,,,,,,
768,石川県,金沢市,195,3.658242389,,,,,,
769,石川県,七尾市,14,1.172314762,,,,,,
770,石川県,小松市,43,1.544514647,,,,,,
771,石川県,輪島市,229,4.11545089,,,,,,
772,石川県,珠洲市,125,2.732337737,,,,,,
773,石川県,加賀市,282,4.779437105,,,,,,
774,石川県,羽咋市,110,2.504882252,,,,,,
775,石川県,かほく市,79,2.077541643,,,,,,
776,石川県,白山市,294,4.937966686,,,,,,
777,石川県,能美市,144,3.003446295,,,,,,
778,石川県,野々市市,86,2.194715681,,,,,,
779,石川県,川北町,272,4.664560597,,,,,,
780,石川県,津幡町,219,3.982194141,,,,,,
781,石川県,内灘町,153,3.120620333,,,,,,
782,石川県,志賀町,60,1.817920735,,,,,,
783,石川県,宝達志水町,243,4.285468122,,,,,,
784,石川県,中能登町,170,3.336588168,,,,,,
785,石川県,穴水町,234,4.195864446,,,,,,
786,石川県,能登町,289,4.864445721,,,,,,
787,福井県,福井市,85,2.174037909,,,,,,
788,福井県,敦賀市,211,3.887995405,,,,,,
789,福井県,小浜市,50,1.673176335,,,,,,
790,福井県,大野市,245,4.315336014,,,,,,
791,福井県,勝山市,238,4.234922458,,,,,,
792,福井県,鯖江市,94,2.293509477,,,,,,
793,福井県,あわら市,211,3.887995405,,,,,,
794,福井県,越前市,271,4.653072947,,,,,,
795,福井県,坂井市,50,1.673176335,,,,,,
796,福井県,永平寺町,2,1.022975302,,,,,,
797,福井県,池田町,68,1.919012062,,,,,,
798,福井県,南越前町,22,1.273406088,,,,,,
799,福井県,越前町,92,2.272831706,,,,,,
800,福井県,美浜町,251,4.398047099,,,,,,
801,福井県,高浜町,206,3.81217691,,,,,,
802,福井県,おおい町,90,2.236071223,,,,,,
803,福井県,若狭町,201,3.734060885,,,,,,
804,山梨県,甲府市,227,4.069500287,,,,,,
805,山梨県,富士吉田市,144,3.003446295,,,,,,
806,山梨県,都留市,10,1.112578978,,,,,,
807,山梨県,山梨市,61,1.827110856,,,,,,
808,山梨県,大月市,290,4.882825962,,,,,,
809,山梨県,韮崎市,278,4.726593912,,,,,,
810,山梨県,南アルプス市,272,4.664560597,,,,,,
811,山梨県,北杜市,180,3.449167145,,,,,,
812,山梨県,甲斐市,100,2.385410684,,,,,,
813,山梨県,笛吹市,193,3.642159678,,,,,,
814,山梨県,上野原市,269,4.627800115,,,,,,
815,山梨県,甲州市,147,3.037909248,,,,,,
816,山梨県,中央市,96,2.33256749,,,,,,
817,山梨県,市川三郷町,134,2.858701895,,,,,,
818,山梨県,早川町,110,2.504882252,,,,,,
819,山梨県,身延町,134,2.858701895,,,,,,
820,山梨県,南部町,280,4.754164273,,,,,,
821,山梨県,富士川町,166,3.269959793,,,,,,
822,山梨県,昭和町,17,1.213670304,,,,,,
823,山梨県,道志村,74,2.013210798,,,,,,
824,山梨県,西桂町,55,1.751292361,,,,,,
825,山梨県,忍野村,242,4.273980471,,,,,,
826,山梨県,山中湖村,98,2.348650201,,,,,,
827,山梨県,鳴沢村,240,4.25560023,,,,,,
828,山梨県,富士河口湖町,181,3.469844917,,,,,,
829,山梨県,小菅村,149,3.065479609,,,,,,
830,山梨県,丹波山村,11,1.133256749,,,,,,
831,長野県,長野市,52,1.693854107,,,,,,
832,長野県,松本市,53,1.714531878,,,,,,
833,長野県,上田市,39,1.498564044,,,,,,
834,長野県,岡谷市,82,2.134979897,,,,,,
835,長野県,飯田市,286,4.832280299,,,,,,
836,長野県,諏訪市,234,4.195864446,,,,,,
837,長野県,須坂市,162,3.22630672,,,,,,
838,長野県,小諸市,251,4.398047099,,,,,,
839,長野県,伊那市,37,1.473291212,,,,,,
840,長野県,駒ヶ根市,218,3.96840896,,,,,,
841,長野県,中野市,151,3.088454911,,,,,,
842,長野県,大町市,164,3.246984492,,,,,,
843,長野県,飯山市,47,1.629523262,,,,,,
844,長野県,茅野市,249,4.368179207,,,,,,
845,長野県,塩尻市,290,4.882825962,,,,,,
846,長野県,佐久市,239,4.248707639,,,,,,
847,長野県,千曲市,161,3.212521539,,,,,,
848,長野県,東御市,133,2.840321654,,,,,,
849,長野県,安曇野市,65,1.866168868,,,,,,
850,長野県,小海町,223,4.021252154,,,,,,
851,長野県,川上村,92,2.272831706,,,,,,
852,長野県,南牧村,298,4.983917289,,,,,,
853,長野県,南相木村,280,4.754164273,,,,,,
854,長野県,北相木村,79,2.077541643,,,,,,
855,長野県,佐久穂町,249,4.368179207,,,,,,
856,長野県,軽井沢町,228,4.097070649,,,,,,
857,長野県,御代田町,148,3.053991959,,,,,,
858,長野県,立科町,4,1.057438254,,,,,,
859,長野県,青木村,20,1.238943136,,,,,,
860,長野県,長和町,251,4.398047099,,,,,,
861,長野県,下諏訪町,15,1.188397473,,,,,,
862,長野県,富士見町,273,4.676048248,,,,,,
863,長野県,原村,1,1.013785181,,,,,,
864,長野県,辰野町,233,4.168294084,,,,,,
865,長野県,箕輪町,276,4.70361861,,,,,,
866,長野県,飯島町,41,1.521539345,,,,,,
867,長野県,南箕輪村,163,3.235496841,,,,,,
868,長野県,中川村,55,1.751292361,,,,,,
869,長野県,宮田村,97,2.33716255,,,,,,
870,長野県,松川町,185,3.534175761,,,,,,
871,長野県,高森町,6,1.075818495,,,,,,
872,長野県,阿南町,18,1.218265365,,,,,,
873,長野県,阿智村,108,2.47501436,,,,,,
874,長野県,平谷村,201,3.734060885,,,,,,
875,長野県,根羽村,53,1.714531878,,,,,,
876,長野県,下條村,155,3.157380816,,,,,,
877,長野県,売木村,105,2.452039058,,,,,,
878,長野県,天龍村,169,3.318207926,,,,,,
879,長野県,泰阜村,10,1.112578978,,,,,,
880,長野県,喬木村,200,3.720275704,,,,,,
881,長野県,豊丘村,191,3.600804136,,,,,,
882,長野県,大鹿村,66,1.873061459,,,,,,
883,長野県,上松町,284,4.809304997,,,,,,
884,長野県,南木曽町,246,4.326823665,,,,,,
885,長野県,木祖村,12,1.1447444,,,,,,
886,長野県,王滝村,57,1.771970132,,,,,,
887,長野県,大桑村,71,1.969557725,,,,,,
888,長野県,木曽町,246,4.326823665,,,,,,
889,長野県,麻績村,44,1.558299828,,,,,,
890,長野県,生坂村,124,2.716255026,,,,,,
891,長野県,山形村,64,1.861573808,,,,,,
892,長野県,朝日村,184,3.52039058,,,,,,
893,長野県,筑北村,282,4.779437105,,,,,,
894,長野県,池田町,181,3.469844917,,,,,,
895,長野県,松川村,248,4.354394026,,,,,,
896,長野県,白馬村,255,4.448592763,,,,,,
897,長野県,小谷村,54,1.730614589,,,,,,
898,長野県,坂城町,87,2.206203331,,,,,,
899,長野県,小布施町,271,4.653072947,,,,,,
900,長野県,高山村,123,2.695577254,,,,,,
901,長野県,山ノ内町,258,4.499138426,,,,,,
902,長野県,木島平村,24,1.310166571,,,,,,
903,長野県,野沢温泉村,54,1.730614589,,,,,,
904,長野県,信濃町,226,4.058012636,,,,,,
905,長野県,小川村,291,4.903503733,,,,,,
906,長野県,飯綱町,115,2.576105686,,,,,,
907,長野県,栄村,111,2.532452613,,,,,,
908,岐阜県,岐阜市,249,4.368179207,,,,,,
909,岐阜県,大垣市,223,4.021252154,,,,,,
910,岐阜県,高山市,144,3.003446295,,,,,,
911,岐阜県,多治見市,155,3.157380816,,,,,,
912,岐阜県,関市,182,3.485927628,,,,,,
913,岐阜県,中津川市,124,2.716255026,,,,,,
914,岐阜県,美濃市,204,3.770821367,,,,,,
915,岐阜県,瑞浪市,158,3.178058587,,,,,,
916,岐阜県,羽島市,216,3.940838599,,,,,,
917,岐阜県,恵那市,267,4.600229753,,,,,,
918,岐阜県,美濃加茂市,250,4.384261918,,,,,,
919,岐阜県,土岐市,282,4.779437105,,,,,,
920,岐阜県,各務原市,118,2.608271109,,,,,,
921,岐阜県,可児市,154,3.139000574,,,,,,
922,岐阜県,山県市,291,4.903503733,,,,,,
923,岐阜県,瑞穂市,295,4.949454337,,,,,,
924,岐阜県,飛騨市,46,1.606547961,,,,,,
925,岐阜県,本巣市,4,1.057438254,,,,,,
926,岐阜県,郡上市,14,1.172314762,,,,,,
927,岐阜県,下呂市,24,1.310166571,,,,,,
928,岐阜県,海津市,231,4.147616312,,,,,,
929,岐阜県,岐南町,16,1.204480184,,,,,,
930,岐阜県,笠松町,190,3.587018955,,,,,,
931,岐阜県,養老町,222,4.009764503,,,,,,
932,岐阜県,垂井町,49,1.657093624,,,,,,
933,岐阜県,関ケ原町,106,2.456634118,,,,,,
934,岐阜県,神戸町,6,1.075818495,,,,,,
935,岐阜県,輪之内町,86,2.194715681,,,,,,
936,岐阜県,安八町,7,1.082711086,,,,,,
937,岐阜県,揖斐川町,128,2.77828834,,,,,,
938,岐阜県,大野町,203,3.763928777,,,,,,
939,岐阜県,池田町,157,3.168868466,,,,,,
940,岐阜県,北方町,245,4.315336014,,,,,,
941,岐阜県,坂祝町,16,1.204480184,,,,,,
942,岐阜県,富加町,69,1.937392303,,,,,,
943,岐阜県,川辺町,91,2.259046525,,,,,,
944,岐阜県,七宗町,220,3.989086732,,,,,,
945,岐阜県,八百津町,121,2.663411832,,,,,,
946,岐阜県,白川町,187,3.564043653,,,,,,
947,岐阜県,東白川村,184,3.52039058,,,,,,
948,岐阜県,御嵩町,116,2.587593337,,,,,,
949,岐阜県,白川村,287,4.841470419,,,,,,
950,静岡県,静岡市,19,1.229753016,,,,,,
951,静岡県,浜松市,281,4.765651924,,,,,,
952,静岡県,沼津市,239,4.248707639,,,,,,
953,静岡県,熱海市,45,1.581275129,,,,,,
954,静岡県,三島市,198,3.701895462,,,,,,
955,静岡県,富士宮市,115,2.576105686,,,,,,
956,静岡県,伊東市,168,3.295232625,,,,,,s
957,静岡県,島田市,205,3.791499138,,,,,,
958,静岡県,富士市,197,3.688110281,,,,,,
959,静岡県,磐田市,239,4.248707639,,,,,,
960,静岡県,焼津市,87,2.206203331,,,,,,
961,静岡県,掛川市,174,3.380241241,,,,,,
962,静岡県,藤枝市,148,3.053991959,,,,,,
963,静岡県,御殿場市,219,3.982194141,,,,,,
964,静岡県,袋井市,186,3.554853532,,,,,,
965,静岡県,下田市,209,3.844342332,,,,,,
966,静岡県,裾野市,210,3.860425043,,,,,,
967,静岡県,湖西市,62,1.838598507,,,,,,
968,静岡県,伊豆市,285,4.818495118,,,,,,
969,静岡県,御前崎市,87,2.206203331,,,,,,
970,静岡県,菊川市,210,3.860425043,,,,,,
971,静岡県,伊豆の国市,290,4.882825962,,,,,,
972,静岡県,牧之原市,221,4.002871913,,,,,,
973,静岡県,東伊豆町,24,1.310166571,,,,,,
974,静岡県,河津町,168,3.295232625,,,,,,
975,静岡県,南伊豆町,68,1.919012062,,,,,,
976,静岡県,松崎町,228,4.097070649,,,,,,
977,静岡県,西伊豆町,256,4.469270534,,,,,,
978,静岡県,函南町,1,1.013785181,,,,,,
979,静岡県,清水町,127,2.762205629,,,,,,
980,静岡県,長泉町,154,3.139000574,,,,,,
981,静岡県,小山町,47,1.629523262,,,,,,
982,静岡県,吉田町,217,3.954623779,,,,,,
983,静岡県,川根本町,128,2.77828834,,,,,,
984,静岡県,森町,240,4.25560023,,,,,,
985,愛知県,名古屋市,273,4.676048248,,,,,,
986,愛知県,豊橋市,210,3.860425043,,,,,,
987,愛知県,岡崎市,229,4.11545089,,,,,,
988,愛知県,一宮市,268,4.616312464,,,,,,
989,愛知県,瀬戸市,251,4.398047099,,,,,,
990,愛知県,半田市,245,4.315336014,,,,,,
991,愛知県,春日井市,236,4.214244687,,,,,,
992,愛知県,豊川市,89,2.226881103,,,,,,
993,愛知県,津島市,128,2.77828834,,,,,,
994,愛知県,碧南市,277,4.715106261,,,,,,
995,愛知県,刈谷市,192,3.619184377,,,,,,
996,愛知県,豊田市,68,1.919012062,,,,,,
997,愛知県,安城市,154,3.139000574,,,,,,
998,愛知県,西尾市,292,4.912693854,,,,,,
999,愛知県,蒲郡市,184,3.52039058,,,,,,
1000,愛知県,犬山市,295,4.949454337,,,,,,
1001,愛知県,常滑市,254,4.425617461,,,,,,
1002,愛知県,江南市,262,4.545089029,,,,,,
1003,愛知県,小牧市,106,2.456634118,,,,,,
1004,愛知県,稲沢市,196,3.676622631,,,,,,
1005,愛知県,新城市,52,1.693854107,,,,,,
1006,愛知県,東海市,158,3.178058587,,,,,,
1007,愛知県,大府市,148,3.053991959,,,,,,
1008,愛知県,知多市,258,4.499138426,,,,,,
1009,愛知県,知立市,128,2.77828834,,,,,,
1010,愛知県,尾張旭市,211,3.887995405,,,,,,
1011,愛知県,高浜市,14,1.172314762,,,,,,
1012,愛知県,岩倉市,109,2.493394601,,,,,,
1013,愛知県,豊明市,1,1.013785181,,,,,,
1014,愛知県,日進市,259,4.508328547,,,,,,
1015,愛知県,田原市,116,2.587593337,,,,,,
1016,愛知県,愛西市,212,3.899483056,,,,,,
1017,愛知県,清須市,21,1.255025847,,,,,,
1018,愛知県,北名古屋市,176,3.396323952,,,,,,
1019,愛知県,弥富市,143,2.987363584,,,,,,
1020,愛知県,みよし市,45,1.581275129,,,,,,
1021,愛知県,あま市,263,4.55887421,,,,,,
1022,愛知県,長久手市,212,3.899483056,,,,,,
1023,愛知県,東郷町,200,3.720275704,,,,,,
1024,愛知県,豊山町,200,3.720275704,,,,,,
1025,愛知県,大口町,94,2.293509477,,,,,,
1026,愛知県,扶桑町,58,1.788052843,,,,,,
1027,愛知県,大治町,19,1.229753016,,,,,,
1028,愛知県,蟹江町,55,1.751292361,,,,,,
1029,愛知県,飛島村,71,1.969557725,,,,,,
1030,愛知県,阿久比町,297,4.967834578,,,,,,
1031,愛知県,東浦町,233,4.168294084,,,,,,
1032,愛知県,南知多町,168,3.295232625,,,,,,
1033,愛知県,美浜町,146,3.021826536,,,,,,
1034,愛知県,武豊町,27,1.344629523,,,,,,
1035,愛知県,幸田町,33,1.427340609,,,,,,
1036,愛知県,設楽町,236,4.214244687,,,,,,
1037,愛知県,東栄町,16,1.204480184,,,,,,
1038,愛知県,豊根村,43,1.544514647,,,,,,
1039,三重県,津市,248,4.354394026,,,,,,
1040,三重県,四日市市,164,3.246984492,,,,,,
1041,三重県,伊勢市,139,2.93222286,,,,,,
1042,三重県,松阪市,164,3.246984492,,,,,,
1043,三重県,桑名市,66,1.873061459,,,,,,
1044,三重県,鈴鹿市,252,4.41183228,,,,,,
1045,三重県,名張市,296,4.960941987,,,,,,
1046,三重県,尾鷲市,280,4.754164273,,,,,,
1047,三重県,亀山市,50,1.673176335,,,,,,
1048,三重県,鳥羽市,245,4.315336014,,,,,,
1049,三重県,熊野市,291,4.903503733,,,,,,
1050,三重県,いなべ市,81,2.112004595,,,,,,
1051,三重県,志摩市,160,3.203331419,,,,,,
1052,三重県,伊賀市,159,3.187248708,,,,,,
1053,三重県,木曽岬町,83,2.144170017,,,,,,
1054,三重県,東員町,54,1.730614589,,,,,,
1055,三重県,菰野町,183,3.506605399,,,,,,
1056,三重県,朝日町,195,3.658242389,,,,,,
1057,三重県,川越町,53,1.714531878,,,,,,
1058,三重県,多気町,30,1.392877657,,,,,,
1059,三重県,明和町,50,1.673176335,,,,,,
1060,三重県,大台町,227,4.069500287,,,,,,
1061,三重県,玉城町,95,2.314187249,,,,,,
1062,三重県,度会町,138,2.92303274,,,,,,
1063,三重県,大紀町,21,1.255025847,,,,,,
1064,三重県,南伊勢町,100,2.385410684,,,,,,
1065,三重県,紀北町,39,1.498564044,,,,,,
1066,三重県,御浜町,204,3.770821367,,,,,,
1067,三重県,紀宝町,158,3.178058587,,,,,,
1068,滋賀県,大津市,111,2.532452613,,,,,,
1069,滋賀県,彦根市,295,4.949454337,,,,,,
1070,滋賀県,長浜市,196,3.676622631,,,,,,
1071,滋賀県,近江八幡市,94,2.293509477,,,,,,
1072,滋賀県,草津市,4,1.057438254,,,,,,
1073,滋賀県,守山市,242,4.273980471,,,,,,
1074,滋賀県,栗東市,274,4.682940839,,,,,,
1075,滋賀県,甲賀市,11,1.133256749,,,,,,
1076,滋賀県,野洲市,109,2.493394601,,,,,,
1077,滋賀県,湖南市,231,4.147616312,,,,,,
1078,滋賀県,高島市,266,4.591039632,,,,,,
1079,滋賀県,東近江市,207,3.8190695,,,,,,
1080,滋賀県,米原市,82,2.134979897,,,,,,
1081,滋賀県,日野町,114,2.564618036,,,,,,
1082,滋賀県,竜王町,223,4.021252154,,,,,,
1083,滋賀県,愛荘町,204,3.770821367,,,,,,
1084,滋賀県,豊郷町,290,4.882825962,,,,,,
1085,滋賀県,甲良町,70,1.948879954,,,,,,
1086,滋賀県,多賀町,96,2.33256749,,,,,,
1087,京都府,京都市,39,1.498564044,,,,,,
1088,京都府,福知山市,168,3.295232625,,,,,,
1089,京都府,舞鶴市,37,1.473291212,,,,,,
1090,京都府,綾部市,282,4.779437105,,,,,,
1091,京都府,宇治市,148,3.053991959,,,,,,
1092,京都府,宮津市,48,1.647903504,,,,,,
1093,京都府,亀岡市,111,2.532452613,,,,,,
1094,京都府,城陽市,122,2.677197013,,,,,,
1095,京都府,向日市,270,4.632395175,,,,,,
1096,京都府,長岡京市,198,3.701895462,,,,,,
1097,京都府,八幡市,12,1.1447444,,,,,,
1098,京都府,京田辺市,190,3.587018955,,,,,,
1099,京都府,京丹後市,207,3.8190695,,,,,,
1100,京都府,南丹市,262,4.545089029,,,,,,
1101,京都府,木津川市,162,3.22630672,,,,,,
1102,京都府,大山崎町,254,4.425617461,,,,,,
1103,京都府,久御山町,124,2.716255026,,,,,,
1104,京都府,井手町,234,4.195864446,,,,,,
1105,京都府,宇治田原町,165,3.253877082,,,,,,
1106,京都府,笠置町,208,3.832854681,,,,,,
1107,京都府,和束町,136,2.897759908,,,,,,
1108,京都府,精華町,185,3.534175761,,,,,,
1109,京都府,南山城村,22,1.273406088,,,,,,
1110,京都府,京丹波町,252,4.41183228,,,,,,
1111,京都府,伊根町,209,3.844342332,,,,,,
1112,京都府,与謝野町,268,4.616312464,,,,,,
1113,大阪府,大阪市,246,4.326823665,,,,,,
1114,大阪府,堺市,253,4.416427341,,,,,,
1115,大阪府,岸和田市,36,1.452613441,,,,,,
1116,大阪府,豊中市,107,2.468121769,,,,,,
1117,大阪府,池田市,111,2.532452613,,,,,,
1118,大阪府,吹田市,192,3.619184377,,,,,,
1119,大阪府,泉大津市,230,4.129236071,,,,,,
1120,大阪府,高槻市,187,3.564043653,,,,,,
1121,大阪府,貝塚市,95,2.314187249,,,,,,
1122,大阪府,守口市,64,1.861573808,,,,,,
1123,大阪府,枚方市,124,2.716255026,,,,,,
1124,大阪府,茨木市,230,4.129236071,,,,,,
1125,大阪府,八尾市,127,2.762205629,,,,,,
1126,大阪府,泉佐野市,45,1.581275129,,,,,,
1127,大阪府,富田林市,181,3.469844917,,,,,,
1128,大阪府,寝屋川市,179,3.444572085,,,,,,
1129,大阪府,河内長野市,207,3.8190695,,,,,,
1130,大阪府,松原市,271,4.653072947,,,,,,
1131,大阪府,大東市,173,3.361860999,,,,,,
1132,大阪府,和泉市,179,3.444572085,,,,,,
1133,大阪府,箕面市,163,3.235496841,,,,,,
1134,大阪府,柏原市,5,1.059735784,,,,,,
1135,大阪府,羽曳野市,119,2.62665135,,,,,,
1136,大阪府,門真市,154,3.139000574,,,,,,
1137,大阪府,摂津市,203,3.763928777,,,,,,
1138,大阪府,高石市,137,2.906950029,,,,,,
1139,大阪府,藤井寺市,72,1.990235497,,,,,,
1140,大阪府,東大阪市,25,1.321654222,,,,,,
1141,大阪府,泉南市,170,3.336588168,,,,,,
1142,大阪府,四條畷市,59,1.806433084,,,,,,
1143,大阪府,交野市,35,1.44342332,,,,,,
1144,大阪府,大阪狭山市,32,1.411257898,,,,,,
1145,大阪府,阪南市,193,3.642159678,,,,,,
1146,大阪府,島本町,168,3.295232625,,,,,,
1147,大阪府,豊能町,118,2.608271109,,,,,,
1148,大阪府,能勢町,298,4.983917289,,,,,,
1149,大阪府,忠岡町,202,3.750143596,,,,,,
1150,大阪府,熊取町,152,3.109132682,,,,,,
1151,大阪府,田尻町,252,4.41183228,,,,,,
1152,大阪府,岬町,73,2.004020678,,,,,,
1153,大阪府,太子町,22,1.273406088,,,,,,
1154,大阪府,河南町,255,4.448592763,,,,,,
1155,大阪府,千早赤阪村,96,2.33256749,,,,,,
1156,兵庫県,神戸市,189,3.582423894,,,,,,
1157,兵庫県,姫路市,4,1.057438254,,,,,,
1158,兵庫県,尼崎市,94,2.293509477,,,,,,
1159,兵庫県,明石市,265,4.586444572,,,,,,
1160,兵庫県,西宮市,62,1.838598507,,,,,,
1161,兵庫県,洲本市,141,2.962090752,,,,,,
1162,兵庫県,芦屋市,244,4.296955773,,,,,,
1163,兵庫県,伊丹市,3,1.041355543,,,,,,
1164,兵庫県,相生市,48,1.647903504,,,,,,
1165,兵庫県,豊岡市,224,4.032739805,,,,,,
1166,兵庫県,加古川市,206,3.81217691,,,,,,
1167,兵庫県,赤穂市,140,2.943710511,,,,,,
1168,兵庫県,西脇市,119,2.62665135,,,,,,
1169,兵庫県,宝塚市,218,3.96840896,,,,,,
1170,兵庫県,三木市,144,3.003446295,,,,,,
1171,兵庫県,高砂市,121,2.663411832,,,,,,
1172,兵庫県,川西市,107,2.468121769,,,,,,
1173,兵庫県,小野市,111,2.532452613,,,,,,
1174,兵庫県,三田市,19,1.229753016,,,,,,
1175,兵庫県,加西市,83,2.144170017,,,,,,
1176,兵庫県,丹波篠山市,67,1.898334291,,,,,,
1177,兵庫県,養父市,76,2.04078116,,,,,,
1178,兵庫県,丹波市,171,3.345778288,,,,,,
1179,兵庫県,南あわじ市,176,3.396323952,,,,,,
1180,兵庫県,朝来市,88,2.217690982,,,,,,
1181,兵庫県,淡路市,58,1.788052843,,,,,,
1182,兵庫県,宍粟市,286,4.832280299,,,,,,
1183,兵庫県,加東市,276,4.70361861,,,,,,
1184,兵庫県,たつの市,41,1.521539345,,,,,,
1185,兵庫県,猪名川町,185,3.534175761,,,,,,
1186,兵庫県,多可町,228,4.097070649,,,,,,
1187,兵庫県,稲美町,269,4.627800115,,,,,,
1188,兵庫県,播磨町,110,2.504882252,,,,,,
1189,兵庫県,市川町,114,2.564618036,,,,,,
1190,兵庫県,福崎町,65,1.866168868,,,,,,
1191,兵庫県,神河町,14,1.172314762,,,,,,
1192,兵庫県,太子町,130,2.798966111,,,,,,
1193,兵庫県,上郡町,25,1.321654222,,,,,,
1194,兵庫県,佐用町,63,1.847788627,,,,,,
1195,兵庫県,香美町,75,2.029293509,,,,,,
1196,兵庫県,新温泉町,146,3.021826536,,,,,,
1197,奈良県,奈良市,59,1.806433084,,,,,,
1198,奈良県,大和高田市,197,3.688110281,,,,,,
1199,奈良県,大和郡山市,205,3.791499138,,,,,,
1200,奈良県,天理市,213,3.904078116,,,,,,
1201,奈良県,橿原市,59,1.806433084,,,,,,
1202,奈良県,桜井市,249,4.368179207,,,,,,
1203,奈良県,五條市,289,4.864445721,,,,,,
1204,奈良県,御所市,265,4.586444572,,,,,,
1205,奈良県,生駒市,124,2.716255026,,,,,,
1206,奈良県,香芝市,51,1.682366456,,,,,,
1207,奈良県,葛城市,13,1.156232051,,,,,,
1208,奈良県,宇陀市,78,2.059161401,,,,,,
1209,奈良県,山添村,299,4.990809879,,,,,,
1210,奈良県,平群町,115,2.576105686,,,,,,
1211,奈良県,三郷町,22,1.273406088,,,,,,
1212,奈良県,斑鳩町,250,4.384261918,,,,,,
1213,奈良県,安堵町,99,2.367030442,,,,,,
1214,奈良県,川西町,103,2.415278576,,,,,,
1215,奈良県,三宅町,193,3.642159678,,,,,,
1216,奈良県,田原本町,11,1.133256749,,,,,,
1217,奈良県,曽爾村,48,1.647903504,,,,,,
1218,奈良県,御杖村,71,1.969557725,,,,,,
1219,奈良県,高取町,101,2.396898334,,,,,,
1220,奈良県,明日香村,86,2.194715681,,,,,,
1221,奈良県,上牧町,105,2.452039058,,,,,,
1222,奈良県,王寺町,72,1.990235497,,,,,,
1223,奈良県,広陵町,211,3.887995405,,,,,,
1224,奈良県,河合町,283,4.795519816,,,,,,
1225,奈良県,吉野町,177,3.417001723,,,,,,
1226,奈良県,大淀町,125,2.732337737,,,,,,
1227,奈良県,下市町,283,4.795519816,,,,,,
1228,奈良県,黒滝村,39,1.498564044,,,,,,
1229,奈良県,天川村,257,4.487650775,,,,,,
1230,奈良県,野迫川村,222,4.009764503,,,,,,
1231,奈良県,十津川村,93,2.277426766,,,,,,
1232,奈良県,下北山村,281,4.765651924,,,,,,
1233,奈良県,上北山村,168,3.295232625,,,,,,
1234,奈良県,川上村,135,2.879379667,,,,,,
1235,奈良県,東吉野村,90,2.236071223,,,,,,
1236,和歌山県,和歌山市,103,2.415278576,,,,,,
1237,和歌山県,海南市,216,3.940838599,,,,,,
1238,和歌山県,橋本市,82,2.134979897,,,,,,
1239,和歌山県,有田市,29,1.374497415,,,,,,
1240,和歌山県,御坊市,43,1.544514647,,,,,,
1241,和歌山県,田辺市,64,1.861573808,,,,,,
1242,和歌山県,新宮市,100,2.385410684,,,,,,
1243,和歌山県,紀の川市,69,1.937392303,,,,,,
1244,和歌山県,岩出市,238,4.234922458,,,,,,
1245,和歌山県,紀美野町,189,3.582423894,,,,,,
1246,和歌山県,かつらぎ町,223,4.021252154,,,,,,
1247,和歌山県,九度山町,259,4.508328547,,,,,,
1248,和歌山県,高野町,166,3.269959793,,,,,,
1249,和歌山県,湯浅町,125,2.732337737,,,,,,
1250,和歌山県,広川町,29,1.374497415,,,,,,
1251,和歌山県,有田川町,24,1.310166571,,,,,,
1252,和歌山県,美浜町,125,2.732337737,,,,,,
1253,和歌山県,日高町,95,2.314187249,,,,,,
1254,和歌山県,由良町,45,1.581275129,,,,,,
1255,和歌山県,印南町,191,3.600804136,,,,,,
1256,和歌山県,みなべ町,55,1.751292361,,,,,,
1257,和歌山県,日高川町,55,1.751292361,,,,,,
1258,和歌山県,白浜町,11,1.133256749,,,,,,
1259,和歌山県,上富田町,88,2.217690982,,,,,,
1260,和歌山県,すさみ町,261,4.529006318,,,,,,
1261,和歌山県,那智勝浦町,36,1.452613441,,,,,,
1262,和歌山県,太地町,79,2.077541643,,,,,,
1263,和歌山県,古座川町,279,4.735784032,,,,,,
1264,和歌山県,北山村,141,2.962090752,,,,,,
1265,和歌山県,串本町,126,2.746122918,,,,,,
1266,鳥取県,鳥取市,129,2.78518093,,,,,,
1267,鳥取県,米子市,255,4.448592763,,,,,,
1268,鳥取県,倉吉市,237,4.223434808,,,,,,
1269,鳥取県,境港市,76,2.04078116,,,,,,
1270,鳥取県,岩美町,160,3.203331419,,,,,,
1271,鳥取県,若桜町,232,4.156806433,,,,,,
1272,鳥取県,智頭町,178,3.426191844,,,,,,
1273,鳥取県,八頭町,98,2.348650201,,,,,,
1274,鳥取県,三朝町,122,2.677197013,,,,,,
1275,鳥取県,湯梨浜町,227,4.069500287,,,,,,
1276,鳥取県,琴浦町,63,1.847788627,,,,,,
1277,鳥取県,北栄町,210,3.860425043,,,,,,
1278,鳥取県,日吉津村,256,4.469270534,,,,,,
1279,鳥取県,大山町,63,1.847788627,,,,,,
1280,鳥取県,南部町,60,1.817920735,,,,,,
1281,鳥取県,伯耆町,215,3.933946008,,,,,,
1282,鳥取県,日南町,181,3.469844917,,,,,,
1283,鳥取県,日野町,18,1.218265365,,,,,,
1284,鳥取県,江府町,69,1.937392303,,,,,,
1285,島根県,松江市,187,3.564043653,,,,,,
1286,島根県,浜田市,32,1.411257898,,,,,,
1287,島根県,出雲市,206,3.81217691,,,,,,
1288,島根県,益田市,230,4.129236071,,,,,,
1289,島根県,大田市,54,1.730614589,,,,,,
1290,島根県,安来市,262,4.545089029,,,,,,
1291,島根県,江津市,159,3.187248708,,,,,,
1292,島根県,雲南市,133,2.840321654,,,,,,
1293,島根県,奥出雲町,255,4.448592763,,,,,,
1294,島根県,飯南町,132,2.824238943,,,,,,
1295,島根県,川本町,228,4.097070649,,,,,,
1296,島根県,美郷町,2,1.022975302,,,,,,
1297,島根県,邑南町,13,1.156232051,,,,,,
1298,島根県,津和野町,154,3.139000574,,,,,,
1299,島根県,吉賀町,154,3.139000574,,,,,,
1300,島根県,海士町,109,2.493394601,,,,,,
1301,島根県,西ノ島町,228,4.097070649,,,,,,
1302,島根県,知夫村,160,3.203331419,,,,,,
1303,島根県,隠岐の島町,15,1.188397473,,,,,,
1304,岡山県,岡山市,193,3.642159678,,,,,,
1305,岡山県,倉敷市,228,4.097070649,,,,,,
1306,岡山県,津山市,88,2.217690982,,,,,,
1307,岡山県,玉野市,172,3.350373349,,,,,,
1308,岡山県,笠岡市,30,1.392877657,,,,,,
1309,岡山県,井原市,217,3.954623779,,,,,,
1310,岡山県,総社市,75,2.029293509,,,,,,
1311,岡山県,高梁市,67,1.898334291,,,,,,
1312,岡山県,新見市,169,3.318207926,,,,,,
1313,岡山県,備前市,46,1.606547961,,,,,,
1314,岡山県,瀬戸内市,61,1.827110856,,,,,,
1315,岡山県,赤磐市,173,3.361860999,,,,,,
1316,岡山県,真庭市,198,3.701895462,,,,,,
1317,岡山県,美作市,113,2.553130385,,,,,,
1318,岡山県,浅口市,133,2.840321654,,,,,,
1319,岡山県,和気町,175,3.382538771,,,,,,
1320,岡山県,早島町,160,3.203331419,,,,,,
1321,岡山県,里庄町,194,3.646754739,,,,,,
1322,岡山県,矢掛町,101,2.396898334,,,,,,
1323,岡山県,新庄村,183,3.506605399,,,,,,
1324,岡山県,鏡野町,67,1.898334291,,,,,,
1325,岡山県,勝央町,6,1.075818495,,,,,,
1326,岡山県,奈義町,205,3.791499138,,,,,,
1327,岡山県,西粟倉村,229,4.11545089,,,,,,
1328,岡山県,久米南町,225,4.046524986,,,,,,
1329,岡山県,美咲町,49,1.657093624,,,,,,
1330,岡山県,吉備中央町,299,4.990809879,,,,,,
1331,広島県,広島市,30,1.392877657,,,,,,
1332,広島県,呉市,111,2.532452613,,,,,,
1333,広島県,竹原市,196,3.676622631,,,,,,
1334,広島県,三原市,142,2.971280873,,,,,,
1335,広島県,尾道市,104,2.433658817,,,,,,
1336,広島県,福山市,167,3.276852384,,,,,,
1337,広島県,府中市,164,3.246984492,,,,,,
1338,広島県,三次市,242,4.273980471,,,,,,
1339,広島県,庄原市,10,1.112578978,,,,,,
1340,広島県,大竹市,248,4.354394026,,,,,,
1341,広島県,東広島市,136,2.897759908,,,,,,
1342,広島県,廿日市市,27,1.344629523,,,,,,
1343,広島県,安芸高田市,220,3.989086732,,,,,,
1344,広島県,江田島市,158,3.178058587,,,,,,
1345,広島県,府中町,156,3.159678346,,,,,,
1346,広島県,海田町,197,3.688110281,,,,,,
1347,広島県,熊野町,46,1.606547961,,,,,,
1348,広島県,坂町,100,2.385410684,,,,,,
1349,広島県,安芸太田町,148,3.053991959,,,,,,
1350,広島県,北広島町,238,4.234922458,,,,,,
1351,広島県,大崎上島町,230,4.129236071,,,,,,
1352,広島県,世羅町,291,4.903503733,,,,,,
1353,広島県,神石高原町,254,4.425617461,,,,,,
1354,山口県,下関市,176,3.396323952,,,,,,
1355,山口県,宇部市,278,4.726593912,,,,,,
1356,山口県,山口市,277,4.715106261,,,,,,
1357,山口県,萩市,135,2.879379667,,,,,,
1358,山口県,防府市,229,4.11545089,,,,,,
1359,山口県,下松市,98,2.348650201,,,,,,
1360,山口県,岩国市,38,1.487076393,,,,,,
1361,山口県,光市,163,3.235496841,,,,,,
1362,山口県,長門市,8,1.087306146,,,,,,
1363,山口県,柳井市,42,1.528431936,,,,,,
1364,山口県,美祢市,294,4.937966686,,,,,,
1365,山口県,周南市,173,3.361860999,,,,,,
1366,山口県,山陽小野田市,176,3.396323952,,,,,,
1367,山口県,周防大島町,230,4.129236071,,,,,,
1368,山口県,和木町,70,1.948879954,,,,,,
1369,山口県,上関町,91,2.259046525,,,,,,
1370,山口県,田布施町,45,1.581275129,,,,,,
1371,山口県,平生町,26,1.330844342,,,,,,
1372,山口県,阿武町,229,4.11545089,,,,,,
1373,徳島県,徳島市,84,2.164847789,,,,,,
1374,徳島県,鳴門市,280,4.754164273,,,,,,
1375,徳島県,小松島市,37,1.473291212,,,,,,
1376,徳島県,阿南市,27,1.344629523,,,,,,
1377,徳島県,吉野川市,280,4.754164273,,,,,,
1378,徳島県,阿波市,276,4.70361861,,,,,,
1379,徳島県,美馬市,247,4.336013785,,,,,,
1380,徳島県,三好市,186,3.554853532,,,,,,
1381,徳島県,勝浦町,272,4.664560597,,,,,,
1382,徳島県,上勝町,3,1.041355543,,,,,,
1383,徳島県,佐那河内村,171,3.345778288,,,,,,
1384,徳島県,石井町,56,1.760482481,,,,,,
1385,徳島県,神山町,26,1.330844342,,,,,,
1386,徳島県,那賀町,220,3.989086732,,,,,,
1387,徳島県,牟岐町,291,4.903503733,,,,,,
1388,徳島県,美波町,91,2.259046525,,,,,,
1389,徳島県,海陽町,28,1.356117174,,,,,,
1390,徳島県,松茂町,114,2.564618036,,,,,,
1391,徳島県,北島町,44,1.558299828,,,,,,
1392,徳島県,藍住町,257,4.487650775,,,,,,
1393,徳島県,板野町,4,1.057438254,,,,,,
1394,徳島県,上板町,9,1.094198736,,,,,,
1395,徳島県,つるぎ町,196,3.676622631,,,,,,
1396,徳島県,東みよし町,43,1.544514647,,,,,,
1397,香川県,高松市,155,3.157380816,,,,,,
1398,香川県,丸亀市,226,4.058012636,,,,,,
1399,香川県,坂出市,293,4.917288914,,,,,,
1400,香川県,善通寺市,153,3.120620333,,,,,,
1401,香川県,観音寺市,225,4.046524986,,,,,,
1402,香川県,さぬき市,15,1.188397473,,,,,,
1403,香川県,東かがわ市,45,1.581275129,,,,,,
1404,香川県,三豊市,264,4.570361861,,,,,,
1405,香川県,土庄町,192,3.619184377,,,,,,
1406,香川県,小豆島町,281,4.765651924,,,,,,
1407,香川県,三木町,294,4.937966686,,,,,,
1408,香川県,直島町,141,2.962090752,,,,,,
1409,香川県,宇多津町,228,4.097070649,,,,,,
1410,香川県,綾川町,150,3.081562321,,,,,,
1411,香川県,琴平町,16,1.204480184,,,,,,
1412,香川県,多度津町,271,4.653072947,,,,,,
1413,香川県,まんのう町,186,3.554853532,,,,,,
1414,愛媛県,松山市,80,2.095921884,,,,,,
1415,愛媛県,今治市,195,3.658242389,,,,,,
1416,愛媛県,宇和島市,69,1.937392303,,,,,,
1417,愛媛県,八幡浜市,136,2.897759908,,,,,,
1418,愛媛県,新居浜市,186,3.554853532,,,,,,
1419,愛媛県,西条市,112,2.548535325,,,,,,
1420,愛媛県,大洲市,1,1.013785181,,,,,,
1421,愛媛県,伊予市,81,2.112004595,,,,,,
1422,愛媛県,四国中央市,202,3.750143596,,,,,,
1423,愛媛県,西予市,9,1.094198736,,,,,,
1424,愛媛県,東温市,231,4.147616312,,,,,,
1425,愛媛県,上島町,191,3.600804136,,,,,,
1426,愛媛県,久万高原町,57,1.771970132,,,,,,
1427,愛媛県,松前町,79,2.077541643,,,,,,
1428,愛媛県,砥部町,229,4.11545089,,,,,,
1429,愛媛県,内子町,28,1.356117174,,,,,,
1430,愛媛県,伊方町,45,1.581275129,,,,,,
1431,愛媛県,松野町,166,3.269959793,,,,,,
1432,愛媛県,鬼北町,127,2.762205629,,,,,,
1433,愛媛県,愛南町,155,3.157380816,,,,,,
1434,高知県,高知市,237,4.223434808,,,,,,
1435,高知県,室戸市,225,4.046524986,,,,,,
1436,高知県,安芸市,132,2.824238943,,,,,,
1437,高知県,南国市,135,2.879379667,,,,,,
1438,高知県,土佐市,82,2.134979897,,,,,,
1439,高知県,須崎市,96,2.33256749,,,,,,
1440,高知県,宿毛市,112,2.548535325,,,,,,
1441,高知県,土佐清水市,174,3.380241241,,,,,,
1442,高知県,四万十市,122,2.677197013,,,,,,
1443,高知県,香南市,17,1.213670304,,,,,,
1444,高知県,香美市,95,2.314187249,,,,,,
1445,高知県,東洋町,84,2.164847789,,,,,,
1446,高知県,奈半利町,179,3.444572085,,,,,,
1447,高知県,田野町,300,5,,,,,,
1448,高知県,安田町,169,3.318207926,,,,,,
1449,高知県,北川村,288,4.85066054,,,,,,
1450,高知県,馬路村,108,2.47501436,,,,,,
1451,高知県,芸西村,192,3.619184377,,,,,,
1452,高知県,本山町,81,2.112004595,,,,,,
1453,高知県,大豊町,173,3.361860999,,,,,,
1454,高知県,土佐町,211,3.887995405,,,,,,
1455,高知県,大川村,52,1.693854107,,,,,,
1456,高知県,いの町,143,2.987363584,,,,,,
1457,高知県,仁淀川町,179,3.444572085,,,,,,
1458,高知県,中土佐町,203,3.763928777,,,,,,
1459,高知県,佐川町,89,2.226881103,,,,,,
1460,高知県,越知町,45,1.581275129,,,,,,
1461,高知県,檮原町,209,3.844342332,,,,,,
1462,高知県,日高村,84,2.164847789,,,,,,
1463,高知県,津野町,100,2.385410684,,,,,,
1464,高知県,四万十町,203,3.763928777,,,,,,
1465,高知県,大月町,62,1.838598507,,,,,,
1466,高知県,三原村,72,1.990235497,,,,,,
1467,高知県,黒潮町,22,1.273406088,,,,,,
1468,福岡県,北九州市,147,3.037909248,,,,,,
1469,福岡県,福岡市,27,1.344629523,,,,,,
1470,福岡県,大牟田市,231,4.147616312,,,,,,
1471,福岡県,久留米市,178,3.426191844,,,,,,
1472,福岡県,直方市,42,1.528431936,,,,,,
1473,福岡県,飯塚市,147,3.037909248,,,,,,
1474,福岡県,田川市,8,1.087306146,,,,,,
1475,福岡県,柳川市,53,1.714531878,,,,,,
1476,福岡県,八女市,132,2.824238943,,,,,,
1477,福岡県,筑後市,10,1.112578978,,,,,,
1478,福岡県,大川市,73,2.004020678,,,,,,
1479,福岡県,行橋市,219,3.982194141,,,,,,
1480,福岡県,豊前市,101,2.396898334,,,,,,
1481,福岡県,中間市,205,3.791499138,,,,,,
1482,福岡県,小郡市,211,3.887995405,,,,,,
1483,福岡県,筑紫野市,119,2.62665135,,,,,,
1484,福岡県,春日市,283,4.795519816,,,,,,
1485,福岡県,大野城市,273,4.676048248,,,,,,
1486,福岡県,宗像市,291,4.903503733,,,,,,
1487,福岡県,太宰府市,250,4.384261918,,,,,,
1488,福岡県,古賀市,51,1.682366456,,,,,,
1489,福岡県,福津市,271,4.653072947,,,,,,
1490,福岡県,うきは市,13,1.156232051,,,,,,
1491,福岡県,宮若市,186,3.554853532,,,,,,
1492,福岡県,嘉麻市,19,1.229753016,,,,,,
1493,福岡県,朝倉市,192,3.619184377,,,,,,
1494,福岡県,みやま市,121,2.663411832,,,,,,
1495,福岡県,糸島市,280,4.754164273,,,,,,
1496,福岡県,那珂川市,11,1.133256749,,,,,,
1497,福岡県,宇美町,38,1.487076393,,,,,,
1498,福岡県,篠栗町,184,3.52039058,,,,,,
1499,福岡県,志免町,105,2.452039058,,,,,,
1500,福岡県,須恵町,127,2.762205629,,,,,,
1501,福岡県,新宮町,53,1.714531878,,,,,,
1502,福岡県,久山町,273,4.676048248,,,,,,
1503,福岡県,粕屋町,126,2.746122918,,,,,,
1504,福岡県,芦屋町,77,2.054566341,,,,,,
1505,福岡県,水巻町,286,4.832280299,,,,,,
1506,福岡県,岡垣町,71,1.969557725,,,,,,
1507,福岡県,遠賀町,182,3.485927628,,,,,,
1508,福岡県,小竹町,182,3.485927628,,,,,,
1509,福岡県,鞍手町,133,2.840321654,,,,,,
1510,福岡県,桂川町,222,4.009764503,,,,,,
1511,福岡県,筑前町,123,2.695577254,,,,,,
1512,福岡県,東峰村,98,2.348650201,,,,,,
1513,福岡県,大刀洗町,264,4.570361861,,,,,,
1514,福岡県,大木町,196,3.676622631,,,,,,
1515,福岡県,広川町,131,2.812751292,,,,,,
1516,福岡県,香春町,270,4.632395175,,,,,,
1517,福岡県,添田町,250,4.384261918,,,,,,
1518,福岡県,糸田町,120,2.638139001,,,,,,
1519,福岡県,川崎町,69,1.937392303,,,,,,
1520,福岡県,大任町,28,1.356117174,,,,,,
1521,福岡県,赤村,210,3.860425043,,,,,,
1522,福岡県,福智町,260,4.522113728,,,,,,
1523,福岡県,苅田町,120,2.638139001,,,,,,
1524,福岡県,みやこ町,130,2.798966111,,,,,,
1525,福岡県,吉富町,77,2.054566341,,,,,,
1526,福岡県,上毛町,285,4.818495118,,,,,,
1527,福岡県,築上町,239,4.248707639,,,,,,
1528,佐賀県,佐賀市,24,1.310166571,,,,,,
1529,佐賀県,唐津市,182,3.485927628,,,,,,
1530,佐賀県,鳥栖市,160,3.203331419,,,,,,
1531,佐賀県,多久市,50,1.673176335,,,,,,
1532,佐賀県,伊万里市,124,2.716255026,,,,,,
1533,佐賀県,武雄市,23,1.287191269,,,,,,
1534,佐賀県,鹿島市,43,1.544514647,,,,,,
1535,佐賀県,小城市,125,2.732337737,,,,,,
1536,佐賀県,嬉野市,182,3.485927628,,,,,,
1537,佐賀県,神埼市,199,3.708788053,,,,,,
1538,佐賀県,吉野ヶ里町,31,1.404365307,,,,,,
1539,佐賀県,基山町,3,1.041355543,,,,,,
1540,佐賀県,上峰町,47,1.629523262,,,,,,
1541,佐賀県,みやき町,144,3.003446295,,,,,,
1542,佐賀県,玄海町,217,3.954623779,,,,,,
1543,佐賀県,有田町,72,1.990235497,,,,,,
1544,佐賀県,大町町,152,3.109132682,,,,,,
1545,佐賀県,江北町,202,3.750143596,,,,,,
1546,佐賀県,白石町,162,3.22630672,,,,,,
1547,佐賀県,太良町,72,1.990235497,,,,,,
1548,長崎県,長崎市,31,1.404365307,,,,,,
1549,長崎県,佐世保市,211,3.887995405,,,,,,
1550,長崎県,島原市,84,2.164847789,,,,,,
1551,長崎県,諫早市,33,1.427340609,,,,,,
1552,長崎県,大村市,296,4.960941987,,,,,,
1553,長崎県,平戸市,48,1.647903504,,,,,,
1554,長崎県,松浦市,111,2.532452613,,,,,,
1555,長崎県,対馬市,85,2.174037909,,,,,,
1556,長崎県,壱岐市,257,4.487650775,,,,,,
1557,長崎県,五島市,245,4.315336014,,,,,,
1558,長崎県,西海市,127,2.762205629,,,,,,
1559,長崎県,雲仙市,206,3.81217691,,,,,,
1560,長崎県,南島原市,141,2.962090752,,,,,,
1561,長崎県,長与町,255,4.448592763,,,,,,
1562,長崎県,時津町,260,4.522113728,,,,,,
1563,長崎県,東彼杵町,170,3.336588168,,,,,,
1564,長崎県,川棚町,279,4.735784032,,,,,,
1565,長崎県,波佐見町,231,4.147616312,,,,,,
1566,長崎県,小値賀町,268,4.616312464,,,,,,
1567,長崎県,佐々町,271,4.653072947,,,,,,
1568,長崎県,新上五島町,27,1.344629523,,,,,,
1569,熊本県,熊本市,215,3.933946008,,,,,,
1570,熊本県,八代市,91,2.259046525,,,,,,
1571,熊本県,人吉市,100,2.385410684,,,,,,
1572,熊本県,荒尾市,283,4.795519816,,,,,,
1573,熊本県,水俣市,14,1.172314762,,,,,,
1574,熊本県,玉名市,124,2.716255026,,,,,,
1575,熊本県,山鹿市,33,1.427340609,,,,,,
1576,熊本県,菊池市,84,2.164847789,,,,,,
1577,熊本県,宇土市,251,4.398047099,,,,,,
1578,熊本県,上天草市,21,1.255025847,,,,,,
1579,熊本県,宇城市,297,4.967834578,,,,,,
1580,熊本県,阿蘇市,88,2.217690982,,,,,,
1581,熊本県,天草市,227,4.069500287,,,,,,
1582,熊本県,合志市,15,1.188397473,,,,,,
1583,熊本県,美里町,121,2.663411832,,,,,,
1584,熊本県,玉東町,147,3.037909248,,,,,,
1585,熊本県,南関町,126,2.746122918,,,,,,
1586,熊本県,長洲町,177,3.417001723,,,,,,
1587,熊本県,和水町,70,1.948879954,,,,,,
1588,熊本県,大津町,267,4.600229753,,,,,,
1589,熊本県,菊陽町,298,4.983917289,,,,,,
1590,熊本県,南小国町,147,3.037909248,,,,,,
1591,熊本県,小国町,226,4.058012636,,,,,,
1592,熊本県,産山村,299,4.990809879,,,,,,
1593,熊本県,高森町,250,4.384261918,,,,,,
1594,熊本県,西原村,182,3.485927628,,,,,,
1595,熊本県,南阿蘇村,81,2.112004595,,,,,,
1596,熊本県,御船町,166,3.269959793,,,,,,
1597,熊本県,嘉島町,200,3.720275704,,,,,,
1598,熊本県,益城町,210,3.860425043,,,,,,
1599,熊本県,甲佐町,82,2.134979897,,,,,,
1600,熊本県,山都町,188,3.575531304,,,,,,
1601,熊本県,氷川町,284,4.809304997,,,,,,
1602,熊本県,芦北町,9,1.094198736,,,,,,
1603,熊本県,津奈木町,155,3.157380816,,,,,,
1604,熊本県,錦町,201,3.734060885,,,,,,
1605,熊本県,多良木町,26,1.330844342,,,,,,
1606,熊本県,湯前町,82,2.134979897,,,,,,
1607,熊本県,水上村,283,4.795519816,,,,,,
1608,熊本県,相良村,205,3.791499138,,,,,,
1609,熊本県,五木村,243,4.285468122,,,,,,
1610,熊本県,山江村,51,1.682366456,,,,,,
1611,熊本県,球磨村,133,2.840321654,,,,,,
1612,熊本県,あさぎり町,174,3.380241241,,,,,,
1613,熊本県,苓北町,29,1.374497415,,,,,,
1614,大分県,大分市,194,3.646754739,,,,,,
1615,大分県,別府市,170,3.336588168,,,,,,
1616,大分県,中津市,155,3.157380816,,,,,,
1617,大分県,日田市,240,4.25560023,,,,,,
1618,大分県,佐伯市,143,2.987363584,,,,,,
1619,大分県,臼杵市,236,4.214244687,,,,,,
1620,大分県,津久見市,243,4.285468122,,,,,,
1621,大分県,竹田市,269,4.627800115,,,,,,
1622,大分県,豊後高田市,68,1.919012062,,,,,,
1623,大分県,杵築市,30,1.392877657,,,,,,
1624,大分県,宇佐市,258,4.499138426,,,,,,
1625,大分県,豊後大野市,213,3.904078116,,,,,,
1626,大分県,由布市,236,4.214244687,,,,,,
1627,大分県,国東市,3,1.041355543,,,,,,
1628,大分県,姫島村,23,1.287191269,,,,,,
1629,大分県,日出町,77,2.054566341,,,,,,
1630,大分県,九重町,172,3.350373349,,,,,,
1631,大分県,玖珠町,264,4.570361861,,,,,,
1632,宮崎県,宮崎市,32,1.411257898,,,,,,
1633,宮崎県,都城市,184,3.52039058,,,,,,
1634,宮崎県,延岡市,10,1.112578978,,,,,,
1635,宮崎県,日南市,256,4.469270534,,,,,,
1636,宮崎県,小林市,195,3.658242389,,,,,,
1637,宮崎県,日向市,215,3.933946008,,,,,,
1638,宮崎県,串間市,279,4.735784032,,,,,,
1639,宮崎県,西都市,133,2.840321654,,,,,,
1640,宮崎県,えびの市,209,3.844342332,,,,,,
1641,宮崎県,三股町,163,3.235496841,,,,,,
1642,宮崎県,高原町,134,2.858701895,,,,,,
1643,宮崎県,国富町,255,4.448592763,,,,,,
1644,宮崎県,綾町,178,3.426191844,,,,,,
1645,宮崎県,高鍋町,183,3.506605399,,,,,,
1646,宮崎県,新富町,184,3.52039058,,,,,,
1647,宮崎県,西米良村,250,4.384261918,,,,,,
1648,宮崎県,木城町,157,3.168868466,,,,,,
1649,宮崎県,川南町,229,4.11545089,,,,,,
1650,宮崎県,都農町,211,3.887995405,,,,,,
1651,宮崎県,門川町,99,2.367030442,,,,,,
1652,宮崎県,諸塚村,126,2.746122918,,,,,,
1653,宮崎県,椎葉村,57,1.771970132,,,,,,
1654,宮崎県,美郷町,116,2.587593337,,,,,,
1655,宮崎県,高千穂町,123,2.695577254,,,,,,
1656,宮崎県,日之影町,137,2.906950029,,,,,,
1657,宮崎県,五ヶ瀬町,22,1.273406088,,,,,,
1658,鹿児島県,鹿児島市,21,1.255025847,,,,,,
1659,鹿児島県,鹿屋市,288,4.85066054,,,,,,
1660,鹿児島県,枕崎市,95,2.314187249,,,,,,
1661,鹿児島県,阿久根市,80,2.095921884,,,,,,
1662,鹿児島県,出水市,212,3.899483056,,,,,,
1663,鹿児島県,指宿市,174,3.380241241,,,,,,
1664,鹿児島県,西之表市,295,4.949454337,,,,,,
1665,鹿児島県,垂水市,54,1.730614589,,,,,,
1666,鹿児島県,薩摩川内市,168,3.295232625,,,,,,
1667,鹿児島県,日置市,80,2.095921884,,,,,,
1668,鹿児島県,曽於市,262,4.545089029,,,,,,
1669,鹿児島県,霧島市,80,2.095921884,,,,,,
1670,鹿児島県,いちき串木野市,244,4.296955773,,,,,,
1671,鹿児島県,南さつま市,193,3.642159678,,,,,,
1672,鹿児島県,志布志市,62,1.838598507,,,,,,
1673,鹿児島県,奄美市,143,2.987363584,,,,,,
1674,鹿児島県,南九州市,224,4.032739805,,,,,,
1675,鹿児島県,伊佐市,263,4.55887421,,,,,,
1676,鹿児島県,姶良市,263,4.55887421,,,,,,
1677,鹿児島県,三島村,177,3.417001723,,,,,,
1678,鹿児島県,十島村,91,2.259046525,,,,,,
1679,鹿児島県,さつま町,73,2.004020678,,,,,,
1680,鹿児島県,長島町,135,2.879379667,,,,,,
1681,鹿児島県,湧水町,137,2.906950029,,,,,,
1682,鹿児島県,大崎町,185,3.534175761,,,,,,
1683,鹿児島県,東串良町,248,4.354394026,,,,,,
1684,鹿児島県,錦江町,116,2.587593337,,,,,,
1685,鹿児島県,南大隅町,257,4.487650775,,,,,,
1686,鹿児島県,肝付町,135,2.879379667,,,,,,
1687,鹿児島県,中種子町,162,3.22630672,,,,,,
1688,鹿児島県,南種子町,96,2.33256749,,,,,,
1689,鹿児島県,屋久島町,45,1.581275129,,,,,,
1690,鹿児島県,大和村,11,1.133256749,,,,,,
1691,鹿児島県,宇検村,129,2.78518093,,,,,,
1692,鹿児島県,瀬戸内町,53,1.714531878,,,,,,
1693,鹿児島県,龍郷町,285,4.818495118,,,,,,
1694,鹿児島県,喜界町,109,2.493394601,,,,,,
1695,鹿児島県,徳之島町,177,3.417001723,,,,,,
1696,鹿児島県,天城町,138,2.92303274,,,,,,
1697,鹿児島県,伊仙町,133,2.840321654,,,,,,
1698,鹿児島県,和泊町,235,4.202757036,,,,,,
1699,鹿児島県,知名町,14,1.172314762,,,,,,
1700,鹿児島県,与論町,215,3.933946008,,,,,,
1701,沖縄県,那覇市,145,3.010338886,,,,,,
1702,沖縄県,宜野湾市,104,2.433658817,,,,,,
1703,沖縄県,石垣市,168,3.295232625,,,,,,
1704,沖縄県,浦添市,55,1.751292361,,,,,,
1705,沖縄県,名護市,208,3.832854681,,,,,,
1706,沖縄県,糸満市,214,3.917863297,,,,,,
1707,沖縄県,沖縄市,180,3.449167145,,,,,,
1708,沖縄県,豊見城市,15,1.188397473,,,,,,
1709,沖縄県,うるま市,232,4.156806433,,,,,,
1710,沖縄県,宮古島市,17,1.213670304,,,,,,
1711,沖縄県,南城市,181,3.469844917,,,,,,
1712,沖縄県,国頭村,47,1.629523262,,,,,,
1713,沖縄県,大宜味村,211,3.887995405,,,,,,
1714,沖縄県,東村,203,3.763928777,,,,,,
1715,沖縄県,今帰仁村,296,4.960941987,,,,,,
1716,沖縄県,本部町,257,4.487650775,,,,,,
1717,沖縄県,恩納村,275,4.687535899,,,,,,
1718,沖縄県,宜野座村,219,3.982194141,,,,,,
1719,沖縄県,金武町,67,1.898334291,,,,,,
1720,沖縄県,伊江村,176,3.396323952,,,,,,
1721,沖縄県,読谷村,40,1.505456634,,,,,,
1722,沖縄県,嘉手納町,58,1.788052843,,,,,,
1723,沖縄県,北谷町,183,3.506605399,,,,,,
1724,沖縄県,北中城村,81,2.112004595,,,,,,
1725,沖縄県,中城村,44,1.558299828,,,,,,
1726,沖縄県,西原町,96,2.33256749,,,,,,
1727,沖縄県,与那原町,290,4.882825962,,,,,,
1728,沖縄県,南風原町,150,3.081562321,,,,,,
1729,沖縄県,渡嘉敷村,64,1.861573808,,,,,,
1730,沖縄県,座間味村,234,4.195864446,,,,,,
1731,沖縄県,粟国村,99,2.367030442,,,,,,
1732,沖縄県,渡名喜村,94,2.293509477,,,,,,
1733,沖縄県,南大東村,76,2.04078116,,,,,,
1734,沖縄県,北大東村,192,3.619184377,,,,,,
1735,沖縄県,伊平屋村,255,4.448592763,,,,,,
1736,沖縄県,伊是名村,36,1.452613441,,,,,,
1737,沖縄県,久米島町,211,3.887995405,,,,,,
1738,沖縄県,八重瀬町,274,4.682940839,,,,,,
1739,沖縄県,多良間村,29,1.374497415,,,,,,
1740,沖縄県,竹富町,231,4.147616312,,,,,,
1741,沖縄県,与那国町,127,4.469270534,,,,,,
