,,,気温,
1,北海道,札幌市,10.5,1.411257898
2,北海道,函館市,10.5,1.411257898
3,北海道,小樽市,10.5,1.411257898
4,北海道,旭川市,10.5,1.411257898
5,北海道,室蘭市,10.5,1.411257898
6,北海道,釧路市,10.5,1.411257898
7,北海道,帯広市,10.5,1.411257898
8,北海道,北見市,10.5,1.411257898
9,北海道,夕張市,10.5,1.411257898
10,北海道,岩見沢市,10.5,1.411257898
11,北海道,網走市,10.5,1.411257898
12,北海道,留萌市,10.5,1.411257898
13,北海道,苫小牧市,10.5,1.411257898
14,北海道,稚内市,10.5,1.411257898
15,北海道,美唄市,10.5,1.411257898
16,北海道,芦別市,10.5,1.411257898
17,北海道,江別市,10.5,1.411257898
18,北海道,赤平市,10.5,1.411257898
19,北海道,紋別市,10.5,1.411257898
20,北海道,士別市,10.5,1.411257898
21,北海道,名寄市,10.5,1.411257898
22,北海道,三笠市,10.5,1.411257898
23,北海道,根室市,10.5,1.411257898
24,北海道,千歳市,10.5,1.411257898
25,北海道,滝川市,10.5,1.411257898
26,北海道,砂川市,10.5,1.411257898
27,北海道,歌志内市,10.5,1.411257898
28,北海道,深川市,10.5,1.411257898
29,北海道,富良野市,10.5,1.411257898
30,北海道,登別市,10.5,1.411257898
31,北海道,恵庭市,10.5,1.411257898
32,北海道,伊達市,10.5,1.411257898
33,北海道,北広島市,10.5,1.411257898
34,北海道,石狩市,10.5,1.411257898
35,北海道,北斗市,10.5,1.411257898
36,北海道,当別町,10.5,1.411257898
37,北海道,新篠津村,10.5,1.411257898
38,北海道,松前町,10.5,1.411257898
39,北海道,福島町,10.5,1.411257898
40,北海道,知内町,10.5,1.411257898
41,北海道,木古内町,10.5,1.411257898
42,北海道,七飯町,10.5,1.411257898
43,北海道,鹿部町,10.5,1.411257898
44,北海道,森町,10.5,1.411257898
45,北海道,八雲町,10.5,1.411257898
46,北海道,長万部町,10.5,1.411257898
47,北海道,江差町,10.5,1.411257898
48,北海道,上ノ国町,10.5,1.411257898
49,北海道,厚沢部町,10.5,1.411257898
50,北海道,乙部町,10.5,1.411257898
51,北海道,奥尻町,10.5,1.411257898
52,北海道,今金町,10.5,1.411257898
53,北海道,せたな町,10.5,1.411257898
54,北海道,島牧村,10.5,1.411257898
55,北海道,寿都町,10.5,1.411257898
56,北海道,黒松内町,10.5,1.411257898
57,北海道,蘭越町,10.5,1.411257898
58,北海道,ニセコ町,10.5,1.411257898
59,北海道,真狩村,10.5,1.411257898
60,北海道,留寿都村,10.5,1.411257898
61,北海道,喜茂別町,10.5,1.411257898
62,北海道,京極町,10.5,1.411257898
63,北海道,倶知安町,10.5,1.411257898
64,北海道,共和町,10.5,1.411257898
65,北海道,岩内町,10.5,1.411257898
66,北海道,泊村,10.5,1.411257898
67,北海道,神恵内村,10.5,1.411257898
68,北海道,積丹町,10.5,1.411257898
69,北海道,古平町,10.5,1.411257898
70,北海道,仁木町,10.5,1.411257898
71,北海道,余市町,10.5,1.411257898
72,北海道,赤井川村,10.5,1.411257898
73,北海道,南幌町,10.5,1.411257898
74,北海道,奈井江町,10.5,1.411257898
75,北海道,上砂川町,10.5,1.411257898
76,北海道,由仁町,10.5,1.411257898
77,北海道,長沼町,10.5,1.411257898
78,北海道,栗山町,10.5,1.411257898
79,北海道,月形町,10.5,1.411257898
80,北海道,浦臼町,10.5,1.411257898
81,北海道,新十津川町,10.5,1.411257898
82,北海道,妹背牛町,10.5,1.411257898
83,北海道,秩父別町,10.5,1.411257898
84,北海道,雨竜町,10.5,1.411257898
85,北海道,北竜町,10.5,1.411257898
86,北海道,沼田町,10.5,1.411257898
87,北海道,鷹栖町,10.5,1.411257898
88,北海道,東神楽町,10.5,1.411257898
89,北海道,当麻町,10.5,1.411257898
90,北海道,比布町,10.5,1.411257898
91,北海道,愛別町,10.5,1.411257898
92,北海道,上川町,10.5,1.411257898
93,北海道,東川町,10.5,1.411257898
94,北海道,美瑛町,10.5,1.411257898
95,北海道,上富良野町,10.5,1.411257898
96,北海道,中富良野町,10.5,1.411257898
97,北海道,南富良野町,10.5,1.411257898
98,北海道,占冠村,10.5,1.411257898
99,北海道,和寒町,10.5,1.411257898
100,北海道,剣淵町,10.5,1.411257898
101,北海道,下川町,10.5,1.411257898
102,北海道,美深町,10.5,1.411257898
103,北海道,音威子府村,10.5,1.411257898
104,北海道,中川町,10.5,1.411257898
105,北海道,幌加内町,10.5,1.411257898
106,北海道,増毛町,10.5,1.411257898
107,北海道,小平町,10.5,1.411257898
108,北海道,苫前町,10.5,1.411257898
109,北海道,羽幌町,10.5,1.411257898
110,北海道,初山別村,10.5,1.411257898
111,北海道,遠別町,10.5,1.411257898
112,北海道,天塩町,10.5,1.411257898
113,北海道,猿払村,10.5,1.411257898
114,北海道,浜頓別町,10.5,1.411257898
115,北海道,中頓別町,10.5,1.411257898
116,北海道,枝幸町,10.5,1.411257898
117,北海道,豊富町,10.5,1.411257898
118,北海道,礼文町,10.5,1.411257898
119,北海道,利尻町,10.5,1.411257898
120,北海道,利尻富士町,10.5,1.411257898
121,北海道,幌延町,10.5,1.411257898
122,北海道,美幌町,10.5,1.411257898
123,北海道,津別町,10.5,1.411257898
124,北海道,斜里町,10.5,1.411257898
125,北海道,清里町,10.5,1.411257898
126,北海道,小清水町,10.5,1.411257898
127,北海道,訓子府町,10.5,1.411257898
128,北海道,置戸町,10.5,1.411257898
129,北海道,佐呂間町,10.5,1.411257898
130,北海道,遠軽町,10.5,1.411257898
131,北海道,湧別町,10.5,1.411257898
132,北海道,滝上町,10.5,1.411257898
133,北海道,興部町,10.5,1.411257898
134,北海道,西興部村,10.5,1.411257898
135,北海道,雄武町,10.5,1.411257898
136,北海道,大空町,10.5,1.411257898
137,北海道,豊浦町,10.5,1.411257898
138,北海道,壮瞥町,10.5,1.411257898
139,北海道,白老町,10.5,1.411257898
140,北海道,厚真町,10.5,1.411257898
141,北海道,洞爺湖町,10.5,1.411257898
142,北海道,安平町,10.5,1.411257898
143,北海道,むかわ町,10.5,1.411257898
144,北海道,日高町,10.5,1.411257898
145,北海道,平取町,10.5,1.411257898
146,北海道,新冠町,10.5,1.411257898
147,北海道,浦河町,10.5,1.411257898
148,北海道,様似町,10.5,1.411257898
149,北海道,えりも町,10.5,1.411257898
150,北海道,新ひだか町,10.5,1.411257898
151,北海道,音更町,10.5,1.411257898
152,北海道,士幌町,10.5,1.411257898
153,北海道,上士幌町,10.5,1.411257898
154,北海道,鹿追町,10.5,1.411257898
155,北海道,新得町,10.5,1.411257898
156,北海道,清水町,10.5,1.411257898
157,北海道,芽室町,10.5,1.411257898
158,北海道,中札内村,10.5,1.411257898
159,北海道,更別村,10.5,1.411257898
160,北海道,大樹町,10.5,1.411257898
161,北海道,広尾町,10.5,1.411257898
162,北海道,幕別町,10.5,1.411257898
163,北海道,池田町,10.5,1.411257898
164,北海道,豊頃町,10.5,1.411257898
165,北海道,本別町,10.5,1.411257898
166,北海道,足寄町,10.5,1.411257898
167,北海道,陸別町,10.5,1.411257898
168,北海道,浦幌町,10.5,1.411257898
169,北海道,釧路町,10.5,1.411257898
170,北海道,厚岸町,10.5,1.411257898
171,北海道,浜中町,10.5,1.411257898
172,北海道,標茶町,10.5,1.411257898
173,北海道,弟子屈町,10.5,1.411257898
174,北海道,鶴居村,10.5,1.411257898
175,北海道,白糠町,10.5,1.411257898
176,北海道,別海町,10.5,1.411257898
177,北海道,中標津町,10.5,1.411257898
178,北海道,標津町,10.5,1.411257898
179,北海道,羅臼町,10.5,1.411257898
180,青森県,青森市,12.3,1.503159104
181,青森県,弘前市,12.3,1.503159104
182,青森県,八戸市,12.3,1.503159104
183,青森県,黒石市,12.3,1.503159104
184,青森県,五所川原市,12.3,1.503159104
185,青森県,十和田市,12.3,1.503159104
186,青森県,三沢市,12.3,1.503159104
187,青森県,むつ市,12.3,1.503159104
188,青森県,つがる市,12.3,1.503159104
189,青森県,平川市,12.3,1.503159104
190,青森県,平内町,12.3,1.503159104
191,青森県,今別町,12.3,1.503159104
192,青森県,蓬田村,12.3,1.503159104
193,青森県,外ヶ浜町,12.3,1.503159104
194,青森県,鰺ヶ沢町,12.3,1.503159104
195,青森県,深浦町,12.3,1.503159104
196,青森県,西目屋村,12.3,1.503159104
197,青森県,藤崎町,12.3,1.503159104
198,青森県,大鰐町,12.3,1.503159104
199,青森県,田舎館村,12.3,1.503159104
200,青森県,板柳町,12.3,1.503159104
201,青森県,鶴田町,12.3,1.503159104
202,青森県,中泊町,12.3,1.503159104
203,青森県,野辺地町,12.3,1.503159104
204,青森県,七戸町,12.3,1.503159104
205,青森県,六戸町,12.3,1.503159104
206,青森県,横浜町,12.3,1.503159104
207,青森県,東北町,12.3,1.503159104
208,青森県,六ヶ所村,12.3,1.503159104
209,青森県,おいらせ町,12.3,1.503159104
210,青森県,大間町,12.3,1.503159104
211,青森県,東通村,12.3,1.503159104
212,青森県,風間浦村,12.3,1.503159104
213,青森県,佐井村,12.3,1.503159104
214,青森県,三戸町,12.3,1.503159104
215,青森県,五戸町,12.3,1.503159104
216,青森県,田子町,12.3,1.503159104
217,青森県,南部町,12.3,1.503159104
218,青森県,階上町,12.3,1.503159104
219,青森県,新郷村,12.3,1.503159104
220,岩手県,盛岡市,12.6,1.578977599
221,岩手県,宮古市,12.6,1.578977599
222,岩手県,大船渡市,12.6,1.578977599
223,岩手県,花巻市,12.6,1.578977599
224,岩手県,北上市,12.6,1.578977599
225,岩手県,久慈市,12.6,1.578977599
226,岩手県,遠野市,12.6,1.578977599
227,岩手県,一関市,12.6,1.578977599
228,岩手県,陸前高田市,12.6,1.578977599
229,岩手県,釜石市,12.6,1.578977599
230,岩手県,二戸市,12.6,1.578977599
231,岩手県,八幡平市,12.6,1.578977599
232,岩手県,奥州市,12.6,1.578977599
233,岩手県,滝沢市,12.6,1.578977599
234,岩手県,雫石町,12.6,1.578977599
235,岩手県,葛巻町,12.6,1.578977599
236,岩手県,岩手町,12.6,1.578977599
237,岩手県,紫波町,12.6,1.578977599
238,岩手県,矢巾町,12.6,1.578977599
239,岩手県,西和賀町,12.6,1.578977599
240,岩手県,金ケ崎町,12.6,1.578977599
241,岩手県,平泉町,12.6,1.578977599
242,岩手県,住田町,12.6,1.578977599
243,岩手県,大槌町,12.6,1.578977599
244,岩手県,山田町,12.6,1.578977599
245,岩手県,岩泉町,12.6,1.578977599
246,岩手県,田野畑村,12.6,1.578977599
247,岩手県,普代村,12.6,1.578977599
248,岩手県,軽米町,12.6,1.578977599
249,岩手県,野田村,12.6,1.578977599
250,岩手県,九戸村,12.6,1.578977599
251,岩手県,洋野町,12.6,1.578977599
252,岩手県,一戸町,12.6,1.578977599
253,宮城県,仙台市,14.9,1.974152786
254,宮城県,石巻市,14.9,1.974152786
255,宮城県,塩竈市,14.9,1.974152786
256,宮城県,気仙沼市,14.9,1.974152786
257,宮城県,白石市,14.9,1.974152786
258,宮城県,名取市,14.9,1.974152786
259,宮城県,角田市,14.9,1.974152786
260,宮城県,多賀城市,14.9,1.974152786
261,宮城県,岩沼市,14.9,1.974152786
262,宮城県,登米市,14.9,1.974152786
263,宮城県,栗原市,14.9,1.974152786
264,宮城県,東松島市,14.9,1.974152786
265,宮城県,大崎市,14.9,1.974152786
266,宮城県,富谷市,14.9,1.974152786
267,宮城県,蔵王町,14.9,1.974152786
268,宮城県,七ヶ宿町,14.9,1.974152786
269,宮城県,大河原町,14.9,1.974152786
270,宮城県,村田町,14.9,1.974152786
271,宮城県,柴田町,14.9,1.974152786
272,宮城県,川崎町,14.9,1.974152786
273,宮城県,丸森町,14.9,1.974152786
274,宮城県,亘理町,14.9,1.974152786
275,宮城県,山元町,14.9,1.974152786
276,宮城県,松島町,14.9,1.974152786
277,宮城県,七ヶ浜町,14.9,1.974152786
278,宮城県,利府町,14.9,1.974152786
279,宮城県,大和町,14.9,1.974152786
280,宮城県,大郷町,14.9,1.974152786
281,宮城県,大衡村,14.9,1.974152786
282,宮城県,色麻町,14.9,1.974152786
283,宮城県,加美町,14.9,1.974152786
284,宮城県,涌谷町,14.9,1.974152786
285,宮城県,美里町,14.9,1.974152786
286,宮城県,女川町,14.9,1.974152786
287,宮城県,南三陸町,14.9,1.974152786
288,秋田県,秋田市,13.5,1.636415853
289,秋田県,能代市,13.5,1.636415853
290,秋田県,横手市,13.5,1.636415853
291,秋田県,大館市,13.5,1.636415853
292,秋田県,男鹿市,13.5,1.636415853
293,秋田県,湯沢市,13.5,1.636415853
294,秋田県,鹿角市,13.5,1.636415853
295,秋田県,由利本荘市,13.5,1.636415853
296,秋田県,潟上市,13.5,1.636415853
297,秋田県,大仙市,13.5,1.636415853
298,秋田県,北秋田市,13.5,1.636415853
299,秋田県,にかほ市,13.5,1.636415853
300,秋田県,仙北市,13.5,1.636415853
301,秋田県,小坂町,13.5,1.636415853
302,秋田県,上小阿仁村,13.5,1.636415853
303,秋田県,藤里町,13.5,1.636415853
304,秋田県,三種町,13.5,1.636415853
305,秋田県,八峰町,13.5,1.636415853
306,秋田県,五城目町,13.5,1.636415853
307,秋田県,八郎潟町,13.5,1.636415853
308,秋田県,井川町,13.5,1.636415853
309,秋田県,大潟村,13.5,1.636415853
310,秋田県,美郷町,13.5,1.636415853
311,秋田県,羽後町,13.5,1.636415853
312,秋田県,東成瀬村,13.5,1.636415853
313,山形県,山形市,13.9,1.89373923
314,山形県,米沢市,13.9,1.89373923
315,山形県,鶴岡市,13.9,1.89373923
316,山形県,酒田市,13.9,1.89373923
317,山形県,新庄市,13.9,1.89373923
318,山形県,寒河江市,13.9,1.89373923
319,山形県,上山市,13.9,1.89373923
320,山形県,村山市,13.9,1.89373923
321,山形県,長井市,13.9,1.89373923
322,山形県,天童市,13.9,1.89373923
323,山形県,東根市,13.9,1.89373923
324,山形県,尾花沢市,13.9,1.89373923
325,山形県,南陽市,13.9,1.89373923
326,山形県,山辺町,13.9,1.89373923
327,山形県,中山町,13.9,1.89373923
328,山形県,河北町,13.9,1.89373923
329,山形県,西川町,13.9,1.89373923
330,山形県,朝日町,13.9,1.89373923
331,山形県,大江町,13.9,1.89373923
332,山形県,大石田町,13.9,1.89373923
333,山形県,金山町,13.9,1.89373923
334,山形県,最上町,13.9,1.89373923
335,山形県,舟形町,13.9,1.89373923
336,山形県,真室川町,13.9,1.89373923
337,山形県,大蔵村,13.9,1.89373923
338,山形県,鮭川村,13.9,1.89373923
339,山形県,戸沢村,13.9,1.89373923
340,山形県,高畠町,13.9,1.89373923
341,山形県,川西町,13.9,1.89373923
342,山形県,小国町,13.9,1.89373923
343,山形県,白鷹町,13.9,1.89373923
344,山形県,飯豊町,13.9,1.89373923
345,山形県,三川町,13.9,1.89373923
346,山形県,庄内町,13.9,1.89373923
347,山形県,遊佐町,13.9,1.89373923
348,福島県,福島市,15.3,2.17863297
349,福島県,会津若松市,15.3,2.17863297
350,福島県,郡山市,15.3,2.17863297
351,福島県,いわき市,15.3,2.17863297
352,福島県,白河市,15.3,2.17863297
353,福島県,須賀川市,15.3,2.17863297
354,福島県,喜多方市,15.3,2.17863297
355,福島県,相馬市,15.3,2.17863297
356,福島県,二本松市,15.3,2.17863297
357,福島県,田村市,15.3,2.17863297
358,福島県,南相馬市,15.3,2.17863297
359,福島県,伊達市,15.3,2.17863297
360,福島県,本宮市,15.3,2.17863297
361,福島県,桑折町,15.3,2.17863297
362,福島県,国見町,15.3,2.17863297
363,福島県,川俣町,15.3,2.17863297
364,福島県,大玉村,15.3,2.17863297
365,福島県,鏡石町,15.3,2.17863297
366,福島県,天栄村,15.3,2.17863297
367,福島県,下郷町,15.3,2.17863297
368,福島県,檜枝岐村,15.3,2.17863297
369,福島県,只見町,15.3,2.17863297
370,福島県,南会津町,15.3,2.17863297
371,福島県,北塩原村,15.3,2.17863297
372,福島県,西会津町,15.3,2.17863297
373,福島県,磐梯町,15.3,2.17863297
374,福島県,猪苗代町,15.3,2.17863297
375,福島県,会津坂下町,15.3,2.17863297
376,福島県,湯川村,15.3,2.17863297
377,福島県,柳津町,15.3,2.17863297
378,福島県,三島町,15.3,2.17863297
379,福島県,金山町,15.3,2.17863297
380,福島県,昭和村,15.3,2.17863297
381,福島県,会津美里町,15.3,2.17863297
382,福島県,西郷村,15.3,2.17863297
383,福島県,泉崎村,15.3,2.17863297
384,福島県,中島村,15.3,2.17863297
385,福島県,矢吹町,15.3,2.17863297
386,福島県,棚倉町,15.3,2.17863297
387,福島県,矢祭町,15.3,2.17863297
388,福島県,塙町,15.3,2.17863297
389,福島県,鮫川村,15.3,2.17863297
390,福島県,石川町,15.3,2.17863297
391,福島県,玉川村,15.3,2.17863297
392,福島県,平田村,15.3,2.17863297
393,福島県,浅川町,15.3,2.17863297
394,福島県,古殿町,15.3,2.17863297
395,福島県,三春町,15.3,2.17863297
396,福島県,小野町,15.3,2.17863297
397,福島県,広野町,15.3,2.17863297
398,福島県,楢葉町,15.3,2.17863297
399,福島県,富岡町,15.3,2.17863297
400,福島県,川内村,15.3,2.17863297
401,福島県,大熊町,15.3,2.17863297
402,福島県,双葉町,15.3,2.17863297
403,福島県,浪江町,15.3,2.17863297
404,福島県,葛尾村,15.3,2.17863297
405,福島県,新地町,15.3,2.17863297
406,福島県,飯舘村,15.3,2.17863297
407,茨城県,水戸市,16.2,2.371625503
408,茨城県,日立市,16.2,2.371625503
409,茨城県,土浦市,16.2,2.371625503
410,茨城県,古河市,16.2,2.371625503
411,茨城県,石岡市,16.2,2.371625503
412,茨城県,結城市,16.2,2.371625503
413,茨城県,龍ケ崎市,16.2,2.371625503
414,茨城県,下妻市,16.2,2.371625503
415,茨城県,常総市,16.2,2.371625503
416,茨城県,常陸太田市,16.2,2.371625503
417,茨城県,高萩市,16.2,2.371625503
418,茨城県,北茨城市,16.2,2.371625503
419,茨城県,笠間市,16.2,2.371625503
420,茨城県,取手市,16.2,2.371625503
421,茨城県,牛久市,16.2,2.371625503
422,茨城県,つくば市,16.2,2.371625503
423,茨城県,ひたちなか市,16.2,2.371625503
424,茨城県,鹿嶋市,16.2,2.371625503
425,茨城県,潮来市,16.2,2.371625503
426,茨城県,守谷市,16.2,2.371625503
427,茨城県,常陸大宮市,16.2,2.371625503
428,茨城県,那珂市,16.2,2.371625503
429,茨城県,筑西市,16.2,2.371625503
430,茨城県,坂東市,16.2,2.371625503
431,茨城県,稲敷市,16.2,2.371625503
432,茨城県,かすみがうら市,16.2,2.371625503
433,茨城県,桜川市,16.2,2.371625503
434,茨城県,神栖市,16.2,2.371625503
435,茨城県,行方市,16.2,2.371625503
436,茨城県,鉾田市,16.2,2.371625503
437,茨城県,つくばみらい市,16.2,2.371625503
438,茨城県,小美玉市,16.2,2.371625503
439,茨城県,茨城町,16.2,2.371625503
440,茨城県,大洗町,16.2,2.371625503
441,茨城県,城里町,16.2,2.371625503
442,茨城県,東海村,16.2,2.371625503
443,茨城県,大子町,16.2,2.371625503
444,茨城県,美浦村,16.2,2.371625503
445,茨城県,阿見町,16.2,2.371625503
446,茨城県,河内町,16.2,2.371625503
447,茨城県,八千代町,16.2,2.371625503
448,茨城県,五霞町,16.2,2.371625503
449,茨城県,境町,16.2,2.371625503
450,茨城県,利根町,16.2,2.371625503
451,栃木県,宇都宮市,16.1,2.270534176
452,栃木県,足利市,16.1,2.270534176
453,栃木県,栃木市,16.1,2.270534176
454,栃木県,佐野市,16.1,2.270534176
455,栃木県,鹿沼市,16.1,2.270534176
456,栃木県,日光市,16.1,2.270534176
457,栃木県,小山市,16.1,2.270534176
458,栃木県,真岡市,16.1,2.270534176
459,栃木県,大田原市,16.1,2.270534176
460,栃木県,矢板市,16.1,2.270534176
461,栃木県,那須塩原市,16.1,2.270534176
462,栃木県,さくら市,16.1,2.270534176
463,栃木県,那須烏山市,16.1,2.270534176
464,栃木県,下野市,16.1,2.270534176
465,栃木県,上三川町,16.1,2.270534176
466,栃木県,益子町,16.1,2.270534176
467,栃木県,茂木町,16.1,2.270534176
468,栃木県,市貝町,16.1,2.270534176
469,栃木県,芳賀町,16.1,2.270534176
470,栃木県,壬生町,16.1,2.270534176
471,栃木県,野木町,16.1,2.270534176
472,栃木県,塩谷町,16.1,2.270534176
473,栃木県,高根沢町,16.1,2.270534176
474,栃木県,那須町,16.1,2.270534176
475,栃木県,那珂川町,16.1,2.270534176
476,群馬県,前橋市,16.9,2.727742677
477,群馬県,高崎市,16.9,2.727742677
478,群馬県,桐生市,16.9,2.727742677
479,群馬県,伊勢崎市,16.9,2.727742677
480,群馬県,太田市,16.9,2.727742677
481,群馬県,沼田市,16.9,2.727742677
482,群馬県,館林市,16.9,2.727742677
483,群馬県,渋川市,16.9,2.727742677
484,群馬県,藤岡市,16.9,2.727742677
485,群馬県,富岡市,16.9,2.727742677
486,群馬県,安中市,16.9,2.727742677
487,群馬県,みどり市,16.9,2.727742677
488,群馬県,榛東村,16.9,2.727742677
489,群馬県,吉岡町,16.9,2.727742677
490,群馬県,上野村,16.9,2.727742677
491,群馬県,神流町,16.9,2.727742677
492,群馬県,下仁田町,16.9,2.727742677
493,群馬県,南牧村,16.9,2.727742677
494,群馬県,甘楽町,16.9,2.727742677
495,群馬県,中之条町,16.9,2.727742677
496,群馬県,長野原町,16.9,2.727742677
497,群馬県,嬬恋村,16.9,2.727742677
498,群馬県,草津町,16.9,2.727742677
499,群馬県,高山村,16.9,2.727742677
500,群馬県,東吾妻町,16.9,2.727742677
501,群馬県,片品村,16.9,2.727742677
502,群馬県,川場村,16.9,2.727742677
503,群馬県,昭和村,16.9,2.727742677
504,群馬県,みなかみ町,16.9,2.727742677
505,群馬県,玉村町,16.9,2.727742677
506,群馬県,板倉町,16.9,2.727742677
507,群馬県,明和町,16.9,2.727742677
508,群馬県,千代田町,16.9,2.727742677
509,群馬県,大泉町,16.9,2.727742677
510,群馬県,邑楽町,16.9,2.727742677
511,埼玉県,さいたま市,17.1,2.872487076
512,埼玉県,川越市,17.1,2.872487076
513,埼玉県,熊谷市,17.1,2.872487076
514,埼玉県,川口市,17.1,2.872487076
515,埼玉県,行田市,17.1,2.872487076
516,埼玉県,秩父市,17.1,2.872487076
517,埼玉県,所沢市,17.1,2.872487076
518,埼玉県,飯能市,17.1,2.872487076
519,埼玉県,加須市,17.1,2.872487076
520,埼玉県,本庄市,17.1,2.872487076
521,埼玉県,東松山市,17.1,2.872487076
522,埼玉県,春日部市,17.1,2.872487076
523,埼玉県,狭山市,17.1,2.872487076
524,埼玉県,羽生市,17.1,2.872487076
525,埼玉県,鴻巣市,17.1,2.872487076
526,埼玉県,深谷市,17.1,2.872487076
527,埼玉県,上尾市,17.1,2.872487076
528,埼玉県,草加市,17.1,2.872487076
529,埼玉県,越谷市,17.1,2.872487076
530,埼玉県,蕨市,17.1,2.872487076
531,埼玉県,戸田市,17.1,2.872487076
532,埼玉県,入間市,17.1,2.872487076
533,埼玉県,朝霞市,17.1,2.872487076
534,埼玉県,志木市,17.1,2.872487076
535,埼玉県,和光市,17.1,2.872487076
536,埼玉県,新座市,17.1,2.872487076
537,埼玉県,桶川市,17.1,2.872487076
538,埼玉県,久喜市,17.1,2.872487076
539,埼玉県,北本市,17.1,2.872487076
540,埼玉県,八潮市,17.1,2.872487076
541,埼玉県,富士見市,17.1,2.872487076
542,埼玉県,三郷市,17.1,2.872487076
543,埼玉県,蓮田市,17.1,2.872487076
544,埼玉県,坂戸市,17.1,2.872487076
545,埼玉県,幸手市,17.1,2.872487076
546,埼玉県,鶴ヶ島市,17.1,2.872487076
547,埼玉県,日高市,17.1,2.872487076
548,埼玉県,吉川市,17.1,2.872487076
549,埼玉県,ふじみ野市,17.1,2.872487076
550,埼玉県,白岡市,17.1,2.872487076
551,埼玉県,伊奈町,17.1,2.872487076
552,埼玉県,三芳町,17.1,2.872487076
553,埼玉県,毛呂山町,17.1,2.872487076
554,埼玉県,越生町,17.1,2.872487076
555,埼玉県,滑川町,17.1,2.872487076
556,埼玉県,嵐山町,17.1,2.872487076
557,埼玉県,小川町,17.1,2.872487076
558,埼玉県,川島町,17.1,2.872487076
559,埼玉県,吉見町,17.1,2.872487076
560,埼玉県,鳩山町,17.1,2.872487076
561,埼玉県,ときがわ町,17.1,2.872487076
562,埼玉県,横瀬町,17.1,2.872487076
563,埼玉県,皆野町,17.1,2.872487076
564,埼玉県,長瀞町,17.1,2.872487076
565,埼玉県,小鹿野町,17.1,2.872487076
566,埼玉県,東秩父村,17.1,2.872487076
567,埼玉県,美里町,17.1,2.872487076
568,埼玉県,神川町,17.1,2.872487076
569,埼玉県,上里町,17.1,2.872487076
570,埼玉県,寄居町,17.1,2.872487076
571,埼玉県,宮代町,17.1,2.872487076
572,埼玉県,杉戸町,17.1,2.872487076
573,埼玉県,松伏町,17.1,2.872487076
574,千葉県,千葉市,18.0 ,3.80987938
575,千葉県,銚子市,18.0 ,3.80987938
576,千葉県,市川市,18.0 ,3.80987938
577,千葉県,船橋市,18.0 ,3.80987938
578,千葉県,館山市,18.0 ,3.80987938
579,千葉県,木更津市,18.0 ,3.80987938
580,千葉県,松戸市,18.0 ,3.80987938
581,千葉県,野田市,18.0 ,3.80987938
582,千葉県,茂原市,18.0 ,3.80987938
583,千葉県,成田市,18.0 ,3.80987938
584,千葉県,佐倉市,18.0 ,3.80987938
585,千葉県,東金市,18.0 ,3.80987938
586,千葉県,旭市,18.0 ,3.80987938
587,千葉県,習志野市,18.0 ,3.80987938
588,千葉県,柏市,18.0 ,3.80987938
589,千葉県,勝浦市,18.0 ,3.80987938
590,千葉県,市原市,18.0 ,3.80987938
591,千葉県,流山市,18.0 ,3.80987938
592,千葉県,八千代市,18.0 ,3.80987938
593,千葉県,我孫子市,18.0 ,3.80987938
594,千葉県,鴨川市,18.0 ,3.80987938
595,千葉県,鎌ケ谷市,18.0 ,3.80987938
596,千葉県,君津市,18.0 ,3.80987938
597,千葉県,富津市,18.0 ,3.80987938
598,千葉県,浦安市,18.0 ,3.80987938
599,千葉県,四街道市,18.0 ,3.80987938
600,千葉県,袖ケ浦市,18.0 ,3.80987938
601,千葉県,八街市,18.0 ,3.80987938
602,千葉県,印西市,18.0 ,3.80987938
603,千葉県,白井市,18.0 ,3.80987938
604,千葉県,富里市,18.0 ,3.80987938
605,千葉県,南房総市,18.0 ,3.80987938
606,千葉県,匝瑳市,18.0 ,3.80987938
607,千葉県,香取市,18.0 ,3.80987938
608,千葉県,山武市,18.0 ,3.80987938
609,千葉県,いすみ市,18.0 ,3.80987938
610,千葉県,大網白里市,18.0 ,3.80987938
611,千葉県,酒々井町,18.0 ,3.80987938
612,千葉県,栄町,18.0 ,3.80987938
613,千葉県,神崎町,18.0 ,3.80987938
614,千葉県,多古町,18.0 ,3.80987938
615,千葉県,東庄町,18.0 ,3.80987938
616,千葉県,九十九里町,18.0 ,3.80987938
617,千葉県,芝山町,18.0 ,3.80987938
618,千葉県,横芝光町,18.0 ,3.80987938
619,千葉県,一宮町,18.0 ,3.80987938
620,千葉県,睦沢町,18.0 ,3.80987938
621,千葉県,長生村,18.0 ,3.80987938
622,千葉県,白子町,18.0 ,3.80987938
623,千葉県,長柄町,18.0 ,3.80987938
624,千葉県,長南町,18.0 ,3.80987938
625,千葉県,大多喜町,18.0 ,3.80987938
626,千葉県,御宿町,18.0 ,3.80987938
627,千葉県,鋸南町,18.0 ,3.80987938
628,東京都,千代田区,17.6 ,3.210224009
629,東京都,中央区,17.6 ,3.210224009
630,東京都,港区,17.6 ,3.210224009
631,東京都,新宿区,17.6 ,3.210224009
632,東京都,文京区,17.6 ,3.210224009
633,東京都,台東区,17.6 ,3.210224009
634,東京都,墨田区,17.6 ,3.210224009
635,東京都,江東区,17.6 ,3.210224009
636,東京都,品川区,17.6 ,3.210224009
637,東京都,目黒区,17.6 ,3.210224009
638,東京都,大田区,17.6 ,3.210224009
639,東京都,世田谷区,17.6 ,3.210224009
640,東京都,渋谷区,17.6 ,3.210224009
641,東京都,中野区,17.6 ,3.210224009
642,東京都,杉並区,17.6 ,3.210224009
643,東京都,豊島区,17.6 ,3.210224009
644,東京都,北区,17.6 ,3.210224009
645,東京都,荒川区,17.6 ,3.210224009
646,東京都,板橋区,17.6 ,3.210224009
647,東京都,練馬区,17.6 ,3.210224009
648,東京都,足立区,17.6 ,3.210224009
649,東京都,葛飾区,17.6 ,3.210224009
650,東京都,江戸川区,17.6 ,3.210224009
651,東京都,八王子市,17.6 ,3.210224009
652,東京都,立川市,17.6 ,3.210224009
653,東京都,武蔵野市,17.6 ,3.210224009
654,東京都,三鷹市,17.6 ,3.210224009
655,東京都,青梅市,17.6 ,3.210224009
656,東京都,府中市,17.6 ,3.210224009
657,東京都,昭島市,17.6 ,3.210224009
658,東京都,調布市,17.6 ,3.210224009
659,東京都,町田市,17.6 ,3.210224009
660,東京都,小金井市,17.6 ,3.210224009
661,東京都,小平市,17.6 ,3.210224009
662,東京都,日野市,17.6 ,3.210224009
663,東京都,東村山市,17.6 ,3.210224009
664,東京都,国分寺市,17.6 ,3.210224009
665,東京都,国立市,17.6 ,3.210224009
666,東京都,福生市,17.6 ,3.210224009
667,東京都,狛江市,17.6 ,3.210224009
668,東京都,東大和市,17.6 ,3.210224009
669,東京都,清瀬市,17.6 ,3.210224009
670,東京都,東久留米市,17.6 ,3.210224009
671,東京都,武蔵村山市,17.6 ,3.210224009
672,東京都,多摩市,17.6 ,3.210224009
673,東京都,稲城市,17.6 ,3.210224009
674,東京都,羽村市,17.6 ,3.210224009
675,東京都,あきる野市,17.6 ,3.210224009
676,東京都,西東京市,17.6 ,3.210224009
677,東京都,瑞穂町,17.6 ,3.210224009
678,東京都,日の出町,17.6 ,3.210224009
679,東京都,檜原村,17.6 ,3.210224009
680,東京都,奥多摩町,17.6 ,3.210224009
681,東京都,大島町,17.6 ,3.210224009
682,東京都,利島村,17.6 ,3.210224009
683,東京都,新島村,17.6 ,3.210224009
684,東京都,神津島村,17.6 ,3.210224009
685,東京都,三宅村,17.6 ,3.210224009
686,東京都,御蔵島村,17.6 ,3.210224009
687,東京都,八丈町,17.6 ,3.210224009
688,東京都,青ヶ島村,17.6 ,3.210224009
689,東京都,小笠原村,17.6 ,3.210224009
690,神奈川県,横浜市,18.0 ,3.80987938
691,神奈川県,川崎市,18.0 ,3.80987938
692,神奈川県,相模原市,18.0 ,3.80987938
693,神奈川県,横須賀市,18.0 ,3.80987938
694,神奈川県,平塚市,18.0 ,3.80987938
695,神奈川県,鎌倉市,18.0 ,3.80987938
696,神奈川県,藤沢市,18.0 ,3.80987938
697,神奈川県,小田原市,18.0 ,3.80987938
698,神奈川県,茅ヶ崎市,18.0 ,3.80987938
699,神奈川県,逗子市,18.0 ,3.80987938
700,神奈川県,三浦市,18.0 ,3.80987938
701,神奈川県,秦野市,18.0 ,3.80987938
702,神奈川県,厚木市,18.0 ,3.80987938
703,神奈川県,大和市,18.0 ,3.80987938
704,神奈川県,伊勢原市,18.0 ,3.80987938
705,神奈川県,海老名市,18.0 ,3.80987938
706,神奈川県,座間市,18.0 ,3.80987938
707,神奈川県,南足柄市,18.0 ,3.80987938
708,神奈川県,綾瀬市,18.0 ,3.80987938
709,神奈川県,葉山町,18.0 ,3.80987938
710,神奈川県,寒川町,18.0 ,3.80987938
711,神奈川県,大磯町,18.0 ,3.80987938
712,神奈川県,二宮町,18.0 ,3.80987938
713,神奈川県,中井町,18.0 ,3.80987938
714,神奈川県,大井町,18.0 ,3.80987938
715,神奈川県,松田町,18.0 ,3.80987938
716,神奈川県,山北町,18.0 ,3.80987938
717,神奈川県,開成町,18.0 ,3.80987938
718,神奈川県,箱根町,18.0 ,3.80987938
719,神奈川県,真鶴町,18.0 ,3.80987938
720,神奈川県,湯河原町,18.0 ,3.80987938
721,神奈川県,愛川町,18.0 ,3.80987938
722,神奈川県,清川村,18.0 ,3.80987938
723,新潟県,新潟市,15.2 ,2.04307869
724,新潟県,長岡市,15.2 ,2.04307869
725,新潟県,三条市,15.2 ,2.04307869
726,新潟県,柏崎市,15.2 ,2.04307869
727,新潟県,新発田市,15.2 ,2.04307869
728,新潟県,小千谷市,15.2 ,2.04307869
729,新潟県,加茂市,15.2 ,2.04307869
730,新潟県,十日町市,15.2 ,2.04307869
731,新潟県,見附市,15.2 ,2.04307869
732,新潟県,村上市,15.2 ,2.04307869
733,新潟県,燕市,15.2 ,2.04307869
734,新潟県,糸魚川市,15.2 ,2.04307869
735,新潟県,妙高市,15.2 ,2.04307869
736,新潟県,五泉市,15.2 ,2.04307869
737,新潟県,上越市,15.2 ,2.04307869
738,新潟県,阿賀野市,15.2 ,2.04307869
739,新潟県,佐渡市,15.2 ,2.04307869
740,新潟県,魚沼市,15.2 ,2.04307869
741,新潟県,南魚沼市,15.2 ,2.04307869
742,新潟県,胎内市,15.2 ,2.04307869
743,新潟県,聖籠町,15.2 ,2.04307869
744,新潟県,弥彦村,15.2 ,2.04307869
745,新潟県,田上町,15.2 ,2.04307869
746,新潟県,阿賀町,15.2 ,2.04307869
747,新潟県,出雲崎町,15.2 ,2.04307869
748,新潟県,湯沢町,15.2 ,2.04307869
749,新潟県,津南町,15.2 ,2.04307869
750,新潟県,刈羽村,15.2 ,2.04307869
751,新潟県,関川村,15.2 ,2.04307869
752,新潟県,粟島浦村,15.2 ,2.04307869
753,富山県,富山市,15.9 ,2.213095922
754,富山県,高岡市,15.9 ,2.213095922
755,富山県,魚津市,15.9 ,2.213095922
756,富山県,氷見市,15.9 ,2.213095922
757,富山県,滑川市,15.9 ,2.213095922
758,富山県,黒部市,15.9 ,2.213095922
759,富山県,砺波市,15.9 ,2.213095922
760,富山県,小矢部市,15.9 ,2.213095922
761,富山県,南砺市,15.9 ,2.213095922
762,富山県,射水市,15.9 ,2.213095922
763,富山県,舟橋村,15.9 ,2.213095922
764,富山県,上市町,15.9 ,2.213095922
765,富山県,立山町,15.9 ,2.213095922
766,富山県,入善町,15.9 ,2.213095922
767,富山県,朝日町,15.9 ,2.213095922
768,石川県,金沢市,16.5 ,2.454336588
769,石川県,七尾市,16.5 ,2.454336588
770,石川県,小松市,16.5 ,2.454336588
771,石川県,輪島市,16.5 ,2.454336588
772,石川県,珠洲市,16.5 ,2.454336588
773,石川県,加賀市,16.5 ,2.454336588
774,石川県,羽咋市,16.5 ,2.454336588
775,石川県,かほく市,16.5 ,2.454336588
776,石川県,白山市,16.5 ,2.454336588
777,石川県,能美市,16.5 ,2.454336588
778,石川県,野々市市,16.5 ,2.454336588
779,石川県,川北町,16.5 ,2.454336588
780,石川県,津幡町,16.5 ,2.454336588
781,石川県,内灘町,16.5 ,2.454336588
782,石川県,志賀町,16.5 ,2.454336588
783,石川県,宝達志水町,16.5 ,2.454336588
784,石川県,中能登町,16.5 ,2.454336588
785,石川県,穴水町,16.5 ,2.454336588
786,石川県,能登町,16.5 ,2.454336588
787,福井県,福井市,16.4 ,2.410683515
788,福井県,敦賀市,16.4 ,2.410683515
789,福井県,小浜市,16.4 ,2.410683515
790,福井県,大野市,16.4 ,2.410683515
791,福井県,勝山市,16.4 ,2.410683515
792,福井県,鯖江市,16.4 ,2.410683515
793,福井県,あわら市,16.4 ,2.410683515
794,福井県,越前市,16.4 ,2.410683515
795,福井県,坂井市,16.4 ,2.410683515
796,福井県,永平寺町,16.4 ,2.410683515
797,福井県,池田町,16.4 ,2.410683515
798,福井県,南越前町,16.4 ,2.410683515
799,福井県,越前町,16.4 ,2.410683515
800,福井県,美浜町,16.4 ,2.410683515
801,福井県,高浜町,16.4 ,2.410683515
802,福井県,おおい町,16.4 ,2.410683515
803,福井県,若狭町,16.4 ,2.410683515
804,山梨県,甲府市,16.6 ,2.516369902
805,山梨県,富士吉田市,16.6 ,2.516369902
806,山梨県,都留市,16.6 ,2.516369902
807,山梨県,山梨市,16.6 ,2.516369902
808,山梨県,大月市,16.6 ,2.516369902
809,山梨県,韮崎市,16.6 ,2.516369902
810,山梨県,南アルプス市,16.6 ,2.516369902
811,山梨県,北杜市,16.6 ,2.516369902
812,山梨県,甲斐市,16.6 ,2.516369902
813,山梨県,笛吹市,16.6 ,2.516369902
814,山梨県,上野原市,16.6 ,2.516369902
815,山梨県,甲州市,16.6 ,2.516369902
816,山梨県,中央市,16.6 ,2.516369902
817,山梨県,市川三郷町,16.6 ,2.516369902
818,山梨県,早川町,16.6 ,2.516369902
819,山梨県,身延町,16.6 ,2.516369902
820,山梨県,南部町,16.6 ,2.516369902
821,山梨県,富士川町,16.6 ,2.516369902
822,山梨県,昭和町,16.6 ,2.516369902
823,山梨県,道志村,16.6 ,2.516369902
824,山梨県,西桂町,16.6 ,2.516369902
825,山梨県,忍野村,16.6 ,2.516369902
826,山梨県,山中湖村,16.6 ,2.516369902
827,山梨県,鳴沢村,16.6 ,2.516369902
828,山梨県,富士河口湖町,16.6 ,2.516369902
829,山梨県,小菅村,16.6 ,2.516369902
830,山梨県,丹波山村,16.6 ,2.516369902
831,長野県,長野市,13.8 ,1.813325675
832,長野県,松本市,13.8 ,1.813325675
833,長野県,上田市,13.8 ,1.813325675
834,長野県,岡谷市,13.8 ,1.813325675
835,長野県,飯田市,13.8 ,1.813325675
836,長野県,諏訪市,13.8 ,1.813325675
837,長野県,須坂市,13.8 ,1.813325675
838,長野県,小諸市,13.8 ,1.813325675
839,長野県,伊那市,13.8 ,1.813325675
840,長野県,駒ヶ根市,13.8 ,1.813325675
841,長野県,中野市,13.8 ,1.813325675
842,長野県,大町市,13.8 ,1.813325675
843,長野県,飯山市,13.8 ,1.813325675
844,長野県,茅野市,13.8 ,1.813325675
845,長野県,塩尻市,13.8 ,1.813325675
846,長野県,佐久市,13.8 ,1.813325675
847,長野県,千曲市,13.8 ,1.813325675
848,長野県,東御市,13.8 ,1.813325675
849,長野県,安曇野市,13.8 ,1.813325675
850,長野県,小海町,13.8 ,1.813325675
851,長野県,川上村,13.8 ,1.813325675
852,長野県,南牧村,13.8 ,1.813325675
853,長野県,南相木村,13.8 ,1.813325675
854,長野県,北相木村,13.8 ,1.813325675
855,長野県,佐久穂町,13.8 ,1.813325675
856,長野県,軽井沢町,13.8 ,1.813325675
857,長野県,御代田町,13.8 ,1.813325675
858,長野県,立科町,13.8 ,1.813325675
859,長野県,青木村,13.8 ,1.813325675
860,長野県,長和町,13.8 ,1.813325675
861,長野県,下諏訪町,13.8 ,1.813325675
862,長野県,富士見町,13.8 ,1.813325675
863,長野県,原村,13.8 ,1.813325675
864,長野県,辰野町,13.8 ,1.813325675
865,長野県,箕輪町,13.8 ,1.813325675
866,長野県,飯島町,13.8 ,1.813325675
867,長野県,南箕輪村,13.8 ,1.813325675
868,長野県,中川村,13.8 ,1.813325675
869,長野県,宮田村,13.8 ,1.813325675
870,長野県,松川町,13.8 ,1.813325675
871,長野県,高森町,13.8 ,1.813325675
872,長野県,阿南町,13.8 ,1.813325675
873,長野県,阿智村,13.8 ,1.813325675
874,長野県,平谷村,13.8 ,1.813325675
875,長野県,根羽村,13.8 ,1.813325675
876,長野県,下條村,13.8 ,1.813325675
877,長野県,売木村,13.8 ,1.813325675
878,長野県,天龍村,13.8 ,1.813325675
879,長野県,泰阜村,13.8 ,1.813325675
880,長野県,喬木村,13.8 ,1.813325675
881,長野県,豊丘村,13.8 ,1.813325675
882,長野県,大鹿村,13.8 ,1.813325675
883,長野県,上松町,13.8 ,1.813325675
884,長野県,南木曽町,13.8 ,1.813325675
885,長野県,木祖村,13.8 ,1.813325675
886,長野県,王滝村,13.8 ,1.813325675
887,長野県,大桑村,13.8 ,1.813325675
888,長野県,木曽町,13.8 ,1.813325675
889,長野県,麻績村,13.8 ,1.813325675
890,長野県,生坂村,13.8 ,1.813325675
891,長野県,山形村,13.8 ,1.813325675
892,長野県,朝日村,13.8 ,1.813325675
893,長野県,筑北村,13.8 ,1.813325675
894,長野県,池田町,13.8 ,1.813325675
895,長野県,松川村,13.8 ,1.813325675
896,長野県,白馬村,13.8 ,1.813325675
897,長野県,小谷村,13.8 ,1.813325675
898,長野県,坂城町,13.8 ,1.813325675
899,長野県,小布施町,13.8 ,1.813325675
900,長野県,高山村,13.8 ,1.813325675
901,長野県,山ノ内町,13.8 ,1.813325675
902,長野県,木島平村,13.8 ,1.813325675
903,長野県,野沢温泉村,13.8 ,1.813325675
904,長野県,信濃町,13.8 ,1.813325675
905,長野県,小川村,13.8 ,1.813325675
906,長野県,飯綱町,13.8 ,1.813325675
907,長野県,栄村,13.8 ,1.813325675
908,岐阜県,岐阜市,17.9 ,3.557151063
909,岐阜県,大垣市,17.9 ,3.557151063
910,岐阜県,高山市,17.9 ,3.557151063
911,岐阜県,多治見市,17.9 ,3.557151063
912,岐阜県,関市,17.9 ,3.557151063
913,岐阜県,中津川市,17.9 ,3.557151063
914,岐阜県,美濃市,17.9 ,3.557151063
915,岐阜県,瑞浪市,17.9 ,3.557151063
916,岐阜県,羽島市,17.9 ,3.557151063
917,岐阜県,恵那市,17.9 ,3.557151063
918,岐阜県,美濃加茂市,17.9 ,3.557151063
919,岐阜県,土岐市,17.9 ,3.557151063
920,岐阜県,各務原市,17.9 ,3.557151063
921,岐阜県,可児市,17.9 ,3.557151063
922,岐阜県,山県市,17.9 ,3.557151063
923,岐阜県,瑞穂市,17.9 ,3.557151063
924,岐阜県,飛騨市,17.9 ,3.557151063
925,岐阜県,本巣市,17.9 ,3.557151063
926,岐阜県,郡上市,17.9 ,3.557151063
927,岐阜県,下呂市,17.9 ,3.557151063
928,岐阜県,海津市,17.9 ,3.557151063
929,岐阜県,岐南町,17.9 ,3.557151063
930,岐阜県,笠松町,17.9 ,3.557151063
931,岐阜県,養老町,17.9 ,3.557151063
932,岐阜県,垂井町,17.9 ,3.557151063
933,岐阜県,関ケ原町,17.9 ,3.557151063
934,岐阜県,神戸町,17.9 ,3.557151063
935,岐阜県,輪之内町,17.9 ,3.557151063
936,岐阜県,安八町,17.9 ,3.557151063
937,岐阜県,揖斐川町,17.9 ,3.557151063
938,岐阜県,大野町,17.9 ,3.557151063
939,岐阜県,池田町,17.9 ,3.557151063
940,岐阜県,北方町,17.9 ,3.557151063
941,岐阜県,坂祝町,17.9 ,3.557151063
942,岐阜県,富加町,17.9 ,3.557151063
943,岐阜県,川辺町,17.9 ,3.557151063
944,岐阜県,七宗町,17.9 ,3.557151063
945,岐阜県,八百津町,17.9 ,3.557151063
946,岐阜県,白川町,17.9 ,3.557151063
947,岐阜県,東白川村,17.9 ,3.557151063
948,岐阜県,御嵩町,17.9 ,3.557151063
949,岐阜県,白川村,17.9 ,3.557151063
950,静岡県,静岡市,18.7 ,4.510626077
951,静岡県,浜松市,18.7 ,4.510626077
952,静岡県,沼津市,18.7 ,4.510626077
953,静岡県,熱海市,18.7 ,4.510626077
954,静岡県,三島市,18.7 ,4.510626077
955,静岡県,富士宮市,18.7 ,4.510626077
956,静岡県,伊東市,18.7 ,4.510626077
957,静岡県,島田市,18.7 ,4.510626077
958,静岡県,富士市,18.7 ,4.510626077
959,静岡県,磐田市,18.7 ,4.510626077
960,静岡県,焼津市,18.7 ,4.510626077
961,静岡県,掛川市,18.7 ,4.510626077
962,静岡県,藤枝市,18.7 ,4.510626077
963,静岡県,御殿場市,18.7 ,4.510626077
964,静岡県,袋井市,18.7 ,4.510626077
965,静岡県,下田市,18.7 ,4.510626077
966,静岡県,裾野市,18.7 ,4.510626077
967,静岡県,湖西市,18.7 ,4.510626077
968,静岡県,伊豆市,18.7 ,4.510626077
969,静岡県,御前崎市,18.7 ,4.510626077
970,静岡県,菊川市,18.7 ,4.510626077
971,静岡県,伊豆の国市,18.7 ,4.510626077
972,静岡県,牧之原市,18.7 ,4.510626077
973,静岡県,東伊豆町,18.7 ,4.510626077
974,静岡県,河津町,18.7 ,4.510626077
975,静岡県,南伊豆町,18.7 ,4.510626077
976,静岡県,松崎町,18.7 ,4.510626077
977,静岡県,西伊豆町,18.7 ,4.510626077
978,静岡県,函南町,18.7 ,4.510626077
979,静岡県,清水町,18.7 ,4.510626077
980,静岡県,長泉町,18.7 ,4.510626077
981,静岡県,小山町,18.7 ,4.510626077
982,静岡県,吉田町,18.7 ,4.510626077
983,静岡県,川根本町,18.7 ,4.510626077
984,静岡県,森町,18.7 ,4.510626077
985,愛知県,名古屋市,17.9 ,3.557151063
986,愛知県,豊橋市,17.9 ,3.557151063
987,愛知県,岡崎市,17.9 ,3.557151063
988,愛知県,一宮市,17.9 ,3.557151063
989,愛知県,瀬戸市,17.9 ,3.557151063
990,愛知県,半田市,17.9 ,3.557151063
991,愛知県,春日井市,17.9 ,3.557151063
992,愛知県,豊川市,17.9 ,3.557151063
993,愛知県,津島市,17.9 ,3.557151063
994,愛知県,碧南市,17.9 ,3.557151063
995,愛知県,刈谷市,17.9 ,3.557151063
996,愛知県,豊田市,17.9 ,3.557151063
997,愛知県,安城市,17.9 ,3.557151063
998,愛知県,西尾市,17.9 ,3.557151063
999,愛知県,蒲郡市,17.9 ,3.557151063
1000,愛知県,犬山市,17.9 ,3.557151063
1001,愛知県,常滑市,17.9 ,3.557151063
1002,愛知県,江南市,17.9 ,3.557151063
1003,愛知県,小牧市,17.9 ,3.557151063
1004,愛知県,稲沢市,17.9 ,3.557151063
1005,愛知県,新城市,17.9 ,3.557151063
1006,愛知県,東海市,17.9 ,3.557151063
1007,愛知県,大府市,17.9 ,3.557151063
1008,愛知県,知多市,17.9 ,3.557151063
1009,愛知県,知立市,17.9 ,3.557151063
1010,愛知県,尾張旭市,17.9 ,3.557151063
1011,愛知県,高浜市,17.9 ,3.557151063
1012,愛知県,岩倉市,17.9 ,3.557151063
1013,愛知県,豊明市,17.9 ,3.557151063
1014,愛知県,日進市,17.9 ,3.557151063
1015,愛知県,田原市,17.9 ,3.557151063
1016,愛知県,愛西市,17.9 ,3.557151063
1017,愛知県,清須市,17.9 ,3.557151063
1018,愛知県,北名古屋市,17.9 ,3.557151063
1019,愛知県,弥富市,17.9 ,3.557151063
1020,愛知県,みよし市,17.9 ,3.557151063
1021,愛知県,あま市,17.9 ,3.557151063
1022,愛知県,長久手市,17.9 ,3.557151063
1023,愛知県,東郷町,17.9 ,3.557151063
1024,愛知県,豊山町,17.9 ,3.557151063
1025,愛知県,大口町,17.9 ,3.557151063
1026,愛知県,扶桑町,17.9 ,3.557151063
1027,愛知県,大治町,17.9 ,3.557151063
1028,愛知県,蟹江町,17.9 ,3.557151063
1029,愛知県,飛島村,17.9 ,3.557151063
1030,愛知県,阿久比町,17.9 ,3.557151063
1031,愛知県,東浦町,17.9 ,3.557151063
1032,愛知県,南知多町,17.9 ,3.557151063
1033,愛知県,美浜町,17.9 ,3.557151063
1034,愛知県,武豊町,17.9 ,3.557151063
1035,愛知県,幸田町,17.9 ,3.557151063
1036,愛知県,設楽町,17.9 ,3.557151063
1037,愛知県,東栄町,17.9 ,3.557151063
1038,愛知県,豊根村,17.9 ,3.557151063
1039,三重県,津市,17.8 ,3.276852384
1040,三重県,四日市市,17.8 ,3.276852384
1041,三重県,伊勢市,17.8 ,3.276852384
1042,三重県,松阪市,17.8 ,3.276852384
1043,三重県,桑名市,17.8 ,3.276852384
1044,三重県,鈴鹿市,17.8 ,3.276852384
1045,三重県,名張市,17.8 ,3.276852384
1046,三重県,尾鷲市,17.8 ,3.276852384
1047,三重県,亀山市,17.8 ,3.276852384
1048,三重県,鳥羽市,17.8 ,3.276852384
1049,三重県,熊野市,17.8 ,3.276852384
1050,三重県,いなべ市,17.8 ,3.276852384
1051,三重県,志摩市,17.8 ,3.276852384
1052,三重県,伊賀市,17.8 ,3.276852384
1053,三重県,木曽岬町,17.8 ,3.276852384
1054,三重県,東員町,17.8 ,3.276852384
1055,三重県,菰野町,17.8 ,3.276852384
1056,三重県,朝日町,17.8 ,3.276852384
1057,三重県,川越町,17.8 ,3.276852384
1058,三重県,多気町,17.8 ,3.276852384
1059,三重県,明和町,17.8 ,3.276852384
1060,三重県,大台町,17.8 ,3.276852384
1061,三重県,玉城町,17.8 ,3.276852384
1062,三重県,度会町,17.8 ,3.276852384
1063,三重県,大紀町,17.8 ,3.276852384
1064,三重県,南伊勢町,17.8 ,3.276852384
1065,三重県,紀北町,17.8 ,3.276852384
1066,三重県,御浜町,17.8 ,3.276852384
1067,三重県,紀宝町,17.8 ,3.276852384
1068,滋賀県,大津市,16.8 ,2.603676048
1069,滋賀県,彦根市,16.8 ,2.603676048
1070,滋賀県,長浜市,16.8 ,2.603676048
1071,滋賀県,近江八幡市,16.8 ,2.603676048
1072,滋賀県,草津市,16.8 ,2.603676048
1073,滋賀県,守山市,16.8 ,2.603676048
1074,滋賀県,栗東市,16.8 ,2.603676048
1075,滋賀県,甲賀市,16.8 ,2.603676048
1076,滋賀県,野洲市,16.8 ,2.603676048
1077,滋賀県,湖南市,16.8 ,2.603676048
1078,滋賀県,高島市,16.8 ,2.603676048
1079,滋賀県,東近江市,16.8 ,2.603676048
1080,滋賀県,米原市,16.8 ,2.603676048
1081,滋賀県,日野町,16.8 ,2.603676048
1082,滋賀県,竜王町,16.8 ,2.603676048
1083,滋賀県,愛荘町,16.8 ,2.603676048
1084,滋賀県,豊郷町,16.8 ,2.603676048
1085,滋賀県,甲良町,16.8 ,2.603676048
1086,滋賀県,多賀町,16.8 ,2.603676048
1087,京都府,京都市,17.9 ,3.557151063
1088,京都府,福知山市,17.9 ,3.557151063
1089,京都府,舞鶴市,17.9 ,3.557151063
1090,京都府,綾部市,17.9 ,3.557151063
1091,京都府,宇治市,17.9 ,3.557151063
1092,京都府,宮津市,17.9 ,3.557151063
1093,京都府,亀岡市,17.9 ,3.557151063
1094,京都府,城陽市,17.9 ,3.557151063
1095,京都府,向日市,17.9 ,3.557151063
1096,京都府,長岡京市,17.9 ,3.557151063
1097,京都府,八幡市,17.9 ,3.557151063
1098,京都府,京田辺市,17.9 ,3.557151063
1099,京都府,京丹後市,17.9 ,3.557151063
1100,京都府,南丹市,17.9 ,3.557151063
1101,京都府,木津川市,17.9 ,3.557151063
1102,京都府,大山崎町,17.9 ,3.557151063
1103,京都府,久御山町,17.9 ,3.557151063
1104,京都府,井手町,17.9 ,3.557151063
1105,京都府,宇治田原町,17.9 ,3.557151063
1106,京都府,笠置町,17.9 ,3.557151063
1107,京都府,和束町,17.9 ,3.557151063
1108,京都府,精華町,17.9 ,3.557151063
1109,京都府,南山城村,17.9 ,3.557151063
1110,京都府,京丹波町,17.9 ,3.557151063
1111,京都府,伊根町,17.9 ,3.557151063
1112,京都府,与謝野町,17.9 ,3.557151063
1113,大阪府,大阪市,18.4 ,4.352096496
1114,大阪府,堺市,18.4 ,4.352096496
1115,大阪府,岸和田市,18.4 ,4.352096496
1116,大阪府,豊中市,18.4 ,4.352096496
1117,大阪府,池田市,18.4 ,4.352096496
1118,大阪府,吹田市,18.4 ,4.352096496
1119,大阪府,泉大津市,18.4 ,4.352096496
1120,大阪府,高槻市,18.4 ,4.352096496
1121,大阪府,貝塚市,18.4 ,4.352096496
1122,大阪府,守口市,18.4 ,4.352096496
1123,大阪府,枚方市,18.4 ,4.352096496
1124,大阪府,茨木市,18.4 ,4.352096496
1125,大阪府,八尾市,18.4 ,4.352096496
1126,大阪府,泉佐野市,18.4 ,4.352096496
1127,大阪府,富田林市,18.4 ,4.352096496
1128,大阪府,寝屋川市,18.4 ,4.352096496
1129,大阪府,河内長野市,18.4 ,4.352096496
1130,大阪府,松原市,18.4 ,4.352096496
1131,大阪府,大東市,18.4 ,4.352096496
1132,大阪府,和泉市,18.4 ,4.352096496
1133,大阪府,箕面市,18.4 ,4.352096496
1134,大阪府,柏原市,18.4 ,4.352096496
1135,大阪府,羽曳野市,18.4 ,4.352096496
1136,大阪府,門真市,18.4 ,4.352096496
1137,大阪府,摂津市,18.4 ,4.352096496
1138,大阪府,高石市,18.4 ,4.352096496
1139,大阪府,藤井寺市,18.4 ,4.352096496
1140,大阪府,東大阪市,18.4 ,4.352096496
1141,大阪府,泉南市,18.4 ,4.352096496
1142,大阪府,四條畷市,18.4 ,4.352096496
1143,大阪府,交野市,18.4 ,4.352096496
1144,大阪府,大阪狭山市,18.4 ,4.352096496
1145,大阪府,阪南市,18.4 ,4.352096496
1146,大阪府,島本町,18.4 ,4.352096496
1147,大阪府,豊能町,18.4 ,4.352096496
1148,大阪府,能勢町,18.4 ,4.352096496
1149,大阪府,忠岡町,18.4 ,4.352096496
1150,大阪府,熊取町,18.4 ,4.352096496
1151,大阪府,田尻町,18.4 ,4.352096496
1152,大阪府,岬町,18.4 ,4.352096496
1153,大阪府,太子町,18.4 ,4.352096496
1154,大阪府,河南町,18.4 ,4.352096496
1155,大阪府,千早赤阪村,18.4 ,4.352096496
1156,兵庫県,神戸市,18.4 ,4.352096496
1157,兵庫県,姫路市,18.4 ,4.352096496
1158,兵庫県,尼崎市,18.4 ,4.352096496
1159,兵庫県,明石市,18.4 ,4.352096496
1160,兵庫県,西宮市,18.4 ,4.352096496
1161,兵庫県,洲本市,18.4 ,4.352096496
1162,兵庫県,芦屋市,18.4 ,4.352096496
1163,兵庫県,伊丹市,18.4 ,4.352096496
1164,兵庫県,相生市,18.4 ,4.352096496
1165,兵庫県,豊岡市,18.4 ,4.352096496
1166,兵庫県,加古川市,18.4 ,4.352096496
1167,兵庫県,赤穂市,18.4 ,4.352096496
1168,兵庫県,西脇市,18.4 ,4.352096496
1169,兵庫県,宝塚市,18.4 ,4.352096496
1170,兵庫県,三木市,18.4 ,4.352096496
1171,兵庫県,高砂市,18.4 ,4.352096496
1172,兵庫県,川西市,18.4 ,4.352096496
1173,兵庫県,小野市,18.4 ,4.352096496
1174,兵庫県,三田市,18.4 ,4.352096496
1175,兵庫県,加西市,18.4 ,4.352096496
1176,兵庫県,丹波篠山市,18.4 ,4.352096496
1177,兵庫県,養父市,18.4 ,4.352096496
1178,兵庫県,丹波市,18.4 ,4.352096496
1179,兵庫県,南あわじ市,18.4 ,4.352096496
1180,兵庫県,朝来市,18.4 ,4.352096496
1181,兵庫県,淡路市,18.4 ,4.352096496
1182,兵庫県,宍粟市,18.4 ,4.352096496
1183,兵庫県,加東市,18.4 ,4.352096496
1184,兵庫県,たつの市,18.4 ,4.352096496
1185,兵庫県,猪名川町,18.4 ,4.352096496
1186,兵庫県,多可町,18.4 ,4.352096496
1187,兵庫県,稲美町,18.4 ,4.352096496
1188,兵庫県,播磨町,18.4 ,4.352096496
1189,兵庫県,市川町,18.4 ,4.352096496
1190,兵庫県,福崎町,18.4 ,4.352096496
1191,兵庫県,神河町,18.4 ,4.352096496
1192,兵庫県,太子町,18.4 ,4.352096496
1193,兵庫県,上郡町,18.4 ,4.352096496
1194,兵庫県,佐用町,18.4 ,4.352096496
1195,兵庫県,香美町,18.4 ,4.352096496
1196,兵庫県,新温泉町,18.4 ,4.352096496
1197,奈良県,奈良市,17.2 ,2.962090752
1198,奈良県,大和高田市,17.2 ,2.962090752
1199,奈良県,大和郡山市,17.2 ,2.962090752
1200,奈良県,天理市,17.2 ,2.962090752
1201,奈良県,橿原市,17.2 ,2.962090752
1202,奈良県,桜井市,17.2 ,2.962090752
1203,奈良県,五條市,17.2 ,2.962090752
1204,奈良県,御所市,17.2 ,2.962090752
1205,奈良県,生駒市,17.2 ,2.962090752
1206,奈良県,香芝市,17.2 ,2.962090752
1207,奈良県,葛城市,17.2 ,2.962090752
1208,奈良県,宇陀市,17.2 ,2.962090752
1209,奈良県,山添村,17.2 ,2.962090752
1210,奈良県,平群町,17.2 ,2.962090752
1211,奈良県,三郷町,17.2 ,2.962090752
1212,奈良県,斑鳩町,17.2 ,2.962090752
1213,奈良県,安堵町,17.2 ,2.962090752
1214,奈良県,川西町,17.2 ,2.962090752
1215,奈良県,三宅町,17.2 ,2.962090752
1216,奈良県,田原本町,17.2 ,2.962090752
1217,奈良県,曽爾村,17.2 ,2.962090752
1218,奈良県,御杖村,17.2 ,2.962090752
1219,奈良県,高取町,17.2 ,2.962090752
1220,奈良県,明日香村,17.2 ,2.962090752
1221,奈良県,上牧町,17.2 ,2.962090752
1222,奈良県,王寺町,17.2 ,2.962090752
1223,奈良県,広陵町,17.2 ,2.962090752
1224,奈良県,河合町,17.2 ,2.962090752
1225,奈良県,吉野町,17.2 ,2.962090752
1226,奈良県,大淀町,17.2 ,2.962090752
1227,奈良県,下市町,17.2 ,2.962090752
1228,奈良県,黒滝村,17.2 ,2.962090752
1229,奈良県,天川村,17.2 ,2.962090752
1230,奈良県,野迫川村,17.2 ,2.962090752
1231,奈良県,十津川村,17.2 ,2.962090752
1232,奈良県,下北山村,17.2 ,2.962090752
1233,奈良県,上北山村,17.2 ,2.962090752
1234,奈良県,川上村,17.2 ,2.962090752
1235,奈良県,東吉野村,17.2 ,2.962090752
1236,和歌山県,和歌山市,18.2 ,4.018954624
1237,和歌山県,海南市,18.2 ,4.018954624
1238,和歌山県,橋本市,18.2 ,4.018954624
1239,和歌山県,有田市,18.2 ,4.018954624
1240,和歌山県,御坊市,18.2 ,4.018954624
1241,和歌山県,田辺市,18.2 ,4.018954624
1242,和歌山県,新宮市,18.2 ,4.018954624
1243,和歌山県,紀の川市,18.2 ,4.018954624
1244,和歌山県,岩出市,18.2 ,4.018954624
1245,和歌山県,紀美野町,18.2 ,4.018954624
1246,和歌山県,かつらぎ町,18.2 ,4.018954624
1247,和歌山県,九度山町,18.2 ,4.018954624
1248,和歌山県,高野町,18.2 ,4.018954624
1249,和歌山県,湯浅町,18.2 ,4.018954624
1250,和歌山県,広川町,18.2 ,4.018954624
1251,和歌山県,有田川町,18.2 ,4.018954624
1252,和歌山県,美浜町,18.2 ,4.018954624
1253,和歌山県,日高町,18.2 ,4.018954624
1254,和歌山県,由良町,18.2 ,4.018954624
1255,和歌山県,印南町,18.2 ,4.018954624
1256,和歌山県,みなべ町,18.2 ,4.018954624
1257,和歌山県,日高川町,18.2 ,4.018954624
1258,和歌山県,白浜町,18.2 ,4.018954624
1259,和歌山県,上富田町,18.2 ,4.018954624
1260,和歌山県,すさみ町,18.2 ,4.018954624
1261,和歌山県,那智勝浦町,18.2 ,4.018954624
1262,和歌山県,太地町,18.2 ,4.018954624
1263,和歌山県,古座川町,18.2 ,4.018954624
1264,和歌山県,北山村,18.2 ,4.018954624
1265,和歌山県,串本町,18.2 ,4.018954624
1266,鳥取県,鳥取市,16.9 ,2.727742677
1267,鳥取県,米子市,16.9 ,2.727742677
1268,鳥取県,倉吉市,16.9 ,2.727742677
1269,鳥取県,境港市,16.9 ,2.727742677
1270,鳥取県,岩美町,16.9 ,2.727742677
1271,鳥取県,若桜町,16.9 ,2.727742677
1272,鳥取県,智頭町,16.9 ,2.727742677
1273,鳥取県,八頭町,16.9 ,2.727742677
1274,鳥取県,三朝町,16.9 ,2.727742677
1275,鳥取県,湯梨浜町,16.9 ,2.727742677
1276,鳥取県,琴浦町,16.9 ,2.727742677
1277,鳥取県,北栄町,16.9 ,2.727742677
1278,鳥取県,日吉津村,16.9 ,2.727742677
1279,鳥取県,大山町,16.9 ,2.727742677
1280,鳥取県,南部町,16.9 ,2.727742677
1281,鳥取県,伯耆町,16.9 ,2.727742677
1282,鳥取県,日南町,16.9 ,2.727742677
1283,鳥取県,日野町,16.9 ,2.727742677
1284,鳥取県,江府町,16.9 ,2.727742677
1285,島根県,松江市,16.8 ,2.603676048
1286,島根県,浜田市,16.8 ,2.603676048
1287,島根県,出雲市,16.8 ,2.603676048
1288,島根県,益田市,16.8 ,2.603676048
1289,島根県,大田市,16.8 ,2.603676048
1290,島根県,安来市,16.8 ,2.603676048
1291,島根県,江津市,16.8 ,2.603676048
1292,島根県,雲南市,16.8 ,2.603676048
1293,島根県,奥出雲町,16.8 ,2.603676048
1294,島根県,飯南町,16.8 ,2.603676048
1295,島根県,川本町,16.8 ,2.603676048
1296,島根県,美郷町,16.8 ,2.603676048
1297,島根県,邑南町,16.8 ,2.603676048
1298,島根県,津和野町,16.8 ,2.603676048
1299,島根県,吉賀町,16.8 ,2.603676048
1300,島根県,海士町,16.8 ,2.603676048
1301,島根県,西ノ島町,16.8 ,2.603676048
1302,島根県,知夫村,16.8 ,2.603676048
1303,島根県,隠岐の島町,16.8 ,2.603676048
1304,岡山県,岡山市,17.3 ,3.06777714
1305,岡山県,倉敷市,17.3 ,3.06777714
1306,岡山県,津山市,17.3 ,3.06777714
1307,岡山県,玉野市,17.3 ,3.06777714
1308,岡山県,笠岡市,17.3 ,3.06777714
1309,岡山県,井原市,17.3 ,3.06777714
1310,岡山県,総社市,17.3 ,3.06777714
1311,岡山県,高梁市,17.3 ,3.06777714
1312,岡山県,新見市,17.3 ,3.06777714
1313,岡山県,備前市,17.3 ,3.06777714
1314,岡山県,瀬戸内市,17.3 ,3.06777714
1315,岡山県,赤磐市,17.3 ,3.06777714
1316,岡山県,真庭市,17.3 ,3.06777714
1317,岡山県,美作市,17.3 ,3.06777714
1318,岡山県,浅口市,17.3 ,3.06777714
1319,岡山県,和気町,17.3 ,3.06777714
1320,岡山県,早島町,17.3 ,3.06777714
1321,岡山県,里庄町,17.3 ,3.06777714
1322,岡山県,矢掛町,17.3 ,3.06777714
1323,岡山県,新庄村,17.3 ,3.06777714
1324,岡山県,鏡野町,17.3 ,3.06777714
1325,岡山県,勝央町,17.3 ,3.06777714
1326,岡山県,奈義町,17.3 ,3.06777714
1327,岡山県,西粟倉村,17.3 ,3.06777714
1328,岡山県,久米南町,17.3 ,3.06777714
1329,岡山県,美咲町,17.3 ,3.06777714
1330,岡山県,吉備中央町,17.3 ,3.06777714
1331,広島県,広島市,18.0 ,3.80987938
1332,広島県,呉市,18.0 ,3.80987938
1333,広島県,竹原市,18.0 ,3.80987938
1334,広島県,三原市,18.0 ,3.80987938
1335,広島県,尾道市,18.0 ,3.80987938
1336,広島県,福山市,18.0 ,3.80987938
1337,広島県,府中市,18.0 ,3.80987938
1338,広島県,三次市,18.0 ,3.80987938
1339,広島県,庄原市,18.0 ,3.80987938
1340,広島県,大竹市,18.0 ,3.80987938
1341,広島県,東広島市,18.0 ,3.80987938
1342,広島県,廿日市市,18.0 ,3.80987938
1343,広島県,安芸高田市,18.0 ,3.80987938
1344,広島県,江田島市,18.0 ,3.80987938
1345,広島県,府中町,18.0 ,3.80987938
1346,広島県,海田町,18.0 ,3.80987938
1347,広島県,熊野町,18.0 ,3.80987938
1348,広島県,坂町,18.0 ,3.80987938
1349,広島県,安芸太田町,18.0 ,3.80987938
1350,広島県,北広島町,18.0 ,3.80987938
1351,広島県,大崎上島町,18.0 ,3.80987938
1352,広島県,世羅町,18.0 ,3.80987938
1353,広島県,神石高原町,18.0 ,3.80987938
1354,山口県,下関市,17.3 ,3.06777714
1355,山口県,宇部市,17.3 ,3.06777714
1356,山口県,山口市,17.3 ,3.06777714
1357,山口県,萩市,17.3 ,3.06777714
1358,山口県,防府市,17.3 ,3.06777714
1359,山口県,下松市,17.3 ,3.06777714
1360,山口県,岩国市,17.3 ,3.06777714
1361,山口県,光市,17.3 ,3.06777714
1362,山口県,長門市,17.3 ,3.06777714
1363,山口県,柳井市,17.3 ,3.06777714
1364,山口県,美祢市,17.3 ,3.06777714
1365,山口県,周南市,17.3 ,3.06777714
1366,山口県,山陽小野田市,17.3 ,3.06777714
1367,山口県,周防大島町,17.3 ,3.06777714
1368,山口県,和木町,17.3 ,3.06777714
1369,山口県,上関町,17.3 ,3.06777714
1370,山口県,田布施町,17.3 ,3.06777714
1371,山口県,平生町,17.3 ,3.06777714
1372,山口県,阿武町,17.3 ,3.06777714
1373,徳島県,徳島市,18.1 ,3.904078116
1374,徳島県,鳴門市,18.1 ,3.904078116
1375,徳島県,小松島市,18.1 ,3.904078116
1376,徳島県,阿南市,18.1 ,3.904078116
1377,徳島県,吉野川市,18.1 ,3.904078116
1378,徳島県,阿波市,18.1 ,3.904078116
1379,徳島県,美馬市,18.1 ,3.904078116
1380,徳島県,三好市,18.1 ,3.904078116
1381,徳島県,勝浦町,18.1 ,3.904078116
1382,徳島県,上勝町,18.1 ,3.904078116
1383,徳島県,佐那河内村,18.1 ,3.904078116
1384,徳島県,石井町,18.1 ,3.904078116
1385,徳島県,神山町,18.1 ,3.904078116
1386,徳島県,那賀町,18.1 ,3.904078116
1387,徳島県,牟岐町,18.1 ,3.904078116
1388,徳島県,美波町,18.1 ,3.904078116
1389,徳島県,海陽町,18.1 ,3.904078116
1390,徳島県,松茂町,18.1 ,3.904078116
1391,徳島県,北島町,18.1 ,3.904078116
1392,徳島県,藍住町,18.1 ,3.904078116
1393,徳島県,板野町,18.1 ,3.904078116
1394,徳島県,上板町,18.1 ,3.904078116
1395,徳島県,つるぎ町,18.1 ,3.904078116
1396,徳島県,東みよし町,18.1 ,3.904078116
1397,香川県,高松市,18.1 ,3.904078116
1398,香川県,丸亀市,18.1 ,3.904078116
1399,香川県,坂出市,18.1 ,3.904078116
1400,香川県,善通寺市,18.1 ,3.904078116
1401,香川県,観音寺市,18.1 ,3.904078116
1402,香川県,さぬき市,18.1 ,3.904078116
1403,香川県,東かがわ市,18.1 ,3.904078116
1404,香川県,三豊市,18.1 ,3.904078116
1405,香川県,土庄町,18.1 ,3.904078116
1406,香川県,小豆島町,18.1 ,3.904078116
1407,香川県,三木町,18.1 ,3.904078116
1408,香川県,直島町,18.1 ,3.904078116
1409,香川県,宇多津町,18.1 ,3.904078116
1410,香川県,綾川町,18.1 ,3.904078116
1411,香川県,琴平町,18.1 ,3.904078116
1412,香川県,多度津町,18.1 ,3.904078116
1413,香川県,まんのう町,18.1 ,3.904078116
1414,愛媛県,松山市,18.2 ,4.018954624
1415,愛媛県,今治市,18.2 ,4.018954624
1416,愛媛県,宇和島市,18.2 ,4.018954624
1417,愛媛県,八幡浜市,18.2 ,4.018954624
1418,愛媛県,新居浜市,18.2 ,4.018954624
1419,愛媛県,西条市,18.2 ,4.018954624
1420,愛媛県,大洲市,18.2 ,4.018954624
1421,愛媛県,伊予市,18.2 ,4.018954624
1422,愛媛県,四国中央市,18.2 ,4.018954624
1423,愛媛県,西予市,18.2 ,4.018954624
1424,愛媛県,東温市,18.2 ,4.018954624
1425,愛媛県,上島町,18.2 ,4.018954624
1426,愛媛県,久万高原町,18.2 ,4.018954624
1427,愛媛県,松前町,18.2 ,4.018954624
1428,愛媛県,砥部町,18.2 ,4.018954624
1429,愛媛県,内子町,18.2 ,4.018954624
1430,愛媛県,伊方町,18.2 ,4.018954624
1431,愛媛県,松野町,18.2 ,4.018954624
1432,愛媛県,鬼北町,18.2 ,4.018954624
1433,愛媛県,愛南町,18.2 ,4.018954624
1434,高知県,高知市,18.7 ,4.510626077
1435,高知県,室戸市,18.7 ,4.510626077
1436,高知県,安芸市,18.7 ,4.510626077
1437,高知県,南国市,18.7 ,4.510626077
1438,高知県,土佐市,18.7 ,4.510626077
1439,高知県,須崎市,18.7 ,4.510626077
1440,高知県,宿毛市,18.7 ,4.510626077
1441,高知県,土佐清水市,18.7 ,4.510626077
1442,高知県,四万十市,18.7 ,4.510626077
1443,高知県,香南市,18.7 ,4.510626077
1444,高知県,香美市,18.7 ,4.510626077
1445,高知県,東洋町,18.7 ,4.510626077
1446,高知県,奈半利町,18.7 ,4.510626077
1447,高知県,田野町,18.7 ,4.510626077
1448,高知県,安田町,18.7 ,4.510626077
1449,高知県,北川村,18.7 ,4.510626077
1450,高知県,馬路村,18.7 ,4.510626077
1451,高知県,芸西村,18.7 ,4.510626077
1452,高知県,本山町,18.7 ,4.510626077
1453,高知県,大豊町,18.7 ,4.510626077
1454,高知県,土佐町,18.7 ,4.510626077
1455,高知県,大川村,18.7 ,4.510626077
1456,高知県,いの町,18.7 ,4.510626077
1457,高知県,仁淀川町,18.7 ,4.510626077
1458,高知県,中土佐町,18.7 ,4.510626077
1459,高知県,佐川町,18.7 ,4.510626077
1460,高知県,越知町,18.7 ,4.510626077
1461,高知県,檮原町,18.7 ,4.510626077
1462,高知県,日高村,18.7 ,4.510626077
1463,高知県,津野町,18.7 ,4.510626077
1464,高知県,四万十町,18.7 ,4.510626077
1465,高知県,大月町,18.7 ,4.510626077
1466,高知県,三原村,18.7 ,4.510626077
1467,高知県,黒潮町,18.7 ,4.510626077
1468,福岡県,北九州市,19.0 ,4.84606548
1469,福岡県,福岡市,19.0 ,4.84606548
1470,福岡県,大牟田市,19.0 ,4.84606548
1471,福岡県,久留米市,19.0 ,4.84606548
1472,福岡県,直方市,19.0 ,4.84606548
1473,福岡県,飯塚市,19.0 ,4.84606548
1474,福岡県,田川市,19.0 ,4.84606548
1475,福岡県,柳川市,19.0 ,4.84606548
1476,福岡県,八女市,19.0 ,4.84606548
1477,福岡県,筑後市,19.0 ,4.84606548
1478,福岡県,大川市,19.0 ,4.84606548
1479,福岡県,行橋市,19.0 ,4.84606548
1480,福岡県,豊前市,19.0 ,4.84606548
1481,福岡県,中間市,19.0 ,4.84606548
1482,福岡県,小郡市,19.0 ,4.84606548
1483,福岡県,筑紫野市,19.0 ,4.84606548
1484,福岡県,春日市,19.0 ,4.84606548
1485,福岡県,大野城市,19.0 ,4.84606548
1486,福岡県,宗像市,19.0 ,4.84606548
1487,福岡県,太宰府市,19.0 ,4.84606548
1488,福岡県,古賀市,19.0 ,4.84606548
1489,福岡県,福津市,19.0 ,4.84606548
1490,福岡県,うきは市,19.0 ,4.84606548
1491,福岡県,宮若市,19.0 ,4.84606548
1492,福岡県,嘉麻市,19.0 ,4.84606548
1493,福岡県,朝倉市,19.0 ,4.84606548
1494,福岡県,みやま市,19.0 ,4.84606548
1495,福岡県,糸島市,19.0 ,4.84606548
1496,福岡県,那珂川市,19.0 ,4.84606548
1497,福岡県,宇美町,19.0 ,4.84606548
1498,福岡県,篠栗町,19.0 ,4.84606548
1499,福岡県,志免町,19.0 ,4.84606548
1500,福岡県,須恵町,19.0 ,4.84606548
1501,福岡県,新宮町,19.0 ,4.84606548
1502,福岡県,久山町,19.0 ,4.84606548
1503,福岡県,粕屋町,19.0 ,4.84606548
1504,福岡県,芦屋町,19.0 ,4.84606548
1505,福岡県,水巻町,19.0 ,4.84606548
1506,福岡県,岡垣町,19.0 ,4.84606548
1507,福岡県,遠賀町,19.0 ,4.84606548
1508,福岡県,小竹町,19.0 ,4.84606548
1509,福岡県,鞍手町,19.0 ,4.84606548
1510,福岡県,桂川町,19.0 ,4.84606548
1511,福岡県,筑前町,19.0 ,4.84606548
1512,福岡県,東峰村,19.0 ,4.84606548
1513,福岡県,大刀洗町,19.0 ,4.84606548
1514,福岡県,大木町,19.0 ,4.84606548
1515,福岡県,広川町,19.0 ,4.84606548
1516,福岡県,香春町,19.0 ,4.84606548
1517,福岡県,添田町,19.0 ,4.84606548
1518,福岡県,糸田町,19.0 ,4.84606548
1519,福岡県,川崎町,19.0 ,4.84606548
1520,福岡県,大任町,19.0 ,4.84606548
1521,福岡県,赤村,19.0 ,4.84606548
1522,福岡県,福智町,19.0 ,4.84606548
1523,福岡県,苅田町,19.0 ,4.84606548
1524,福岡県,みやこ町,19.0 ,4.84606548
1525,福岡県,吉富町,19.0 ,4.84606548
1526,福岡県,上毛町,19.0 ,4.84606548
1527,福岡県,築上町,19.0 ,4.84606548
1528,佐賀県,佐賀市,18.8 ,4.55657668
1529,佐賀県,唐津市,18.8 ,4.55657668
1530,佐賀県,鳥栖市,18.8 ,4.55657668
1531,佐賀県,多久市,18.8 ,4.55657668
1532,佐賀県,伊万里市,18.8 ,4.55657668
1533,佐賀県,武雄市,18.8 ,4.55657668
1534,佐賀県,鹿島市,18.8 ,4.55657668
1535,佐賀県,小城市,18.8 ,4.55657668
1536,佐賀県,嬉野市,18.8 ,4.55657668
1537,佐賀県,神埼市,18.8 ,4.55657668
1538,佐賀県,吉野ヶ里町,18.8 ,4.55657668
1539,佐賀県,基山町,18.8 ,4.55657668
1540,佐賀県,上峰町,18.8 ,4.55657668
1541,佐賀県,みやき町,18.8 ,4.55657668
1542,佐賀県,玄海町,18.8 ,4.55657668
1543,佐賀県,有田町,18.8 ,4.55657668
1544,佐賀県,大町町,18.8 ,4.55657668
1545,佐賀県,江北町,18.8 ,4.55657668
1546,佐賀県,白石町,18.8 ,4.55657668
1547,佐賀県,太良町,18.8 ,4.55657668
1548,長崎県,長崎市,18.9 ,4.70821367
1549,長崎県,佐世保市,18.9 ,4.70821367
1550,長崎県,島原市,18.9 ,4.70821367
1551,長崎県,諫早市,18.9 ,4.70821367
1552,長崎県,大村市,18.9 ,4.70821367
1553,長崎県,平戸市,18.9 ,4.70821367
1554,長崎県,松浦市,18.9 ,4.70821367
1555,長崎県,対馬市,18.9 ,4.70821367
1556,長崎県,壱岐市,18.9 ,4.70821367
1557,長崎県,五島市,18.9 ,4.70821367
1558,長崎県,西海市,18.9 ,4.70821367
1559,長崎県,雲仙市,18.9 ,4.70821367
1560,長崎県,南島原市,18.9 ,4.70821367
1561,長崎県,長与町,18.9 ,4.70821367
1562,長崎県,時津町,18.9 ,4.70821367
1563,長崎県,東彼杵町,18.9 ,4.70821367
1564,長崎県,川棚町,18.9 ,4.70821367
1565,長崎県,波佐見町,18.9 ,4.70821367
1566,長崎県,小値賀町,18.9 ,4.70821367
1567,長崎県,佐々町,18.9 ,4.70821367
1568,長崎県,新上五島町,18.9 ,4.70821367
1569,熊本県,熊本市,18.9 ,4.70821367
1570,熊本県,八代市,18.9 ,4.70821367
1571,熊本県,人吉市,18.9 ,4.70821367
1572,熊本県,荒尾市,18.9 ,4.70821367
1573,熊本県,水俣市,18.9 ,4.70821367
1574,熊本県,玉名市,18.9 ,4.70821367
1575,熊本県,山鹿市,18.9 ,4.70821367
1576,熊本県,菊池市,18.9 ,4.70821367
1577,熊本県,宇土市,18.9 ,4.70821367
1578,熊本県,上天草市,18.9 ,4.70821367
1579,熊本県,宇城市,18.9 ,4.70821367
1580,熊本県,阿蘇市,18.9 ,4.70821367
1581,熊本県,天草市,18.9 ,4.70821367
1582,熊本県,合志市,18.9 ,4.70821367
1583,熊本県,美里町,18.9 ,4.70821367
1584,熊本県,玉東町,18.9 ,4.70821367
1585,熊本県,南関町,18.9 ,4.70821367
1586,熊本県,長洲町,18.9 ,4.70821367
1587,熊本県,和水町,18.9 ,4.70821367
1588,熊本県,大津町,18.9 ,4.70821367
1589,熊本県,菊陽町,18.9 ,4.70821367
1590,熊本県,南小国町,18.9 ,4.70821367
1591,熊本県,小国町,18.9 ,4.70821367
1592,熊本県,産山村,18.9 ,4.70821367
1593,熊本県,高森町,18.9 ,4.70821367
1594,熊本県,西原村,18.9 ,4.70821367
1595,熊本県,南阿蘇村,18.9 ,4.70821367
1596,熊本県,御船町,18.9 ,4.70821367
1597,熊本県,嘉島町,18.9 ,4.70821367
1598,熊本県,益城町,18.9 ,4.70821367
1599,熊本県,甲佐町,18.9 ,4.70821367
1600,熊本県,山都町,18.9 ,4.70821367
1601,熊本県,氷川町,18.9 ,4.70821367
1602,熊本県,芦北町,18.9 ,4.70821367
1603,熊本県,津奈木町,18.9 ,4.70821367
1604,熊本県,錦町,18.9 ,4.70821367
1605,熊本県,多良木町,18.9 ,4.70821367
1606,熊本県,湯前町,18.9 ,4.70821367
1607,熊本県,水上村,18.9 ,4.70821367
1608,熊本県,相良村,18.9 ,4.70821367
1609,熊本県,五木村,18.9 ,4.70821367
1610,熊本県,山江村,18.9 ,4.70821367
1611,熊本県,球磨村,18.9 ,4.70821367
1612,熊本県,あさぎり町,18.9 ,4.70821367
1613,熊本県,苓北町,18.9 ,4.70821367
1614,大分県,大分市,18.4 ,4.352096496
1615,大分県,別府市,18.4 ,4.352096496
1616,大分県,中津市,18.4 ,4.352096496
1617,大分県,日田市,18.4 ,4.352096496
1618,大分県,佐伯市,18.4 ,4.352096496
1619,大分県,臼杵市,18.4 ,4.352096496
1620,大分県,津久見市,18.4 ,4.352096496
1621,大分県,竹田市,18.4 ,4.352096496
1622,大分県,豊後高田市,18.4 ,4.352096496
1623,大分県,杵築市,18.4 ,4.352096496
1624,大分県,宇佐市,18.4 ,4.352096496
1625,大分県,豊後大野市,18.4 ,4.352096496
1626,大分県,由布市,18.4 ,4.352096496
1627,大分県,国東市,18.4 ,4.352096496
1628,大分県,姫島村,18.4 ,4.352096496
1629,大分県,日出町,18.4 ,4.352096496
1630,大分県,九重町,18.4 ,4.352096496
1631,大分県,玖珠町,18.4 ,4.352096496
1632,宮崎県,宮崎市,19.3 ,4.905801264
1633,宮崎県,都城市,19.3 ,4.905801264
1634,宮崎県,延岡市,19.3 ,4.905801264
1635,宮崎県,日南市,19.3 ,4.905801264
1636,宮崎県,小林市,19.3 ,4.905801264
1637,宮崎県,日向市,19.3 ,4.905801264
1638,宮崎県,串間市,19.3 ,4.905801264
1639,宮崎県,西都市,19.3 ,4.905801264
1640,宮崎県,えびの市,19.3 ,4.905801264
1641,宮崎県,三股町,19.3 ,4.905801264
1642,宮崎県,高原町,19.3 ,4.905801264
1643,宮崎県,国富町,19.3 ,4.905801264
1644,宮崎県,綾町,19.3 ,4.905801264
1645,宮崎県,高鍋町,19.3 ,4.905801264
1646,宮崎県,新富町,19.3 ,4.905801264
1647,宮崎県,西米良村,19.3 ,4.905801264
1648,宮崎県,木城町,19.3 ,4.905801264
1649,宮崎県,川南町,19.3 ,4.905801264
1650,宮崎県,都農町,19.3 ,4.905801264
1651,宮崎県,門川町,19.3 ,4.905801264
1652,宮崎県,諸塚村,19.3 ,4.905801264
1653,宮崎県,椎葉村,19.3 ,4.905801264
1654,宮崎県,美郷町,19.3 ,4.905801264
1655,宮崎県,高千穂町,19.3 ,4.905801264
1656,宮崎県,日之影町,19.3 ,4.905801264
1657,宮崎県,五ヶ瀬町,19.3 ,4.905801264
1658,鹿児島県,鹿児島市,18.4 ,4.352096496
1659,鹿児島県,鹿屋市,18.4 ,4.352096496
1660,鹿児島県,枕崎市,18.4 ,4.352096496
1661,鹿児島県,阿久根市,18.4 ,4.352096496
1662,鹿児島県,出水市,18.4 ,4.352096496
1663,鹿児島県,指宿市,18.4 ,4.352096496
1664,鹿児島県,西之表市,18.4 ,4.352096496
1665,鹿児島県,垂水市,18.4 ,4.352096496
1666,鹿児島県,薩摩川内市,18.4 ,4.352096496
1667,鹿児島県,日置市,18.4 ,4.352096496
1668,鹿児島県,曽於市,18.4 ,4.352096496
1669,鹿児島県,霧島市,18.4 ,4.352096496
1670,鹿児島県,いちき串木野市,18.4 ,4.352096496
1671,鹿児島県,南さつま市,18.4 ,4.352096496
1672,鹿児島県,志布志市,18.4 ,4.352096496
1673,鹿児島県,奄美市,18.4 ,4.352096496
1674,鹿児島県,南九州市,18.4 ,4.352096496
1675,鹿児島県,伊佐市,18.4 ,4.352096496
1676,鹿児島県,姶良市,18.4 ,4.352096496
1677,鹿児島県,三島村,18.4 ,4.352096496
1678,鹿児島県,十島村,18.4 ,4.352096496
1679,鹿児島県,さつま町,18.4 ,4.352096496
1680,鹿児島県,長島町,18.4 ,4.352096496
1681,鹿児島県,湧水町,18.4 ,4.352096496
1682,鹿児島県,大崎町,18.4 ,4.352096496
1683,鹿児島県,東串良町,18.4 ,4.352096496
1684,鹿児島県,錦江町,18.4 ,4.352096496
1685,鹿児島県,南大隅町,18.4 ,4.352096496
1686,鹿児島県,肝付町,18.4 ,4.352096496
1687,鹿児島県,中種子町,18.4 ,4.352096496
1688,鹿児島県,南種子町,18.4 ,4.352096496
1689,鹿児島県,屋久島町,18.4 ,4.352096496
1690,鹿児島県,大和村,18.4 ,4.352096496
1691,鹿児島県,宇検村,18.4 ,4.352096496
1692,鹿児島県,瀬戸内町,18.4 ,4.352096496
1693,鹿児島県,龍郷町,18.4 ,4.352096496
1694,鹿児島県,喜界町,18.4 ,4.352096496
1695,鹿児島県,徳之島町,18.4 ,4.352096496
1696,鹿児島県,天城町,18.4 ,4.352096496
1697,鹿児島県,伊仙町,18.4 ,4.352096496
1698,鹿児島県,和泊町,18.4 ,4.352096496
1699,鹿児島県,知名町,18.4 ,4.352096496
1700,鹿児島県,与論町,18.4 ,4.352096496
1701,沖縄県,那覇市,24.4 ,5
1702,沖縄県,宜野湾市,24.4 ,5
1703,沖縄県,石垣市,24.4 ,5
1704,沖縄県,浦添市,24.4 ,5
1705,沖縄県,名護市,24.4 ,5
1706,沖縄県,糸満市,24.4 ,5
1707,沖縄県,沖縄市,24.4 ,5
1708,沖縄県,豊見城市,24.4 ,5
1709,沖縄県,うるま市,24.4 ,5
1710,沖縄県,宮古島市,24.4 ,5
1711,沖縄県,南城市,24.4 ,5
1712,沖縄県,国頭村,24.4 ,5
1713,沖縄県,大宜味村,24.4 ,5
1714,沖縄県,東村,24.4 ,5
1715,沖縄県,今帰仁村,24.4 ,5
1716,沖縄県,本部町,24.4 ,5
1717,沖縄県,恩納村,24.4 ,5
1718,沖縄県,宜野座村,24.4 ,5
1719,沖縄県,金武町,24.4 ,5
1720,沖縄県,伊江村,24.4 ,5
1721,沖縄県,読谷村,24.4 ,5
1722,沖縄県,嘉手納町,24.4 ,5
1723,沖縄県,北谷町,24.4 ,5
1724,沖縄県,北中城村,24.4 ,5
1725,沖縄県,中城村,24.4 ,5
1726,沖縄県,西原町,24.4 ,5
1727,沖縄県,与那原町,24.4 ,5
1728,沖縄県,南風原町,24.4 ,5
1729,沖縄県,渡嘉敷村,24.4 ,5
1730,沖縄県,座間味村,24.4 ,5
1731,沖縄県,粟国村,24.4 ,5
1732,沖縄県,渡名喜村,24.4 ,5
1733,沖縄県,南大東村,24.4 ,5
1734,沖縄県,北大東村,24.4 ,5
1735,沖縄県,伊平屋村,24.4 ,5
1736,沖縄県,伊是名村,24.4 ,5
1737,沖縄県,久米島町,24.4 ,5
1738,沖縄県,八重瀬町,24.4 ,5
1739,沖縄県,多良間村,24.4 ,5
1740,沖縄県,竹富町,24.4 ,5
1741,沖縄県,与那国町,24.4 ,5
