,,,人口密度,人口,面積(km2),
1,北海道,札幌市,1759.979844,1973395,112126,4.443997702
2,北海道,函館市,370.4014044,251084,67787,3.566341183
3,北海道,小樽市,456.4614691,111299,24383,3.692705342
4,北海道,旭川市,440.4488671,329306,74766,3.674325101
5,北海道,室蘭市,1016.948525,82383,8101,4.177484204
6,北海道,釧路市,121.0898875,165077,136326,2.661114302
7,北海道,帯広市,268.8926922,166536,61934,3.322802987
8,北海道,北見市,80.90177314,115480,142741,2.32797243
9,北海道,夕張市,9.611175908,7334,76307,1.197587593
10,北海道,岩見沢市,164.8704836,79306,48102,2.886272257
11,北海道,網走市,75.94724322,35759,47084,2.279724296
12,北海道,留萌市,67.53970652,20114,29781,2.18782309
13,北海道,苫小牧市,302.875405,170113,56166,3.403216542
14,北海道,稚内市,44.07948307,33563,76142,1.88454911
15,北海道,美唄市,73.51002917,20413,27769,2.249856404
16,北海道,芦別市,14.51377971,12555,86504,1.353819644
17,北海道,江別市,646.0454691,121056,18738,3.931648478
18,北海道,赤平市,74.66892516,9698,12988,2.256748995
19,北海道,紋別市,25.53962464,21215,83067,1.59276278
20,北海道,士別市,15.9557549,17858,111922,1.385985066
21,北海道,名寄市,51.00774034,27282,53486,1.981045376
22,北海道,三笠市,26.57675526,8040,30252,1.615738082
23,北海道,根室市,60.41048528,24636,40781,2.109707065
24,北海道,千歳市,164.7603028,97950,59450,2.883974727
25,北海道,滝川市,340.7247627,39490,11590,3.506605399
26,北海道,砂川市,209.5322827,16486,7868,3.102240092
27,北海道,歌志内市,53.42269884,2989,5595,2.024698449
28,北海道,深川市,37.85085565,20039,52942,1.785755313
29,北海道,富良野市,35.17670756,21131,60071,1.73980471
30,北海道,登別市,218.6089251,46391,21221,3.136703044
31,北海道,恵庭市,238.693365,70331,29465,3.212521539
32,北海道,伊達市,73.89748092,32826,44421,2.252153935
33,北海道,北広島市,488.6266275,58171,11905,3.747846065
34,北海道,石狩市,78.72994338,56869,72233,2.302699598
35,北海道,北斗市,111.4683977,44302,39744,2.612866169
36,北海道,当別町,37.63893487,15916,42286,1.781160253
37,北海道,新篠津村,39.00563813,3044,7804,1.804135554
38,北海道,松前町,21.34697357,6260,29325,1.505456634
39,北海道,福島町,20.26168224,3794,18725,1.489373923
40,北海道,知内町,21.17808498,4167,19676,1.503159104
41,北海道,木古内町,17.27215361,3832,22186,1.427340609
42,北海道,七飯町,127.7324106,27686,21675,2.713957496
43,北海道,鹿部町,33.98716442,3760,11063,1.721424469
44,北海道,森町,38.87849454,14338,36879,1.801838024
45,北海道,八雲町,16.55300812,15826,95608,1.406662837
46,北海道,長万部町,16.44033981,5109,31076,1.404365307
47,北海道,江差町,67.84800877,7428,10948,2.19241815
48,北海道,上ノ国町,7.861681151,4306,54772,1.158529581
49,北海道,厚沢部町,7.798862304,3592,46058,1.156232051
50,北海道,乙部町,20.92994649,3403,16259,1.496266513
51,北海道,奥尻町,16.85432548,2410,14299,1.415852958
52,北海道,今金町,8.925648922,5072,56825,1.186099943
53,北海道,せたな町,11.58326549,7398,63868,1.264215968
54,北海道,島牧村,3.101697241,1356,43718,1.025272832
55,北海道,寿都町,29.79527559,2838,9525,1.657093624
56,北海道,黒松内町,8.074641979,2791,34565,1.167719701
57,北海道,蘭越町,10.1560763,4568,44978,1.209075244
58,北海道,ニセコ町,25.73935981,5074,19713,1.59506031
59,北海道,真狩村,17.89934354,2045,11425,1.44112579
60,北海道,留寿都村,15.94626168,1911,11984,1.383687536
61,北海道,喜茂別町,11.38271475,2156,18941,1.259620908
62,北海道,京極町,12.70465247,2941,23149,1.29867892
63,北海道,倶知安町,57.89010484,15129,26134,2.086731763
64,北海道,共和町,18.92955529,5772,30492,1.457208501
65,北海道,岩内町,164.9858357,11648,7060,2.888569787
66,北海道,泊村,19.07135043,1569,8227,1.464101091
67,北海道,神恵内村,5.886731173,870,14779,1.110281447
68,北海道,積丹町,7.689077395,1831,23813,1.15393452
69,北海道,古平町,14.57315778,2745,18836,1.360712234
70,北海道,仁木町,18.9330793,3180,16796,1.459506031
71,北海道,余市町,128.0318657,18000,14059,2.716255026
72,北海道,赤井川村,4.159377343,1165,28009,1.055140724
73,北海道,南幌町,89.95821042,7319,8136,2.422171166
74,北海道,奈井江町,58.05646899,5120,8819,2.091326824
75,北海道,上砂川町,71.06053027,2841,3998,2.219988512
76,北海道,由仁町,36.05503215,4822,13374,1.760482481
77,北海道,長沼町,61.05506765,10289,16852,2.118897186
78,北海道,栗山町,55.27386848,11272,20393,2.059161401
79,北海道,月形町,24.5412234,3691,15040,1.58587019
80,北海道,浦臼町,17.00874006,1732,10183,1.422745549
81,北海道,新十津川町,13.08656427,6484,49547,1.314761631
82,北海道,妹背牛町,55.36595395,2693,4864,2.061458932
83,北海道,秩父別町,49.36413735,2329,4718,1.962665135
84,北海道,雨竜町,12.49803819,2389,19115,1.287191269
85,北海道,北竜町,10.86326402,1724,15870,1.245835727
86,北海道,沼田町,10.26645491,2909,28335,1.215967835
87,北海道,鷹栖町,47.10228088,6567,13942,1.923607122
88,北海道,東神楽町,147.8394161,10127,6850,2.808156232
89,北海道,当麻町,30.83943387,6319,20490,1.673176335
90,北海道,比布町,40.50632911,3520,8690,1.827110856
91,北海道,愛別町,10.41458442,2605,25013,1.222860425
92,北海道,上川町,3.335016723,3500,104947,1.029867892
93,北海道,東川町,33.61908613,8314,24730,1.719126939
94,北海道,美瑛町,14.28529212,9668,67678,1.340034463
95,北海道,上富良野町,43.64403205,10348,23710,1.879954049
96,北海道,中富良野町,43.561896,4733,10865,1.877656519
97,北海道,南富良野町,3.570033356,2376,66554,1.034462952
98,北海道,占冠村,2.285574281,1306,57141,1.011487651
99,北海道,和寒町,14.17973435,3192,22511,1.337736933
100,北海道,剣淵町,22.33758302,2926,13099,1.526134406
101,北海道,下川町,4.849970522,3126,64454,1.082711086
102,北海道,美深町,6.16732878,4145,67209,1.121769098
103,北海道,音威子府村,2.561404782,706,27563,1.018380241
104,北海道,中川町,2.569189898,1528,59474,1.020677771
105,北海道,幌加内町,1.786086775,1370,76704,1.009190121
106,北海道,増毛町,10.5701612,3908,36972,1.227455485
107,北海道,小平町,4.773444724,2994,62722,1.078116025
108,北海道,苫前町,6.458424989,2936,45460,1.130959219
109,北海道,羽幌町,13.85380303,6548,47265,1.333141872
110,北海道,初山別村,3.863766457,1080,27952,1.045950603
111,北海道,遠別町,4.265402844,2520,59080,1.059735784
112,北海道,天塩町,8.343704039,2950,35356,1.170017231
113,北海道,猿払村,4.425498737,2611,58999,1.064330844
114,北海道,浜頓別町,8.585871162,3448,40159,1.176909822
115,北海道,中頓別町,4.107801561,1637,39851,1.048248133
116,北海道,枝幸町,6.78080043,7565,111565,1.1447444
117,北海道,豊富町,7.632180376,3974,52069,1.15163699
118,北海道,礼文町,30.73248408,2509,8164,1.668581275
119,北海道,利尻町,26.19607843,2004,7650,1.604250431
120,北海道,利尻富士町,23.27210756,2458,10562,1.549109707
121,北海道,幌延町,4.129942519,2371,57410,1.052843194
122,北海道,美幌町,42.64729363,18697,43841,1.856978748
123,北海道,津別町,6.100725446,4373,71680,1.117174038
124,北海道,斜里町,15.48980505,11418,73713,1.376794945
125,北海道,清里町,9.640977257,3883,40276,1.202182654
126,北海道,小清水町,16.11419011,4623,28689,1.392877657
127,北海道,訓子府町,24.49332286,4677,19095,1.581275129
128,北海道,置戸町,5.262958257,2775,52727,1.094198736
129,北海道,佐呂間町,12.03882057,4875,40494,1.275703619
130,北海道,遠軽町,14.44031671,19241,133245,1.349224584
131,北海道,湧別町,16.35065936,8270,50579,1.399770247
132,北海道,滝上町,3.156906466,2421,76689,1.027570362
133,北海道,興部町,10.0068956,3628,36255,1.206777714
134,北海道,西興部村,3.417943391,1053,30808,1.032165422
135,北海道,雄武町,6.593078759,4199,63688,1.137851809
136,北海道,大空町,19.71425246,6775,34366,1.477886272
137,北海道,豊浦町,16.35912146,3821,23357,1.402067777
138,北海道,壮瞥町,13.37983513,2743,20501,1.328546812
139,北海道,白老町,38.08852551,16212,42564,1.790350373
140,北海道,厚真町,10.95375794,4432,40461,1.252728317
141,北海道,洞爺湖町,46.67440703,8442,18087,1.921309592
142,北海道,安平町,30.94956991,7340,23716,1.675473866
143,北海道,むかわ町,10.75545434,7651,71136,1.238943136
144,北海道,日高町,11.36915742,11279,99207,1.257323377
145,北海道,平取町,6.427216084,4776,74309,1.128661689
146,北海道,新冠町,9.064212665,5309,58571,1.190695003
147,北海道,浦河町,17.39017716,12074,69430,1.429638139
148,北海道,様似町,11.09799616,4043,36430,1.255025847
149,北海道,えりも町,15.40140845,4374,28400,1.372199885
150,北海道,新ひだか町,18.75038125,21517,114755,1.452613441
151,北海道,音更町,93.50671645,43576,46602,2.461229179
152,北海道,士幌町,22.56259887,5848,25919,1.533026996
153,北海道,上士幌町,6.882445299,4778,69423,1.14704193
154,北海道,鹿追町,13.07088959,5266,40288,1.312464101
155,北海道,新得町,5.467978906,5817,106383,1.098793797
156,北海道,清水町,22.60783095,9094,40225,1.535324526
157,北海道,芽室町,35.12924323,18048,51376,1.73750718
158,北海道,中札内村,13.27500171,3884,29258,1.321654222
159,北海道,更別村,17.41096665,3080,17690,1.431935669
160,北海道,大樹町,6.644844116,5420,81567,1.140149339
161,北海道,広尾町,10.70781921,6387,59648,1.234348076
162,北海道,幕別町,53.94439327,25766,47764,2.03388857
163,北海道,池田町,16.92891148,6294,37179,1.420448018
164,北海道,豊頃町,5.630601256,3022,53671,1.101091327
165,北海道,本別町,16.88653007,6618,39191,1.418150488
166,北海道,足寄町,4.661089174,6563,140804,1.075818495
167,北海道,陸別町,3.718180325,2264,60890,1.041355543
168,北海道,浦幌町,6.010824142,4387,72985,1.114876508
169,北海道,釧路町,75.80146009,19105,25204,2.275129236
170,北海道,厚岸町,12.03052278,8892,73912,1.273406088
171,北海道,浜中町,13.01522027,5507,42312,1.307869041
172,北海道,標茶町,6.57649381,7230,109937,1.135554279
173,北海道,弟子屈町,8.981958596,6955,77433,1.188397473
174,北海道,鶴居村,4.473592165,2558,57180,1.066628374
175,北海道,白糠町,9.427909925,7289,77313,1.192992533
176,北海道,別海町,10.91734552,14380,131717,1.248133257
177,北海道,中標津町,33.59761707,23010,68487,1.716829408
178,北海道,標津町,8.040788231,5023,62469,1.165422171
179,北海道,羅臼町,11.87267424,4722,39772,1.271108558
180,青森県,青森市,333.723821,275192,82461,3.476737507
181,青森県,弘前市,321.3773369,168466,52420,3.433084434
182,青森県,八戸市,731.1657285,223415,30556,3.977599081
183,青森県,黒石市,147.1826768,31946,21705,2.798966111
184,青森県,五所川原市,127.2018803,51415,40420,2.709362435
185,青森県,十和田市,83.20540205,60378,72565,2.353245261
186,青森県,三沢市,327.9336628,39152,11939,3.446869615
187,青森県,むつ市,62.60472113,54103,86420,2.139574957
188,青森県,つがる市,122.0035496,30934,25355,2.668006893
189,青森県,平川市,88.34137742,30567,34601,2.396898334
190,青森県,平内町,46.64424893,10126,21709,1.916714532
191,青森県,今別町,18.63175541,2334,12527,1.45031591
192,青森県,蓬田村,31.42008906,2540,8084,1.689259047
193,青森県,外ヶ浜町,23.45201911,5401,23030,1.551407237
194,青森県,鰺ヶ沢町,26.36119855,9044,34308,1.613440551
195,青森県,深浦町,15.02526027,7346,48891,1.365307295
196,青森県,西目屋村,5.141858385,1265,24602,1.089603676
197,青森県,藤崎町,390.8018235,14573,3729,3.616886847
198,青森県,大鰐町,53.01964144,8665,16343,2.015508329
199,青森県,田舎館村,327.7852349,7326,2235,3.444572085
200,青森県,板柳町,303.2473734,12700,4188,3.407811603
201,青森県,鶴田町,260.0473832,12074,4643,3.288340034
202,青森県,中泊町,44.63806971,9657,21634,1.88914417
203,青森県,野辺地町,151.4936337,12374,8168,2.824238943
204,青森県,七戸町,43.16341962,14556,33723,1.870763929
205,青森県,六戸町,124.5321254,10447,8389,2.688684664
206,青森県,横浜町,33.46257319,4229,12638,1.709936818
207,青森県,東北町,50.31546708,16428,32650,1.978747846
208,青森県,六ヶ所村,41.04442157,10367,25258,1.831705916
209,青森県,おいらせ町,337.3123958,24273,7196,3.495117748
210,青森県,大間町,90.57400653,4718,5209,2.429063756
211,青森県,東通村,20.16456725,5955,29532,1.482481333
212,青森県,風間浦村,23.5531241,1636,6946,1.553704767
213,青森県,佐井村,13.23954091,1788,13505,1.319356692
214,青森県,三戸町,59.83266355,9082,15179,2.098219414
215,青森県,五戸町,90.29098891,16042,17767,2.424468696
216,青森県,田子町,20.53062237,4968,24198,1.491671453
217,青森県,南部町,109.7766458,16809,15312,2.594485928
218,青森県,階上町,143.5744681,13496,9400,2.78058587
219,青森県,新郷村,14.57186443,2197,15077,1.358414704
220,岩手県,盛岡市,326.8367796,289731,88647,3.442274555
221,岩手県,宮古市,40.0014295,50369,125918,1.813325675
222,岩手県,大船渡市,107.680382,34728,32251,2.576105686
223,岩手県,花巻市,102.591398,93193,90839,2.537047674
224,岩手県,北上市,212.6499829,93045,43755,3.113727743
225,岩手県,久慈市,52.99599038,33043,62350,2.013210798
226,岩手県,遠野市,30.71055849,25366,82597,1.666283745
227,岩手県,一関市,89.08804381,111932,125642,2.403790925
228,岩手県,陸前高田市,78.73587997,18262,23194,2.304997128
229,岩手県,釜石市,72.8465993,32078,44035,2.242963814
230,岩手県,二戸市,60.68455354,25513,42042,2.116599655
231,岩手県,八幡平市,27.85921373,24023,86230,1.634118323
232,岩手県,奥州市,113.6987818,112937,99330,2.62894888
233,岩手県,滝沢市,304.6092294,55579,18246,3.412406663
234,岩手県,雫石町,25.83850728,15731,60882,1.59735784
235,岩手県,葛巻町,12.95291521,5634,43496,1.30327398
236,岩手県,岩手町,34.08145148,12285,36046,1.723721999
237,岩手県,紫波町,134.5175328,32147,23898,2.739230327
238,岩手県,矢巾町,416.7557932,28056,6732,3.639862148
239,岩手県,西和賀町,8.690794597,5134,59074,1.181504882
240,岩手県,金ケ崎町,86.42078327,15535,17976,2.378518093
241,岩手県,平泉町,114.4029027,7252,6339,2.638139001
242,岩手県,住田町,15.06689762,5045,33484,1.367604825
243,岩手県,大槌町,54.90470013,11004,20042,2.052268811
244,岩手県,山田町,54.48803318,14320,26281,2.04307869
245,岩手県,岩泉町,8.793179894,8726,99236,1.183802412
246,岩手県,田野畑村,19.58512069,3059,15619,1.475588742
247,岩手県,普代村,35.70198105,2487,6966,1.751292361
248,岩手県,軽米町,34.25677325,8421,24582,1.726019529
249,岩手県,野田村,48.71287129,3936,8080,1.946582424
250,岩手県,九戸村,40.12833905,5378,13402,1.817920735
251,岩手県,洋野町,49.81843391,15091,30292,1.971855256
252,岩手県,一戸町,38.30950238,11494,30003,1.797242964
253,宮城県,仙台市,1394.676671,1096704,78635,4.333716255
254,宮城県,石巻市,252.7292399,140151,55455,3.258472142
255,宮城県,塩竈市,3005.354059,52203,1737,4.627800115
256,宮城県,気仙沼市,183.933943,61147,33244,2.962090752
257,宮城県,白石市,114.3465512,32758,28648,2.63584147
258,宮城県,名取市,801.772255,78718,9818,4.030442275
259,宮城県,角田市,189.629228,27976,14753,3.001148765
260,宮城県,多賀城市,3190.807517,62827,1969,4.650775416
261,宮城県,岩沼市,728.9991729,44068,6045,3.975301551
262,宮城県,登米市,141.8362588,76037,53609,2.766800689
263,宮城県,栗原市,80.29440994,64637,80500,2.316484779
264,宮城県,東松島市,385.9624877,39098,10130,3.603101666
265,宮城県,大崎市,159.7997013,127330,79681,2.856404365
266,宮城県,富谷市,1050.244002,51651,4918,4.200459506
267,宮城県,蔵王町,74.71046261,11418,15283,2.259046525
268,宮城県,七ヶ宿町,4.796837584,1262,26309,1.080413555
269,宮城県,大河原町,943.2172869,23571,2499,4.126938541
270,宮城県,村田町,136.0806328,10666,7838,2.750717978
271,宮城県,柴田町,708.3287063,38271,5403,3.96611143
272,宮城県,川崎町,30.81951472,8345,27077,1.670878805
273,宮城県,丸森町,44.86644713,12262,27330,1.8914417
274,宮城県,亘理町,449.5516304,33087,7360,3.685812751
275,宮城県,山元町,186.5283369,12046,6458,2.980470994
276,宮城県,松島町,248.7490665,13323,5356,3.244686962
277,宮城県,七ヶ浜町,1374.677786,18132,1319,4.329121195
278,宮城県,利府町,783.7380263,35182,4489,4.012062033
279,宮城県,大和町,127.6597632,28786,22549,2.711659966
280,宮城県,大郷町,95.26886965,7813,8201,2.48190695
281,宮城県,大衡村,96.96618037,5849,6032,2.493394601
282,宮城県,色麻町,61.2920937,6698,10928,2.121194716
283,宮城県,加美町,47.63279571,21943,46067,1.928202183
284,宮城県,涌谷町,187.2930867,15388,8216,2.982768524
285,宮城県,美里町,319.9626617,23994,7499,3.430786904
286,宮城県,女川町,98.39326702,6430,6535,2.514072372
287,宮城県,南三陸町,74.81640147,12225,16340,2.261344055
288,秋田県,秋田市,339.5675831,307672,90607,3.504307869
289,秋田県,能代市,117.0347816,49968,42695,2.651924182
290,秋田県,横手市,123.4916282,85555,69280,2.677197013
291,秋田県,大館市,75.81634217,69237,91322,2.277426766
292,秋田県,男鹿市,104.3344809,25154,24109,2.553130385
293,秋田県,湯沢市,53.21844458,42091,79091,2.020103389
294,秋田県,鹿角市,41.11261872,29088,70752,1.834003446
295,秋田県,由利本荘市,61.76225002,74707,120959,2.128087306
296,秋田県,潟上市,324.6009005,31720,9772,3.435381964
297,秋田県,大仙市,89.59148121,77657,86679,2.415278576
298,秋田県,北秋田市,26.19625941,30198,115276,1.606547961
299,秋田県,にかほ市,97.18823871,23435,24113,2.500287191
300,秋田県,仙北市,22.50448078,24610,109356,1.530729466
301,秋田県,小坂町,23.69856222,4780,20170,1.556002298
302,秋田県,上小阿仁村,8.035992521,2063,25672,1.163124641
303,秋田県,藤里町,10.26477156,2896,28213,1.213670304
304,秋田県,三種町,61.51302524,15254,24798,2.125789776
305,秋田県,八峰町,28.09003161,6577,23414,1.636415853
306,秋田県,五城目町,39.72640983,8538,21492,1.811028145
307,秋田県,八郎潟町,328.4117647,5583,1700,3.449167145
308,秋田県,井川町,95.22419187,4566,4795,2.47960942
309,秋田県,大潟村,17.70031156,3011,17011,1.43882826
310,秋田県,美郷町,110.5810361,18613,16832,2.601378518
311,秋田県,羽後町,59.90553774,13825,23078,2.100516944
312,秋田県,東成瀬村,13.27507487,2704,20369,1.323951752
313,山形県,山形市,649.3312352,247590,38130,3.936243538
314,山形県,米沢市,148.1322127,81252,54851,2.815048823
315,山形県,鶴岡市,93.28712705,122347,131151,2.458931648
316,山形県,酒田市,166.2957312,100273,60298,2.895462378
317,山形県,新庄市,154.5075163,34432,22285,2.831131534
318,山形県,寒河江市,289.0671078,40189,13903,3.377943711
319,山形県,上山市,120.8234757,29110,24093,2.656519242
320,山形県,村山市,114.3060209,22516,19698,2.63354394
321,山形県,長井市,123.6455956,26543,21467,2.679494543
322,山形県,天童市,549.8141922,62140,11302,3.842044802
323,山形県,東根市,230.4146129,47682,20694,3.184951177
324,山形県,尾花沢市,40.18736746,14971,37253,1.820218265
325,山形県,南陽市,189.5090954,30420,16052,2.996553705
326,山形県,山辺町,223.352319,13725,6145,3.159678346
327,山形県,中山町,344.975923,10746,3115,3.51579552
328,山形県,河北町,336.3393708,17641,5245,3.490522688
329,山形県,西川町,12.6045932,4956,39319,1.29178633
330,山形県,朝日町,32.34591738,6366,19681,1.700746697
331,山形県,大江町,49.62357217,7646,15408,1.967260195
332,山形県,大石田町,82.68795575,6577,7954,2.350947731
333,山形県,金山町,31.36636358,5071,16167,1.686961516
334,山形県,最上町,24.45742652,8080,33037,1.578977599
335,山形県,舟形町,42.06502562,5007,11903,1.843193567
336,山形県,真室川町,19.24803591,7203,37422,1.468696152
337,山形県,大蔵村,14.30731431,3028,21164,1.342331993
338,山形県,鮭川村,31.94694613,3902,12214,1.696151637
339,山形県,戸沢村,16.06903678,4199,26131,1.390580126
340,山形県,高畠町,124.6144458,22463,18026,2.690982194
341,山形県,川西町,87.38295318,14558,16660,2.387708214
342,山形県,小国町,9.635826238,7107,73756,1.199885123
343,山形県,白鷹町,81.73229345,12890,15771,2.33716255
344,山形県,飯豊町,20.07528612,6613,32941,1.480183802
345,山形県,三川町,228.807947,7601,3322,3.180356117
346,山形県,庄内町,80.87249669,20151,24917,2.325674899
347,山形県,遊佐町,62.53659005,13032,20839,2.137277427
348,福島県,福島市,368.2240921,282693,76772,3.559448593
349,福島県,会津若松市,306.4887589,117376,38297,3.417001723
350,福島県,郡山市,432.768093,327692,75720,3.66743251
351,福島県,いわき市,270.1243803,332931,123251,3.329695577
352,福島県,白河市,194.8480283,59491,30532,3.037909248
353,福島県,須賀川市,268.3749061,74992,27943,3.320505457
354,福島県,喜多方市,80.70245028,44760,55463,2.323377369
355,福島県,相馬市,176.2728146,34865,19779,2.92992533
356,福島県,二本松市,155.4990999,53557,34442,2.838024124
357,福島県,田村市,76.73292169,35169,45833,2.286616887
358,福島県,南相馬市,148.038035,59005,39858,2.812751292
359,福島県,伊達市,219.6741098,58240,26512,3.143595635
360,福島県,本宮市,343.512838,30236,8802,3.51120046
361,福島県,桑折町,266.674424,11459,4297,3.313612866
362,福島県,国見町,227.6416337,8639,3795,3.175761057
363,福島県,川俣町,95.30148786,12170,12770,2.48420448
364,福島県,大玉村,112.0342397,8900,7944,2.617461229
365,福島県,鏡石町,393.5463259,12318,3130,3.621481907
366,福島県,天栄村,23.03121674,5194,22552,1.539919586
367,福島県,下郷町,16.60358314,5264,31704,1.408960368
368,福島県,檜枝岐村,1.290785228,504,39046,1.00459506
369,福島県,只見町,5.409599229,4044,74756,1.096496267
370,福島県,南会津町,16.3017361,14451,88647,1.397472717
371,福島県,北塩原村,10.91934381,2556,23408,1.250430787
372,福島県,西会津町,19.35072775,5770,29818,1.470993682
373,福島県,磐梯町,55.57972227,3322,5977,2.066053992
374,福島県,猪苗代町,34.32189439,13552,39485,1.728317059
375,福島県,会津坂下町,164.5157768,15068,9159,2.877082137
376,福島県,湯川村,188.2101405,3081,1637,2.987363584
377,福島県,柳津町,17.52360369,3081,17582,1.434233199
378,福島県,三島町,15.98942848,1452,9081,1.388282596
379,福島県,金山町,6.335057158,1862,29392,1.126364159
380,福島県,昭和村,5.94862981,1246,20946,1.112578978
381,福島県,会津美里町,68.80903268,19014,27633,2.210798392
382,福島県,西郷村,108.3411434,20808,19206,2.580700747
383,福島県,泉崎村,175.3598645,6213,3543,2.9276278
384,福島県,中島村,258.192389,4885,1892,3.281447444
385,福島県,矢吹町,286.2086093,17287,6040,3.361860999
386,福島県,棚倉町,83.43025073,13343,15993,2.357840322
387,福島県,矢祭町,45.59059778,5392,11827,1.905226881
388,福島県,塙町,39.26966558,8302,21141,1.806433084
389,福島県,鮫川村,23.21455764,3049,13134,1.546812177
390,福島県,石川町,126.5577737,14644,11571,2.704767375
391,福島県,玉川村,136.9616456,6392,4667,2.757610569
392,福島県,平田村,62.36351959,5826,9342,2.134979897
393,福島県,浅川町,161.2610206,6036,3743,2.860999426
394,福島県,古殿町,29.54865577,4825,16329,1.652498564
395,福島県,三春町,233.8922485,17018,7276,3.201033889
396,福島県,小野町,75.65905097,9471,12518,2.272831706
397,福島県,広野町,92.21332425,5412,5869,2.442848937
398,福島県,楢葉町,35.79698958,3710,10364,1.755887421
399,福島県,富岡町,31.11566018,2128,6839,1.680068926
400,福島県,川内村,10.35723334,2044,19735,1.220562895
401,福島県,大熊町,10.76102147,847,7871,1.241240666
402,福島県,双葉町,0,0,5142,1.00229753
403,福島県,浪江町,8.61790804,1923,22314,1.179207352
404,福島県,葛尾村,4.978072775,420,8437,1.085008616
405,福島県,新地町,169.2719486,7905,4670,2.911545089
406,福島県,飯舘村,5.727197671,1318,23013,1.105686387
407,茨城県,水戸市,1245.559544,270685,21732,4.292360712
408,茨城県,日立市,773.0828866,174508,22573,4.005169443
409,茨城県,土浦市,1156.107088,142074,12289,4.251005169
410,茨城県,古河市,1127.561094,139344,12358,4.232624928
411,茨城県,石岡市,338.9829722,73061,21553,3.502010339
412,茨城県,結城市,770.1490268,50645,6576,4.002871913
413,茨城県,龍ケ崎市,972.3883446,76420,7859,4.136128662
414,茨城県,下妻市,525.7294758,42521,8088,3.802986789
415,茨城県,常総市,492.0252346,60834,12364,3.761631246
416,茨城県,常陸太田市,130.6540498,48602,37199,2.725445146
417,茨城県,高萩市,143.1103074,27699,19355,2.77599081
418,茨城県,北茨城市,223.7860699,41801,18679,3.164273406
419,茨城県,笠間市,304.3801997,73173,24040,3.410109133
420,茨城県,取手市,1494.480984,104524,6994,4.386559449
421,茨城県,牛久市,1436.710794,84651,5892,4.363584147
422,茨城県,つくば市,851.7411532,241656,28372,4.069500287
423,茨城県,ひたちなか市,1561.749451,156581,10026,4.395749569
424,茨城県,鹿嶋市,631.3655224,66950,10604,3.922458357
425,茨城県,潮来市,386.6106443,27604,7140,3.609994256
426,茨城県,守谷市,1916.017922,68421,3571,4.478460655
427,茨城県,常陸大宮市,112.6904864,39267,34845,2.619758759
428,茨城県,那珂市,546.9433654,53502,9782,3.835152211
429,茨城県,筑西市,490.7598636,100753,20530,3.752441126
430,茨城県,坂東市,424.8150858,52265,12303,3.655944859
431,茨城県,稲敷市,189.6846606,39039,20581,3.003446295
432,茨城県,かすみがうら市,255.9833972,40087,15660,3.269959793
433,茨城県,桜川市,217.2720204,39122,18006,3.129810454
434,茨城県,神栖市,649.4794856,95454,14697,3.938541068
435,茨城県,行方市,144.664689,32185,22248,2.789775991
436,茨城県,鉾田市,221.3535645,45953,20760,3.152785755
437,茨城県,つくばみらい市,630.0151592,49872,7916,3.917863297
438,茨城県,小美玉市,337.639906,48870,14474,3.497415279
439,茨城県,茨城町,258.2743872,31401,12158,3.283744974
440,茨城県,大洗町,657.8066136,15715,2389,3.943136129
441,茨城県,城里町,111.8479604,18097,16180,2.615163699
442,茨城県,東海村,996.6070489,37891,3802,4.159103963
443,茨城県,大子町,48.30550098,15736,32576,1.935094773
444,茨城県,美浦村,219.2163339,14602,6661,3.141298105
445,茨城県,阿見町,680.0140056,48553,7140,3.95921884
446,茨城県,河内町,185.8013544,8231,4430,2.973578403
447,茨城県,八千代町,356.4332938,21026,5899,3.545663412
448,茨城県,五霞町,350.1947209,8093,2311,3.52268811
449,茨城県,境町,519.4462331,24201,4659,3.798391729
450,茨城県,利根町,617.0555109,15340,2486,3.901780586
451,栃木県,宇都宮市,1244.469234,518757,41685,4.290063182
452,栃木県,足利市,814.2776778,144746,17776,4.044227455
453,栃木県,栃木市,469.2277526,155549,33150,3.720275704
454,栃木県,佐野市,326.4464667,116228,35604,3.439977025
455,栃木県,鹿沼市,191.6537584,94033,49064,3.012636416
456,栃木県,日光市,53.56559045,77661,144983,2.029293509
457,栃木県,小山市,970.3988355,166666,17175,4.133831132
458,栃木県,真岡市,467.2523007,78190,16734,3.717978173
459,栃木県,大田原市,203.4287166,72087,35436,3.065479609
460,栃木県,矢板市,182.8288161,31165,17046,2.957495692
461,栃木県,那須塩原市,194.3685258,115210,59274,3.035611717
462,栃木県,さくら市,354.3182361,44513,12563,3.534175761
463,栃木県,那須烏山市,142.6727846,24875,17435,2.77369328
464,栃木県,下野市,797.7879072,59507,7459,4.025847214
465,栃木県,上三川町,566.3908807,30806,5439,3.860425043
466,栃木県,益子町,244.9440716,21898,8940,3.22630672
467,栃木県,茂木町,68.8574903,11891,17269,2.213095922
468,栃木県,市貝町,175.2840467,11262,6425,2.92533027
469,栃木県,芳賀町,213.2411631,14961,7016,3.118322803
470,栃木県,壬生町,646.4788732,39474,6106,3.933946008
471,栃木県,野木町,823.0260984,24913,3027,4.048822516
472,栃木県,塩谷町,58.80949676,10354,17606,2.095921884
473,栃木県,高根沢町,412.4312121,29229,7087,3.632969558
474,栃木県,那須町,64.33904496,23956,37234,2.151062608
475,栃木県,那珂川町,78.92416226,15215,19278,2.307294658
476,群馬県,前橋市,1065.980936,332149,31159,4.209649627
477,群馬県,高崎市,812.2941894,372973,45916,4.041929925
478,群馬県,桐生市,387.8484241,106445,27445,3.612291786
479,群馬県,伊勢崎市,1519.291452,211850,13944,4.391154509
480,群馬県,太田市,1270.445483,223014,17554,4.296955773
481,群馬県,沼田市,102.2346999,45337,44346,2.534750144
482,群馬県,館林市,1235.181237,75309,6097,4.287765652
483,群馬県,渋川市,310.4049611,74581,24027,3.423894314
484,群馬県,藤岡市,350.8846858,63261,18029,3.52498564
485,群馬県,富岡市,386.2108262,47446,12285,3.607696726
486,群馬県,安中市,198.7152112,54907,27631,3.047099368
487,群馬県,みどり市,238.2113041,49648,20842,3.207926479
488,群馬県,榛東村,509.1690544,14216,2792,3.789201608
489,群馬県,吉岡町,1065.102639,21792,2046,4.207352096
490,群馬県,上野村,6.20291449,1128,18185,1.124066628
491,群馬県,神流町,14.35427574,1645,11460,1.344629523
492,群馬県,下仁田町,34.90816435,6576,18838,1.730614589
493,群馬県,南牧村,13.55718253,1611,11883,1.330844342
494,群馬県,甘楽町,213.1206279,12491,5861,3.116025273
495,群馬県,中之条町,35.02549627,15386,43928,1.73520965
496,群馬県,長野原町,38.06499813,5095,13385,1.788052843
497,群馬県,嬬恋村,26.21600806,8850,33758,1.608845491
498,群馬県,草津町,121.5879397,6049,4975,2.663411832
499,群馬県,高山村,54.70551574,3511,6418,2.047673751
500,群馬県,東吾妻町,50.12799811,12728,25391,1.974152786
501,群馬県,片品村,10.19246477,3993,39176,1.211372774
502,群馬県,川場村,40.82111437,3480,8525,1.829408386
503,群馬県,昭和村,108.4034924,6953,6414,2.582998277
504,群馬県,みなかみ町,22.01439033,17195,78108,1.521539345
505,群馬県,玉村町,1398.525989,36054,2578,4.342906376
506,群馬県,板倉町,336.4309603,14083,4186,3.492820218
507,群馬県,明和町,554.0733198,10882,1964,3.848937392
508,群馬県,千代田町,499.8159227,10861,2173,3.773118897
509,群馬県,大泉町,2334.387133,42089,1803,4.545089029
510,群馬県,邑楽町,820.3792993,25522,3111,4.046524986
511,埼玉県,さいたま市,6089.431081,1324025,21743,4.818495118
512,埼玉県,川越市,3249.069917,354571,10913,4.655370477
513,埼玉県,熊谷市,1216.46227,194415,15982,4.280873061
514,埼玉県,川口市,9592.800646,594274,6195,4.912693854
515,埼玉県,行田市,1164.868869,78617,6749,4.26019529
516,埼玉県,秩父市,103.2725888,59674,57783,2.541642734
517,埼玉県,所沢市,4749.188739,342464,7211,4.761056864
518,埼玉県,飯能市,416.2703963,80361,19305,3.637564618
519,埼玉県,加須市,837.3818455,111623,13330,4.062607697
520,埼玉県,本庄市,876.0062437,78569,8969,4.078690408
521,埼玉県,東松山市,1404.605968,91791,6535,4.349798966
522,埼玉県,春日部市,3481.69697,229792,6600,4.685238369
523,埼玉県,狭山市,3035.292917,148699,4899,4.634692705
524,埼玉県,羽生市,901.4665757,52862,5864,4.099368179
525,埼玉県,鴻巣市,1732.32503,116828,6744,4.427914991
526,埼玉県,深谷市,1020.943846,141268,13837,4.184376795
527,埼玉県,上尾市,4986.596352,226940,4551,4.774842045
528,埼玉県,草加市,9042.388929,248304,2746,4.903503733
529,埼玉県,越谷市,5670.999336,341621,6024,4.807007467
530,埼玉県,蕨市,14536.79061,74283,511,4.963239518
531,埼玉県,戸田市,7745.959318,140899,1819,4.871338311
532,埼玉県,入間市,3259.140747,145651,4469,4.659965537
533,埼玉県,朝霞市,7692.63904,141083,1834,4.869040781
534,埼玉県,志木市,8325.524862,75346,905,4.885123492
535,埼玉県,和光市,7607.699275,83989,1104,4.864445721
536,埼玉県,新座市,7287.840211,166017,2278,4.85066054
537,埼玉県,桶川市,2948.639053,74748,2535,4.620907524
538,埼玉県,久喜市,1827.229705,150582,8241,4.453187823
539,埼玉県,北本市,3289.656912,65201,1982,4.664560597
540,埼玉県,八潮市,5181.076582,93363,1802,4.784032165
541,埼玉県,富士見市,5658.017198,111859,1977,4.802412407
542,埼玉県,三郷市,4717.723199,142145,3013,4.756461804
543,埼玉県,蓮田市,2254.36217,61499,2728,4.533601379
544,埼玉県,坂戸市,2444.539249,100275,4102,4.55657668
545,埼玉県,幸手市,1475.567345,50066,3393,4.375071798
546,埼玉県,鶴ヶ島市,3972.634561,70117,1765,4.731188972
547,埼玉県,日高市,1149.347094,54571,4748,4.248707639
548,埼玉県,吉川市,2273.499684,71979,3166,4.535898909
549,埼玉県,ふじみ野市,7759.357923,113597,1464,4.873635841
550,埼玉県,白岡市,2095.264848,52214,2492,4.506031017
551,埼玉県,伊奈町,3031.845842,44841,1479,4.632395175
552,埼玉県,三芳町,2507.110241,38434,1533,4.563469271
553,埼玉県,毛呂山町,1038.039331,35366,3407,4.188971855
554,埼玉県,越生町,273.0626393,11029,4039,3.331993107
555,埼玉県,滑川町,664.8247978,19732,2968,3.945433659
556,埼玉県,嵐山町,597.894385,17889,2992,3.887995405
557,埼玉県,小川町,472.5646123,28524,6036,3.724870764
558,埼玉県,川島町,465.4816238,19378,4163,3.711085583
559,埼玉県,吉見町,470.8074534,18192,3864,3.722573234
560,埼玉県,鳩山町,527.0112709,13560,2573,3.80758185
561,埼玉県,ときがわ町,188.5509839,10540,5590,2.989661114
562,埼玉県,横瀬町,161.6491086,7979,4936,2.863296956
563,埼玉県,皆野町,145.9366175,9302,6374,2.794371051
564,埼玉県,長瀞町,223.6937233,6807,3043,3.161975876
565,埼玉県,小鹿野町,63.80941259,10928,17126,2.144170017
566,埼玉県,東秩父村,73.09767944,2709,3706,2.245261344
567,埼玉県,美里町,330.4100569,11039,3341,3.465249856
568,埼玉県,神川町,281.835443,13359,4740,3.348075818
569,埼玉県,上里町,1039.856066,30343,2918,4.191269385
570,埼玉県,寄居町,503.8754864,32374,6425,3.780011488
571,埼玉県,宮代町,2140.877743,34147,1595,4.510626077
572,埼玉県,杉戸町,1460.03996,43845,3003,4.370476738
573,埼玉県,松伏町,1744.814815,28266,1620,4.437105112
574,千葉県,千葉市,3587.544157,974951,27176,4.694428489
575,千葉県,銚子市,693.9548694,58431,8420,3.96151637
576,千葉県,市川市,8645.361184,496676,5745,4.892016083
577,千葉県,船橋市,7508.841392,642907,8562,4.85755313
578,千葉県,館山市,410.2953203,45153,11005,3.628374497
579,千葉県,木更津市,980.3167747,136166,13890,4.143021252
580,千葉県,松戸市,8117.171717,498232,6138,4.882825962
581,千葉県,野田市,1474.051183,152638,10355,4.372774268
582,千葉県,茂原市,868.5148118,86782,9992,4.076392878
583,千葉県,成田市,621.5207632,132906,21384,3.908673176
584,千葉県,佐倉市,1627.379689,168743,10369,4.40953475
585,千葉県,東金市,653.2652603,58219,8912,3.940838599
586,千葉県,旭市,488.5423053,63745,13048,3.743251005
587,千葉県,習志野市,8402.336671,176197,2097,4.887421022
588,千葉県,柏市,3716.820638,426468,11474,4.70361861
589,千葉県,勝浦市,180.1511281,16927,9396,2.943710511
590,千葉県,市原市,732.0838766,269524,36816,3.979896611
591,千葉県,流山市,5658.238958,199849,3532,4.804709937
592,千葉県,八千代市,3882.039307,199498,5139,4.726593912
593,千葉県,我孫子市,3024.565469,130510,4315,4.630097645
594,千葉県,鴨川市,168.0234383,32116,19114,2.904652499
595,千葉県,鎌ケ谷市,5214.990512,109932,2108,4.790924756
596,千葉県,君津市,257.8769057,82206,31878,3.276852384
597,千葉県,富津市,206.7429406,42465,20540,3.093049971
598,千葉県,浦安市,9905.317919,171362,1730,4.919586445
599,千葉県,四街道市,2710.776362,93576,3452,4.593337163
600,千葉県,袖ケ浦市,673.0193847,63883,9492,3.952326249
601,千葉県,八街市,900.1200961,67455,7494,4.097070649
602,千葉県,印西市,828.8957105,102609,12379,4.053417576
603,千葉県,白井市,1759.892897,62441,3548,4.441700172
604,千葉県,富里市,923.0697847,49735,5388,4.122343481
605,千葉県,南房総市,156.0923546,35831,22955,2.840321654
606,千葉県,匝瑳市,345.2897123,35040,10148,3.51809305
607,千葉県,香取市,275.7995045,72356,26235,3.334290638
608,千葉県,山武市,330.0674525,48444,14677,3.460654796
609,千葉県,いすみ市,225.6761905,35544,15750,3.171165997
610,千葉県,大網白里市,828.6673554,48129,5808,4.051120046
611,千葉県,酒々井町,1091.267754,20745,1901,4.218839747
612,千葉県,栄町,619.1018148,20127,3251,3.904078116
613,千葉県,神崎町,292.2613065,5816,1990,3.389431361
614,千葉県,多古町,188.6675824,13735,7280,2.991958644
615,千葉県,東庄町,286.0108108,13228,4625,3.359563469
616,千葉県,九十九里町,598.9770867,14639,2444,3.890292935
617,千葉県,芝山町,162.6503238,7033,4324,2.865594486
618,千葉県,横芝光町,329.4284435,22075,6701,3.458357266
619,千葉県,一宮町,517.9364388,11897,2297,3.793796669
620,千葉県,睦沢町,189.9409947,6760,3559,3.005743825
621,千葉県,長生村,488.6017699,13803,2825,3.745548535
622,千葉県,白子町,374.7272727,10305,2750,3.575531304
623,千葉県,長柄町,142.6661006,6721,4711,2.77139575
624,千葉県,長南町,109.8763548,7198,6551,2.596783458
625,千葉県,大多喜町,68.41456841,8885,12987,2.203905801
626,千葉県,御宿町,276.6197183,6874,2485,3.336588168
627,千葉県,鋸南町,154.8151428,6993,4517,2.835726594
628,東京都,千代田区,5718.696398,66680,1166,4.809304997
629,東京都,中央区,16569.93144,169179,1021,4.972429638
630,東京都,港区,12794.00786,260486,2036,4.947156806
631,東京都,新宿区,19175.9056,349385,1822,4.983917289
632,東京都,文京区,21263.86182,240069,1129,4.99310741
633,東京都,台東区,20914.34224,211444,1011,4.990809879
634,東京都,墨田区,19759.25926,272085,1377,4.988512349
635,東京都,江東区,12196.09211,524310,4299,4.942561746
636,東京都,品川区,18489.62801,422488,2285,4.981619759
637,東京都,目黒区,19637.90048,288088,1467,4.986214819
638,東京都,大田区,12093.12965,748081,6186,4.940264216
639,東京都,世田谷区,16256.05512,943664,5805,4.970132108
640,東京都,渋谷区,16140.50298,243883,1511,4.967834578
641,東京都,中野区,22121.873,344880,1559,4.99770247
642,東京都,杉並区,17354.90311,591108,3406,4.977024698
643,東京都,豊島区,23182.0907,301599,1301,5
644,東京都,北区,17234.98302,355213,2061,4.974727168
645,東京都,荒川区,21405.01969,217475,1016,4.99540494
646,東京都,板橋区,18140.37865,584483,3222,4.979322229
647,東京都,練馬区,15653.24459,752608,4808,4.965537048
648,東京都,足立区,13052.4507,695043,5325,4.951751867
649,東京都,葛飾区,13019.91379,453093,3480,4.949454337
650,東京都,江戸川区,13986.61323,697932,4990,4.960941987
651,東京都,八王子市,3108.461208,579355,18638,4.646180356
652,東京都,立川市,7536.165846,183581,2436,4.862148191
653,東京都,武蔵野市,13674.77231,150149,1098,4.958644457
654,東京都,三鷹市,11899.57369,195391,1642,4.937966686
655,東京都,青梅市,1292.566063,133535,10331,4.303848363
656,東京都,府中市,8929.323819,262790,2943,4.898908673
657,東京都,昭島市,6571.453287,113949,1734,4.834577829
658,東京都,調布市,11242.53939,242614,2158,4.931074095
659,東京都,町田市,6024.863732,431079,7155,4.816197588
660,東京都,小金井市,11156.99115,126074,1130,4.928776565
661,東京都,小平市,9689.858606,198739,2051,4.914991384
662,東京都,日野市,6912.341198,190435,2755,4.839172889
663,東京都,東村山市,8857.351225,151815,1714,4.896611143
664,東京都,国分寺市,11277.66143,129242,1146,4.935669156
665,東京都,国立市,9463.803681,77130,815,4.910396324
666,東京都,福生市,5552.559055,56414,1016,4.800114877
667,東京都,狛江市,13266.35368,84772,639,4.956346927
668,東京都,東大和市,6251.937407,83901,1342,4.825387708
669,東京都,清瀬市,7449.462366,76208,1023,4.8552556
670,東京都,東久留米市,8949.611801,115271,1288,4.901206203
671,東京都,武蔵村山市,4623.302872,70829,1532,4.749569213
672,東京都,多摩市,6994.33603,146951,2101,4.841470419
673,東京都,稲城市,5183.695047,93151,1797,4.786329696
674,東京都,羽村市,5487.474747,54326,990,4.795519816
675,東京都,あきる野市,1079.243229,79292,7347,4.211947157
676,東京都,西東京市,13167.49206,207388,1575,4.954049397
677,東京都,瑞穂町,1885.163205,31765,1685,4.471568064
678,東京都,日の出町,604.1325258,16958,2807,3.897185526
679,東京都,檜原村,19.00199222,2003,10541,1.461803561
680,東京都,奥多摩町,21.06149958,4750,22553,1.498564044
681,東京都,大島町,78.25033054,7102,9076,2.298104538
682,東京都,利島村,80.94059406,327,404,2.33026996
683,東京都,新島村,88.63471314,2441,2754,2.399195864
684,東京都,神津島村,99.83853606,1855,1858,2.520964963
685,東京都,三宅村,41.13282664,2273,5526,1.836300976
686,東京都,御蔵島村,15.84109858,323,2039,1.381390006
687,東京都,八丈町,97.48062016,7042,7224,2.504882252
688,東京都,青ヶ島村,28.40336134,169,595,1.641010913
689,東京都,小笠原村,25.91118188,2929,11304,1.59965537
690,神奈川県,横浜市,8624.211776,3777491,43801,4.889718553
691,神奈川県,川崎市,10760.08674,1538262,14296,4.924181505
692,神奈川県,相模原市,2205.749293,725493,32891,4.529006318
693,神奈川県,横須賀市,3849.598254,388078,10081,4.721998851
694,神奈川県,平塚市,3810.409909,258422,6782,4.719701321
695,神奈川県,鎌倉市,4354.765507,172710,3966,4.742676623
696,神奈川県,藤沢市,6280.980449,436905,6956,4.827685238
697,神奈川県,小田原市,1662.464789,188856,11360,4.416427341
698,神奈川県,茅ヶ崎市,6789.607843,242389,3570,4.836875359
699,神奈川県,逗子市,3302.083333,57060,1728,4.666858128
700,神奈川県,三浦市,1312.605304,42069,3205,4.315336014
701,神奈川県,秦野市,1565.526214,162439,10376,4.398047099
702,神奈川県,厚木市,2383.898124,223705,9384,4.54968409
703,神奈川県,大和市,8828.682171,239169,2709,4.894313613
704,神奈川県,伊勢原市,1831.893449,101780,5556,4.455485353
705,神奈川県,海老名市,5134.110568,136516,2659,4.781734635
706,神奈川県,座間市,7531.303358,132325,1757,4.859850661
707,神奈川県,南足柄市,529.5772822,40841,7712,3.81217691
708,神奈川県,綾瀬市,3790.108401,83913,2214,4.712808731
709,神奈川県,葉山町,1858.274648,31665,1704,4.466973004
710,神奈川県,寒川町,3624.287856,48348,1334,4.69902355
711,神奈川県,大磯町,1841.327125,31634,1718,4.464675474
712,神奈川県,二宮町,3035.682819,27564,908,4.636990235
713,神奈川県,中井町,465.2326163,9300,1999,3.708788053
714,神奈川県,大井町,1191.168289,17129,1438,4.276278001
715,神奈川県,松田町,287.0463576,10836,3775,3.36875359
716,神奈川県,山北町,43.45754864,9761,22461,1.873061459
717,神奈川県,開成町,2798.320611,18329,655,4.607122343
718,神奈川県,箱根町,121.6131811,11293,9286,2.665709362
719,神奈川県,真鶴町,953.4751773,6722,705,4.131533601
720,神奈川県,湯河原町,571.7842324,23426,4097,3.869615164
721,神奈川県,愛川町,1163.039673,39869,3428,4.25789776
722,神奈川県,清川村,42.6445817,3038,7124,1.854681218
723,新潟県,新潟市,1086.871205,789275,72619,4.216542217
724,新潟県,長岡市,299.5746591,266936,89105,3.394026422
725,新潟県,三条市,219.0939186,94642,43197,3.139000574
726,新潟県,柏崎市,184.4396181,81526,44202,2.964388283
727,新潟県,新発田市,178.0626888,94927,53311,2.936817921
728,新潟県,小千谷市,219.7048779,34096,15519,3.145893165
729,新潟県,加茂市,190.2557583,25441,13372,3.008041356
730,新潟県,十日町市,84.38489812,49820,59039,2.367030442
731,新潟県,見附市,503.619561,39237,7791,3.777713957
732,新潟県,村上市,48.90092576,57418,117417,1.948879954
733,新潟県,燕市,695.8806562,77201,11094,3.9638139
734,新潟県,糸魚川市,54.62719768,40765,74624,2.045376221
735,新潟県,妙高市,68.17988017,30383,44563,2.199310741
736,新潟県,五泉市,135.3328976,47625,35191,2.743825388
737,新潟県,上越市,193.0885418,188047,97389,3.026421597
738,新潟県,阿賀野市,211.1445471,40696,19274,3.106835152
739,新潟県,佐渡市,60.17670157,51492,85568,2.102814474
740,新潟県,魚沼市,36.42211331,34483,94676,1.765077542
741,新潟県,南魚沼市,93.8345736,54851,58455,2.463526709
742,新潟県,胎内市,107.6258069,28509,26489,2.573808156
743,新潟県,聖籠町,379.4305482,14259,3758,3.587018955
744,新潟県,弥彦村,306.1183949,7705,2517,3.414704193
745,新潟県,田上町,354.0523494,11227,3171,3.531878231
746,新潟県,阿賀町,10.45766038,9965,95289,1.225157955
747,新潟県,出雲崎町,92.61427606,4113,4441,2.449741528
748,新潟県,湯沢町,21.73864368,7767,35729,1.516944285
749,新潟県,津南町,52.81123318,8989,17021,2.008615738
750,新潟県,刈羽村,166.7301104,4380,2627,2.897759908
751,新潟県,関川村,17.16898635,5144,29961,1.425043079
752,新潟県,粟島浦村,36.09406953,353,978,1.762780011
753,富山県,富山市,333.3639365,413938,124170,3.474439977
754,富山県,高岡市,793.93549,166393,20958,4.021252154
755,富山県,魚津市,202.0587209,40535,20061,3.056289489
756,富山県,氷見市,190.6393684,43950,23054,3.010338886
757,富山県,滑川市,592.255584,32349,5462,3.885697875
758,富山県,黒部市,92.97928737,39638,42631,2.452039058
759,富山県,砺波市,379.0758089,48154,12703,3.584721424
760,富山県,小矢部市,216.1781159,28983,13407,3.127512924
761,富山県,南砺市,71.69328787,47937,66864,2.231476163
762,富山県,射水市,829.1483918,90742,10944,4.055715106
763,富山県,舟橋村,902.5936599,3132,347,4.101665709
764,富山県,上市町,81.74982046,19351,23671,2.33946008
765,富山県,立山町,80.67948843,24792,30729,2.321079839
766,富山県,入善町,334.5824561,23839,7125,3.483630098
767,富山県,朝日町,48.96597437,11081,22630,1.951177484
768,石川県,金沢市,988.148717,463254,46881,4.149913843
769,石川県,七尾市,158.0468799,50300,31826,2.851809305
770,石川県,小松市,286.2579167,106216,37105,3.36415853
771,石川県,輪島市,57.71783746,24608,42635,2.084434233
772,石川県,珠洲市,52.30177994,12929,24720,2.001723148
773,石川県,加賀市,206.6891163,63220,30587,3.090752441
774,石川県,羽咋市,249.3219304,20407,8185,3.253877082
775,石川県,かほく市,541.4183737,34889,6444,3.828259621
776,石川県,白山市,146.2512584,110408,75492,2.796668581
777,石川県,能美市,576.6936059,48523,8414,3.874210224
778,石川県,野々市市,4221.091445,57238,1356,4.740379092
779,石川県,川北町,419.057377,6135,1464,3.642159678
780,石川県,津幡町,334.1803056,36957,11059,3.479035037
781,石川県,内灘町,1307.132317,26574,2033,4.310740953
782,石川県,志賀町,75.49846004,18630,24676,2.270534176
783,石川県,宝達志水町,108.6987714,12121,11151,2.587593337
784,石川県,中能登町,184.9077697,16540,8945,2.966685813
785,石川県,穴水町,43.06533486,7890,18321,1.866168868
786,石川県,能登町,57.40476452,15687,27327,2.079839173
787,福井県,福井市,489.080299,262328,53637,3.750143596
788,福井県,敦賀市,255.5533463,64264,25147,3.267662263
789,福井県,小浜市,124.3661791,28991,23311,2.684089604
790,福井県,大野市,35.86075674,31286,87243,1.758184951
791,福井県,勝山市,87.24594297,22150,25388,2.383113153
792,福井県,鯖江市,807.4476889,68302,8459,4.035037335
793,福井県,あわら市,235.2880834,27524,11698,3.205628949
794,福井県,越前市,349.4191591,80611,23070,3.52039058
795,福井県,坂井市,422.00124,88481,20967,3.649052269
796,福井県,永平寺町,200.8365985,18965,9443,3.049396898
797,福井県,池田町,12.44798356,2423,19465,1.282596209
798,福井県,南越前町,29.10180686,10002,34369,1.650201034
799,福井県,越前町,131.3614104,20118,15315,2.727742677
800,福井県,美浜町,60.24942566,9179,15235,2.105112005
801,福井県,高浜町,142.6243094,10326,7240,2.769098219
802,福井県,おおい町,37.27791131,7910,21219,1.769672602
803,福井県,若狭町,78.45257437,14003,17849,2.300402068
804,山梨県,甲府市,892.3189156,189591,21247,4.090178059
805,山梨県,富士吉田市,382.2079842,46530,12174,3.589316485
806,山梨県,都留市,191.895069,31016,16163,3.017231476
807,山梨県,山梨市,115.3726708,33435,28980,2.640436531
808,山梨県,大月市,80.32827832,22512,28025,2.318782309
809,山梨県,韮崎市,202.2896513,29067,14369,3.058587019
810,山梨県,南アルプス市,262.9628227,69459,26414,3.302125215
811,山梨県,北杜市,73.11943965,44053,60248,2.247558874
812,山梨県,甲斐市,1046.740792,75313,7195,4.195864446
813,山梨県,笛吹市,331.5520998,66947,20192,3.469844917
814,山梨県,上野原市,132.9014481,22669,17057,2.732337737
815,山梨県,甲州市,110.7000871,29237,26411,2.603676048
816,山梨県,中央市,985.0426002,31216,3169,4.147616312
817,山梨県,市川三郷町,195.5307263,14700,7518,3.040206778
818,山梨県,早川町,2.96788842,1098,36996,1.022975302
819,山梨県,身延町,35.31028545,10663,30198,1.74210224
820,山梨県,南部町,35.62503111,7156,20087,1.7466973
821,山梨県,富士川町,126.9553571,14219,11200,2.707064905
822,山梨県,昭和町,2302.753304,20909,908,4.540493969
823,山梨県,道志村,20.16817269,1607,7968,1.484778863
824,山梨県,西桂町,265.5059133,4041,1522,3.309017806
825,山梨県,忍野村,368.742515,9237,2505,3.564043653
826,山梨県,山中湖村,97.62488219,5179,5305,2.507179782
827,山梨県,鳴沢村,31.52489395,2824,8958,1.693854107
828,山梨県,富士河口湖町,164.6590909,26082,15840,2.881677197
829,山梨県,小菅村,12.95945434,684,5278,1.305571511
830,山梨県,丹波山村,5.231984205,530,10130,1.091901206
831,長野県,長野市,446.5207652,372760,83481,3.683515221
832,長野県,松本市,246.451092,241145,97847,3.235496841
833,長野県,上田市,279.0649228,154055,55204,3.343480758
834,長野県,岡谷市,561.5746181,47790,8510,3.855829983
835,長野県,飯田市,149.0359214,98164,65866,2.819643883
836,長野県,諏訪市,446.3588898,48729,10917,3.681217691
837,長野県,須坂市,331.1218013,49559,14967,3.467547387
838,長野県,小諸市,415.9411466,40991,9855,3.635267088
839,長野県,伊那市,98.9998952,66125,66793,2.518667433
840,長野県,駒ヶ根市,194.1516942,32202,16586,3.033314187
841,長野県,中野市,377.4113033,42338,11218,3.577828834
842,長野県,大町市,46.05679908,26029,56515,1.907524411
843,長野県,飯山市,96.52225461,19539,20243,2.48879954
844,長野県,茅野市,211.5608237,56400,26659,3.109132682
845,長野県,塩尻市,231.8815091,67241,28998,3.191843768
846,長野県,佐久市,231.8693773,98199,42351,3.189546238
847,長野県,千曲市,491.2930963,58852,11979,3.757036186
848,長野県,東御市,268.0608703,30122,11237,3.318207926
849,長野県,安曇野市,283.9893906,94222,33178,3.354968409
850,長野県,小海町,38.117338,4353,11420,1.792647904
851,長野県,川上村,20.72420209,4344,20961,1.493968983
852,長野県,南牧村,24.35945601,3242,13309,1.576680069
853,長野県,南相木村,14.56472369,962,6605,1.356117174
854,長野県,北相木村,13.35227273,752,5632,1.326249282
855,長野県,佐久穂町,54.30773319,10218,18815,2.0361861
856,長野県,軽井沢町,122.9763507,19188,15603,2.672601953
857,長野県,御代田町,264.5858139,15555,5879,3.304422746
858,長野県,立科町,98.87842082,6612,6687,2.516369902
859,長野県,青木村,72.17162872,4121,5710,2.238368754
860,長野県,長和町,30.45795714,5600,18386,1.661688685
861,長野県,下諏訪町,286.4513235,19155,6687,3.36645606
862,長野県,富士見町,97.29206963,14084,14476,2.502584721
863,長野県,原村,177.5312067,7680,4326,2.934520391
864,長野県,辰野町,109.6631206,18555,16920,2.592188397
865,長野県,箕輪町,290.8741706,24989,8591,3.382538771
866,長野県,飯島町,103.5418583,9004,8696,2.543940264
867,長野県,南箕輪村,385.3866797,15797,4099,3.600804136
868,長野県,中川村,60.36340039,4651,7705,2.107409535
869,長野県,宮田村,157.2293578,8569,5450,2.844916715
870,長野県,松川町,172.1390301,12530,7279,2.916140149
871,長野県,高森町,282.4294533,12811,4536,3.350373349
872,長野県,阿南町,34.93133989,4299,12307,1.732912119
873,長野県,阿智村,28.29827916,6068,21443,1.638713383
874,長野県,平谷村,5.001938736,387,7737,1.087306146
875,長野県,根羽村,9.469823274,852,8997,1.195290063
876,長野県,下條村,92.99580273,3545,3812,2.454336588
877,長野県,売木村,12.61800599,548,4343,1.29408386
878,長野県,天龍村,10.76388889,1178,10944,1.243538196
879,長野県,泰阜村,23.87366465,1542,6459,1.560597358
880,長野県,喬木村,89.67122054,5973,6661,2.417576106
881,長野県,豊丘村,83.68277119,6426,7679,2.362435382
882,長野県,大鹿村,4.120347994,1023,24828,1.050545663
883,長野県,上松町,24.5279658,4131,16842,1.583572659
884,長野県,南木曽町,18.13087575,3915,21593,1.44572085
885,長野県,木祖村,19.16014235,2692,14050,1.466398621
886,長野県,王滝村,2.300366772,715,31082,1.013785181
887,長野県,大桑村,14.66712159,3439,23447,1.363009765
888,長野県,木曽町,22.23389282,10584,47603,1.523836875
889,長野県,麻績村,75.42175684,2593,3438,2.265939115
890,長野県,生坂村,41.97183099,1639,3905,1.840896037
891,長野県,山形村,336.2690152,8400,2498,3.488225158
892,長野県,朝日村,60.59190031,4279,7062,2.114302125
893,長野県,筑北村,41.71106866,4149,9947,1.838598507
894,長野県,池田町,233.6155378,9382,4016,3.198736358
895,長野県,松川村,203.9303165,9599,4707,3.0723722
896,長野県,白馬村,45.28411491,8575,18936,1.898334291
897,長野県,小谷村,9.880183644,2647,26791,1.204480184
898,長野県,坂城町,261.0738255,14004,5364,3.295232625
899,長野県,小布施町,557.5313808,10660,1912,3.853532453
900,長野県,高山村,67.13676948,6617,9856,2.1809305
901,長野県,山ノ内町,42.69274163,11352,26590,1.859276278
902,長野県,木島平村,44.04953685,4375,9932,1.88225158
903,長野県,野沢温泉村,56.57349896,3279,5796,2.072946582
904,長野県,信濃町,51.83523108,7739,14930,1.999425617
905,長野県,小川村,38.11736362,2215,5811,1.794945434
906,長野県,飯綱町,137.28,10296,7500,2.759908099
907,長野県,栄村,6.110579401,1660,27166,1.119471568
908,岐阜県,岐阜市,1977.195481,402557,20360,4.494543366
909,岐阜県,大垣市,766.2584112,158286,20657,4.000574383
910,岐阜県,高山市,38.76681316,84419,217761,1.799540494
911,岐阜県,多治見市,1169.665753,106732,9125,4.267087881
912,岐阜県,関市,180.5580844,85283,47233,2.946008041
913,岐阜県,中津川市,113.1938798,76570,67645,2.62435382
914,岐阜県,美濃市,164.4902145,19247,11701,2.874784607
915,岐阜県,瑞浪市,212.4556788,37150,17486,3.111430213
916,岐阜県,羽島市,1223.42527,65649,5366,4.283170592
917,岐阜県,恵那市,94.74456608,47774,50424,2.47501436
918,岐阜県,美濃加茂市,757.773025,56689,7481,3.995979322
919,岐阜県,土岐市,477.0556801,55348,11602,3.729465824
920,岐阜県,各務原市,1645.837604,144521,8781,4.41183228
921,岐阜県,可児市,1141.578166,99968,8757,4.237219989
922,岐阜県,山県市,113.8841337,25280,22198,2.63124641
923,岐阜県,瑞穂市,2000.283789,56388,2819,4.496840896
924,岐阜県,飛騨市,28.4380402,22538,79253,1.643308443
925,岐阜県,本巣市,87.8900307,32928,37465,2.390005744
926,岐阜県,郡上市,37.8336163,38997,103075,1.783457783
927,岐阜県,下呂市,35.74676049,30428,85121,1.753589891
928,岐阜県,海津市,292.1985183,32735,11203,3.387133831
929,岐阜県,岐南町,3271.93426,25881,791,4.662263067
930,岐阜県,笠松町,2156.116505,22208,1030,4.515221137
931,岐阜県,養老町,371.8633283,26882,7229,3.570936244
932,岐阜県,垂井町,462.4627781,26402,5709,3.706490523
933,岐阜県,関ケ原町,134.1314935,6610,4928,2.734635267
934,岐阜県,神戸町,989.6166134,18585,1878,4.152211373
935,岐阜県,輪之内町,432.3331841,9654,2233,3.66283745
936,岐阜県,安八町,790.4735683,14355,1816,4.014359563
937,岐阜県,揖斐川町,24.30673106,19529,80344,1.574382539
938,岐阜県,大野町,644.4736842,22041,3420,3.929350948
939,岐阜県,池田町,602.0618557,23360,3880,3.894887995
940,岐阜県,北方町,3501.737452,18139,518,4.687535899
941,岐阜県,坂祝町,627.1173271,8071,1287,3.915565767
942,岐阜県,富加町,334.4827586,5626,1682,3.481332567
943,岐阜県,川辺町,239.552964,9860,4116,3.21481907
944,岐阜県,七宗町,37.60362551,3402,9047,1.778862723
945,岐阜県,八百津町,79.15987266,10195,12879,2.311889719
946,岐阜県,白川町,31.15594788,7412,23790,1.684663986
947,岐阜県,東白川村,23.1484671,2016,8709,1.542217117
948,岐阜県,御嵩町,308.9786558,17516,5669,3.419299253
949,岐阜県,白川村,4.236765366,1511,35664,1.057438254
950,静岡県,静岡市,491.0930429,693389,141193,3.754738656
951,静岡県,浜松市,507.4853508,790718,155811,3.784606548
952,静岡県,沼津市,1013.735146,189386,18682,4.170591614
953,静岡県,熱海市,553.7963413,34208,6177,3.846639862
954,静岡県,三島市,1737.874879,107783,6202,4.432510052
955,静岡県,富士宮市,329.2510538,128105,38908,3.456059736
956,静岡県,伊東市,528.0680535,65491,12402,3.80987938
957,静岡県,島田市,303.1960722,95719,31570,3.405514072
958,静岡県,富士市,1001.80445,245392,24495,4.163699024
959,静岡県,磐田市,1019.71245,166672,16345,4.182079265
960,静岡県,焼津市,1946.58606,136845,7030,4.487650775
961,静岡県,掛川市,432.662125,114954,26569,3.66513498
962,静岡県,藤枝市,728.34175,141342,19406,3.973004021
963,静岡県,御殿場市,444.4022576,86614,19490,3.678920161
964,静岡県,袋井市,811.0772639,87864,10833,4.039632395
965,静岡県,下田市,193.3607971,20183,10438,3.028719127
966,静岡県,裾野市,368.5997683,50911,13812,3.561746123
967,静岡県,湖西市,668.7268946,57885,8656,3.950028719
968,静岡県,伊豆市,77.45143831,28190,36397,2.293509477
969,静岡県,御前崎市,474.348025,31103,6557,3.727168294
970,静岡県,菊川市,507.3680858,47789,9419,3.782309018
971,静岡県,伊豆の国市,494.6522934,46804,9462,3.768523837
972,静岡県,牧之原市,389.4887635,43502,11169,3.614589316
973,静岡県,東伊豆町,147.6227191,11488,7782,2.801263642
974,静岡県,河津町,68.22921839,6870,10069,2.201608271
975,静岡県,南伊豆町,71.64817173,7877,10994,2.229178633
976,静岡県,松崎町,70.9434849,6038,8511,2.217690982
977,静岡県,西伊豆町,67.26117067,7090,10541,2.18322803
978,静岡県,函南町,564.6715777,36794,6516,3.858127513
979,静岡県,清水町,3599.318956,31710,881,4.69672602
980,静岡県,長泉町,1627.337589,43336,2663,4.40723722
981,静岡県,小山町,136.7909238,18568,13574,2.755313038
982,静岡県,吉田町,1395.031356,28919,2073,4.336013785
983,静岡県,川根本町,12.48993721,6206,49688,1.284893739
984,静岡県,森町,130.3636771,17457,13391,2.723147616
985,愛知県,名古屋市,7142.958652,2332176,32650,4.84606548
986,愛知県,豊橋市,1419.541985,371920,26200,4.358989087
987,愛知県,岡崎市,993.4245868,384654,38720,4.156806433
988,愛知県,一宮市,3339.246178,380073,11382,4.671453188
989,愛知県,瀬戸市,1147.145422,127792,11140,4.244112579
990,愛知県,半田市,2485.955293,117884,4742,4.56117174
991,愛知県,春日井市,3327.02091,308681,9278,4.669155658
992,愛知県,豊川市,1145.966241,184661,16114,4.241815049
993,愛知県,津島市,2428.935831,60942,2509,4.55198162
994,愛知県,碧南市,1975.408942,72458,3668,4.492245836
995,愛知県,刈谷市,3052.867632,153834,5039,4.641585296
996,愛知県,豊田市,459.8941545,422330,91832,3.701895462
997,愛知県,安城市,2184.660081,187990,8605,4.522113728
998,愛知県,西尾市,1048.542364,169046,16122,4.198161976
999,愛知県,蒲郡市,1396.383427,79538,5696,4.338311315
1000,愛知県,犬山市,975.8344459,73090,7490,4.138426192
1001,愛知県,常滑市,1050.268336,58710,5590,4.202757036
1002,愛知県,江南市,3253.476821,98255,3020,4.657668007
1003,愛知県,小牧市,2369.543066,148831,6281,4.547386559
1004,愛知県,稲沢市,1698.185255,134751,7935,4.421022401
1005,愛知県,新城市,88.84682411,44355,49923,2.401493395
1006,愛知県,東海市,2620.00921,113787,4343,4.579551982
1007,愛知県,大府市,2766.57754,93123,3366,4.602527283
1008,愛知県,知多市,1837.995643,84364,4590,4.457782883
1009,愛知県,知立市,4426.302882,72193,1631,4.744974153
1010,愛知県,尾張旭市,3953.590109,83144,2103,4.728891442
1011,愛知県,高浜市,3516.857361,46106,1311,4.689833429
1012,愛知県,岩倉市,4582.903534,47983,1047,4.747271683
1013,愛知県,豊明市,2984.280792,69295,2322,4.625502585
1014,愛知県,日進市,2621.598396,91520,3491,4.581849512
1015,愛知県,田原市,310.606457,59360,19111,3.426191844
1016,愛知県,愛西市,912.2525495,60829,6668,4.10626077
1017,愛知県,清須市,3881.959654,67352,1735,4.724296381
1018,愛知県,北名古屋市,4702.504083,86385,1837,4.754164273
1019,愛知県,弥富市,876.0944818,43025,4911,4.080987938
1020,愛知県,みよし市,1924.572849,61952,3219,4.483055715
1021,愛知県,あま市,3132.993816,86126,2749,4.648477886
1022,愛知県,長久手市,2791.740139,60162,2155,4.604824813
1023,愛知県,東郷町,2434.997227,43903,1803,4.55427915
1024,愛知県,豊山町,2526.375405,15613,618,4.565766801
1025,愛知県,大口町,1785.819251,24305,1361,4.450890293
1026,愛知県,扶桑町,3050.312779,34133,1119,4.639287766
1027,愛知県,大治町,4916.388467,32399,659,4.770246984
1028,愛知県,蟹江町,3366.816952,37338,1109,4.678345778
1029,愛知県,飛島村,203.9679001,4575,2243,3.07466973
1030,愛知県,阿久比町,1192.563025,28383,2380,4.278575531
1031,愛知県,東浦町,1592.678227,49596,3114,4.40264216
1032,愛知県,南知多町,434.658645,16617,3823,3.66973004
1033,愛知県,美浜町,486.9264069,22496,4620,3.738655945
1034,愛知県,武豊町,1650.929086,43535,2637,4.41412981
1035,愛知県,幸田町,748.3956276,42449,5672,3.986789202
1036,愛知県,設楽町,16.19697744,4437,27394,1.395175187
1037,愛知県,東栄町,23.84503161,2942,12338,1.558299828
1038,愛知県,豊根村,6.524249423,1017,15588,1.133256749
1039,三重県,津市,386.0302596,274537,71118,3.605399196
1040,三重県,四日市市,1479.050847,305424,20650,4.379666858
1041,三重県,伊勢市,589.1683064,122765,20837,3.881102814
1042,三重県,松阪市,255.2118413,159145,62358,3.265364733
1043,三重県,桑名市,1014.365166,138613,13665,4.172889144
1044,三重県,鈴鹿市,1006.222359,195670,19446,4.165996554
1045,三重県,名張市,588.6337366,76387,12977,3.878805284
1046,三重県,尾鷲市,84.33397333,16252,19271,2.364732912
1047,三重県,亀山市,260.8615997,49835,19104,3.290637565
1048,三重県,鳥羽市,163.2662568,17525,10734,2.870189546
1049,三重県,熊野市,42.76148386,15965,37335,1.861573808
1050,三重県,いなべ市,204.5808124,44973,21983,3.081562321
1051,三重県,志摩市,257.3879513,46057,17894,3.272257323
1052,三重県,伊賀市,159.0133099,88766,55823,2.854106835
1053,三重県,木曽岬町,382.6556544,6023,1574,3.593911545
1054,三重県,東員町,1136.86067,25784,2268,4.234922458
1055,三重県,菰野町,379.0206523,40559,10701,3.582423894
1056,三重県,朝日町,1839.899833,11021,599,4.462377944
1057,三重県,川越町,1734.288991,15123,872,4.430212522
1058,三重県,多気町,136.0469629,14021,10306,2.748420448
1059,三重県,明和町,546.6390648,22445,4106,3.832854681
1060,三重県,大台町,23.88800088,8668,36286,1.562894888
1061,三重県,玉城町,367.6607187,15041,4091,3.557151063
1062,三重県,度会町,58.13453845,7847,13498,2.093624354
1063,三重県,大紀町,33.49477113,7815,23332,1.712234348
1064,三重県,南伊勢町,45.42974079,10989,24189,1.902929351
1065,三重県,紀北町,56.92457611,14604,25655,2.075244113
1066,三重県,御浜町,91.67139453,8079,8813,2.433658817
1067,三重県,紀宝町,129.6282341,10321,7962,2.718552556
1068,滋賀県,大津市,742.8688295,345070,46451,3.984491671
1069,滋賀県,彦根市,577.269264,113647,19687,3.876507754
1070,滋賀県,長浜市,166.8614725,113636,68102,2.900057438
1071,滋賀県,近江八幡市,457.1541279,81122,17745,3.695002872
1072,滋賀県,草津市,2121.984665,143913,6782,4.508328547
1073,滋賀県,守山市,1493.558227,83236,5573,4.384261918
1074,滋賀県,栗東市,1306.130195,68820,5269,4.308443423
1075,滋賀県,甲賀市,183.4599892,88358,48162,2.959793222
1076,滋賀県,野洲市,630.2308172,50513,8015,3.920160827
1077,滋賀県,湖南市,773.5795455,54460,7040,4.007466973
1078,滋賀県,高島市,66.91724984,46377,69305,2.176335439
1079,滋賀県,東近江市,290.4936015,112819,38837,3.380241241
1080,滋賀県,米原市,148.6680778,37225,25039,2.817346353
1081,滋賀県,日野町,178.2653061,20964,11760,2.939115451
1082,滋賀県,竜王町,264.624018,11789,4455,3.306720276
1083,滋賀県,愛荘町,550.2501975,20893,3797,3.844342332
1084,滋賀県,豊郷町,914.3589744,7132,780,4.1085583
1085,滋賀県,甲良町,466.7644901,6362,1363,3.715680643
1086,滋賀県,多賀町,53.57590042,7274,13577,2.03159104
1087,京都府,京都市,1768.144426,1463723,82783,4.446295233
1088,京都府,福知山市,139.9102327,77306,55254,2.762205629
1089,京都府,舞鶴市,234.811329,80336,34213,3.203331419
1090,京都府,綾部市,91.74877557,31846,34710,2.435956347
1091,京都府,宇治市,2659.609121,179630,6754,4.588742102
1092,京都府,宮津市,97.01285168,16758,17274,2.495692131
1093,京都府,亀岡市,383.3362989,86174,22480,3.596209075
1094,京都府,城陽市,2280.862122,74607,3271,4.538196439
1095,京都府,向日市,7365.15544,56859,772,4.85295807
1096,京都府,長岡京市,4204.903495,80608,1917,4.738081562
1097,京都府,八幡市,2892.525667,70433,2435,4.616312464
1098,京都府,京田辺市,1718.383038,73753,4292,4.425617461
1099,京都府,京丹後市,101.4278877,50860,50144,2.532452613
1100,京都府,南丹市,51.31245944,31629,61640,1.987937967
1101,京都府,木津川市,915.153295,77907,8513,4.11085583
1102,京都府,大山崎町,2672.194305,15953,597,4.591039632
1103,京都府,久御山町,1100.2886,15250,1386,4.223434808
1104,京都府,井手町,410.5321508,7406,1804,3.630672028
1105,京都府,宇治田原町,153.2152682,8911,5816,2.828834003
1106,京都府,笠置町,48.63945578,1144,2352,1.941987364
1107,京都府,和束町,53.5653781,3478,6493,2.026995979
1108,京都府,精華町,1409.579439,36198,2568,4.352096496
1109,京都府,南山城村,37.29527375,2391,6411,1.771970132
1110,京都府,京丹波町,42.58471081,12907,30309,1.852383688
1111,京都府,伊根町,31.12187248,1928,6195,1.682366456
1112,京都府,与謝野町,185.3847573,20092,10838,2.971280873
1113,大阪府,大阪市,12215.02685,2752412,22533,4.944859276
1114,大阪府,堺市,5513.989188,826161,14983,4.797817346
1115,大阪府,岸和田市,2621.809681,190658,7272,4.584147042
1116,大阪府,豊中市,11034.84474,401558,3639,4.926479035
1117,大阪府,池田市,4742.231256,104993,2214,4.758759334
1118,大阪府,吹田市,10683.48573,385567,3609,4.921883975
1119,大阪府,泉大津市,5192.742498,74412,1433,4.788627226
1120,大阪府,高槻市,3349.776807,352698,10529,4.676048248
1121,大阪府,貝塚市,1922.217164,84443,4393,4.480758185
1122,大阪府,守口市,11258.53659,143096,1271,4.933371626
1123,大阪府,枚方市,6100.875307,397289,6512,4.820792648
1124,大阪府,茨木市,3761.668192,287730,7649,4.7105112
1125,大阪府,八尾市,6343.288591,264642,4172,4.829982769
1126,大阪府,泉佐野市,1771.916475,100131,5651,4.448592763
1127,大阪府,富田林市,2736.63142,108699,3972,4.597932223
1128,大阪府,寝屋川市,9300.931174,229733,2470,4.908098794
1129,大阪府,河内長野市,927.5928122,101692,10963,4.124641011
1130,大阪府,松原市,7061.284514,117641,1666,4.843767949
1131,大阪府,大東市,6533.497537,119367,1827,4.832280299
1132,大阪府,和泉市,2171.040245,184495,8498,4.519816198
1133,大阪府,箕面市,2857.36952,136868,4790,4.611717404
1134,大阪府,柏原市,2715.159889,68775,2533,4.595634693
1135,大阪府,羽曳野市,4111.00189,108736,2645,4.733486502
1136,大阪府,門真市,9736.910569,119764,1230,4.917288914
1137,大阪府,摂津市,5881.37189,87456,1487,4.811602527
1138,大阪府,高石市,4923.451327,55635,1130,4.772544515
1139,大阪府,藤井寺市,7164.004499,63688,889,4.84836301
1140,大阪府,東大阪市,7995.14406,493940,6178,4.880528432
1141,大阪府,泉南市,1227.072274,60102,4898,4.285468122
1142,大阪府,四條畷市,2952.220439,55177,1869,4.623205055
1143,大阪府,交野市,2936.712329,75033,2555,4.618609994
1144,大阪府,大阪狭山市,4902.265101,58435,1192,4.765651924
1145,大阪府,阪南市,1417.030688,51254,3617,4.354394026
1146,大阪府,島本町,1839.797739,30927,1681,4.460080414
1147,大阪府,豊能町,532.2947001,18279,3434,3.81447444
1148,大阪府,能勢町,91.93924051,9079,9875,2.438253877
1149,大阪府,忠岡町,4173.047859,16567,397,4.735784032
1150,大阪府,熊取町,2538.457077,43763,1724,4.570361861
1151,大阪府,田尻町,1500.711744,8434,562,4.388856979
1152,大阪府,岬町,299.7356649,14741,4918,3.396323952
1153,大阪府,太子町,918.0663373,13009,1417,4.11545089
1154,大阪府,河南町,621.4172605,15697,2526,3.906375646
1155,大阪府,千早赤阪村,131.6085791,4909,3730,2.730040207
1156,兵庫県,神戸市,2737.908626,1525152,55705,4.600229753
1157,兵庫県,姫路市,992.3956151,530495,53456,4.154508903
1158,兵庫県,尼崎市,9063.163084,459593,5071,4.905801264
1159,兵庫県,明石市,6143.282072,303601,4942,4.823090178
1160,兵庫県,西宮市,4857.813125,485587,9996,4.763354394
1161,兵庫県,洲本市,226.099353,41236,18238,3.173463527
1162,兵庫県,芦屋市,5085.110991,93922,1847,4.779437105
1163,兵庫県,伊丹市,7925.52,198138,2500,4.878230902
1164,兵庫県,相生市,313.6615044,28355,9040,3.428489374
1165,兵庫県,豊岡市,111.0873772,77489,69755,2.608271109
1166,兵庫県,加古川市,1883.867707,260878,13848,4.469270534
1167,兵庫県,赤穂市,361.7816318,45892,12685,3.552556002
1168,兵庫県,西脇市,292.0039263,38673,13244,3.384836301
1169,兵庫県,宝塚市,2224.282908,226432,10180,4.531303848
1170,兵庫県,三木市,426.5707325,75294,17651,3.658242389
1171,兵庫県,高砂市,2551.541594,87722,3438,4.572659391
1172,兵庫県,川西市,2850.318114,152321,5344,4.609419874
1173,兵庫県,小野市,511.7495158,47562,9294,3.791499138
1174,兵庫県,三田市,519.3895017,109238,21032,3.796094199
1175,兵庫県,加西市,282.8189164,42700,15098,3.352670879
1176,兵庫県,丹波篠山市,104.9047909,39611,37759,2.555427915
1177,兵庫県,養父市,52.3255539,22129,42291,2.004020678
1178,兵庫県,丹波市,124.634537,61471,49321,2.693279724
1179,兵庫県,南あわじ市,192.7295751,44137,22901,3.024124067
1180,兵庫県,朝来市,71.92229445,28989,40306,2.236071223
1181,兵庫県,淡路市,227.7844116,41967,18424,3.178058587
1182,兵庫県,宍粟市,52.87302214,34819,65854,2.010913268
1183,兵庫県,加東市,257.9815931,40645,15755,3.279149914
1184,兵庫県,たつの市,352.4256651,74316,21087,3.529580701
1185,兵庫県,猪名川町,328.5730101,29680,9033,3.451464675
1186,兵庫県,多可町,104.0066958,19261,18519,2.550832855
1187,兵庫県,稲美町,866.7812142,30268,3492,4.074095348
1188,兵庫県,播磨町,3680.613363,33604,913,4.70132108
1189,兵庫県,市川町,135.853393,11231,8267,2.746122918
1190,兵庫県,福崎町,423.170998,19377,4579,3.651349799
1191,兵庫県,神河町,52.49468427,10616,20223,2.006318208
1192,兵庫県,太子町,1480.628041,33477,2261,4.381964388
1193,兵庫県,上郡町,92.36656462,13879,15026,2.445146468
1194,兵庫県,佐用町,51.59705959,15863,30744,1.994830557
1195,兵庫県,香美町,43.5610272,16064,36877,1.875358989
1196,兵庫県,新温泉町,55.25911788,13318,24101,2.056863871
1197,奈良県,奈良市,1280.530079,354630,27694,4.301550833
1198,奈良県,大和高田市,3746.601942,61744,1648,4.70591614
1199,奈良県,大和郡山市,1950.925275,83285,4269,4.489948306
1200,奈良県,天理市,739.2848878,63889,8642,3.982194141
1201,奈良県,橿原市,3056.673407,120922,3956,4.643882826
1202,奈良県,桜井市,554.6153068,54857,9891,3.851234922
1203,奈良県,五條市,95.63386069,27927,29202,2.48650201
1204,奈良県,御所市,397.7550347,24096,6058,3.623779437
1205,奈良県,生駒市,2195.202258,116675,5315,4.524411258
1206,奈良県,香芝市,3219.826876,78113,2426,4.653072947
1207,奈良県,葛城市,1092.289442,36832,3372,4.221137277
1208,奈良県,宇陀市,113.620202,28121,24750,2.62665135
1209,奈良県,山添村,48.49669272,3226,6652,1.937392303
1210,奈良県,平群町,753.5146444,18009,2390,3.993681792
1211,奈良県,三郷町,2641.52446,23219,879,4.586444572
1212,奈良県,斑鳩町,1933.216538,27587,1427,4.485353245
1213,奈良県,安堵町,1676.334107,7225,431,4.418724871
1214,奈良県,川西町,1377.234401,8167,593,4.331418725
1215,奈良県,三宅町,1585.960591,6439,406,4.40034463
1216,奈良県,田原本町,1478.283547,31177,2109,4.377369328
1217,奈良県,曽爾村,27.11474037,1295,4776,1.627225732
1218,奈良県,御杖村,18.58507163,1479,7958,1.44801838
1219,奈良県,高取町,260.9150834,6729,2579,3.292935095
1220,奈良県,明日香村,214.8962656,5179,2410,3.125215393
1221,奈良県,上牧町,3536.482085,21714,614,4.692130959
1222,奈良県,王寺町,3429.814551,24043,701,4.682940839
1223,奈良県,広陵町,2074.233129,33810,1630,4.503733487
1224,奈良県,河合町,2067.800729,17018,823,4.501435956
1225,奈良県,吉野町,65.1228437,6229,9565,2.155657668
1226,奈良県,大淀町,439.0551181,16728,3810,3.67202757
1227,奈良県,下市町,81.25504114,5037,6199,2.33486502
1228,奈良県,黒滝村,13.06079665,623,4770,1.310166571
1229,奈良県,天川村,6.694751224,1176,17566,1.14244687
1230,奈良県,野迫川村,2.304712718,357,15490,1.016082711
1231,奈良県,十津川村,4.552485202,3061,67238,1.071223435
1232,奈良県,下北山村,5.645100832,753,13339,1.103388857
1233,奈良県,上北山村,1.619137918,444,27422,1.00689259
1234,奈良県,川上村,4.293248162,1156,26926,1.062033314
1235,奈良県,東吉野村,11.40903912,1502,13165,1.261918438
1236,和歌山県,和歌山市,1708.063203,356729,20885,4.423319931
1237,和歌山県,海南市,478.6166634,48369,10106,3.731763354
1238,和歌山県,橋本市,465.8598238,60818,13055,3.713383113
1239,和歌山県,有田市,720.5538963,26538,3683,3.96840896
1240,和歌山県,御坊市,534.7529037,23481,4391,3.8190695
1241,和歌山県,田辺市,68.03906866,69870,102691,2.197013211
1242,和歌山県,新宮市,106.4569212,27171,25523,2.562320505
1243,和歌山県,紀の川市,257.7275317,58816,22821,3.274554854
1244,和歌山県,岩出市,1401.376266,53967,3851,4.347501436
1245,和歌山県,紀美野町,64.32912576,8256,12834,2.148765078
1246,和歌山県,かつらぎ町,105.2607291,15967,15169,2.557725445
1247,和歌山県,九度山町,87.33861835,3856,4415,2.385410684
1248,和歌山県,高野町,21.67408597,2970,13703,1.512349225
1249,和歌山県,湯浅町,534.7115385,11122,2080,3.81677197
1250,和歌山県,広川町,103.7643458,6781,6535,2.546237794
1251,和歌山県,有田川町,71.78831287,25258,35184,2.233773693
1252,和歌山県,美浜町,537.7447142,6867,1277,3.82136703
1253,和歌山県,日高町,166.0463103,7673,4621,2.893164848
1254,和歌山県,由良町,173.4238603,5364,3093,2.92073521
1255,和歌山県,印南町,67.94578419,7720,11362,2.194715681
1256,和歌山県,みなべ町,98.25407383,11818,12028,2.511774842
1257,和歌山県,日高川町,27.80240659,9219,33159,1.631820793
1258,和歌山県,白浜町,100.8109856,20262,20099,2.525560023
1259,和歌山県,上富田町,265.574342,15236,5737,3.311315336
1260,和歌山県,すさみ町,21.1235311,3685,17445,1.500861574
1261,和歌山県,那智勝浦町,77.12072446,14137,18331,2.291211947
1262,和歌山県,太地町,480.3786575,2791,581,3.734060885
1263,和歌山県,古座川町,8.428780206,2480,29423,1.174612292
1264,和歌山県,北山村,8.381742739,404,4820,1.172314762
1265,和歌山県,串本町,110.2601902,14959,13567,2.599080988
1266,鳥取県,鳥取市,246.2596856,188465,76531,3.233199311
1267,鳥取県,米子市,1112.498112,147317,13242,4.228029868
1268,鳥取県,倉吉市,170.8630449,46485,27206,2.913842619
1269,鳥取県,境港市,1124.699416,32740,2911,4.230327398
1270,鳥取県,岩美町,88.2920448,10799,12231,2.394600804
1271,鳥取県,若桜町,14.37895371,2864,19918,1.346927053
1272,鳥取県,智頭町,28.60258122,6427,22470,1.645605974
1273,鳥取県,八頭町,77.09835035,15937,20671,2.288914417
1274,鳥取県,三朝町,25.95066804,6060,23352,1.601952901
1275,鳥取県,湯梨浜町,206.0182215,16055,7793,3.086157381
1276,鳥取県,琴浦町,116.917911,16365,13997,2.649626651
1277,鳥取県,北栄町,249.8770636,14228,5694,3.256174612
1278,鳥取県,日吉津村,833.5714286,3501,420,4.058012636
1279,鳥取県,大山町,81.00558659,15370,18974,2.33256749
1280,鳥取県,南部町,90.52880821,10323,11403,2.426766226
1281,鳥取県,伯耆町,76.70682731,10696,13944,2.284319357
1282,鳥取県,日南町,12.30642891,4196,34096,1.280298679
1283,鳥取県,日野町,21.69726825,2907,13398,1.514646755
1284,鳥取県,江府町,21.45840026,2672,12452,1.507754164
1285,島根県,松江市,355.356987,203616,57299,3.541068352
1286,島根県,浜田市,79.04552299,54592,69064,2.309592188
1287,島根県,出雲市,276.7410943,172775,62432,3.338885698
1288,島根県,益田市,61.37972422,45003,73319,2.123492246
1289,島根県,大田市,75.44907429,32846,43534,2.268236646
1290,島根県,安来市,88.04789395,37062,42093,2.392303274
1291,島根県,江津市,85.59126156,22959,26824,2.373923033
1292,島根県,雲南市,65.09092881,36007,55318,2.153360138
1293,島根県,奥出雲町,32.19749463,11849,36801,1.698449167
1294,島根県,飯南町,18.84469697,4577,24288,1.454910971
1295,島根県,川本町,30.51771117,3248,10643,1.663986215
1296,島根県,美郷町,15.39304397,4355,28292,1.369902355
1297,島根県,邑南町,24.23859381,10163,41929,1.567489948
1298,島根県,津和野町,22.39194867,6875,30703,1.528431936
1299,島根県,吉賀町,18.05943536,6077,33650,1.44342332
1300,島根県,海士町,67.7930622,2267,3344,2.19012062
1301,島根県,西ノ島町,49.8123995,2788,5597,1.969557725
1302,島根県,知夫村,46.27737226,634,1370,1.912119472
1303,島根県,隠岐の島町,55.36641662,13433,24262,2.063756462
1304,岡山県,岡山市,917.3884423,724691,78995,4.11315336
1305,岡山県,倉敷市,1332.861516,474592,35607,4.324526134
1306,岡山県,津山市,197.3752296,99937,50633,3.044801838
1307,岡山県,玉野市,545.7713844,56531,10358,3.830557151
1308,岡山県,笠岡市,338.7080179,46088,13607,3.499712809
1309,岡山県,井原市,157.6086064,38384,24354,2.849511775
1310,岡山県,総社市,325.7668712,69030,21190,3.437679495
1311,岡山県,高梁市,53.14905209,29072,54699,2.017805859
1312,岡山県,新見市,35.39563085,28079,79329,1.74439977
1313,岡山県,備前市,125.203378,32320,25814,2.700172315
1314,岡山県,瀬戸内市,287.326638,36048,12546,3.37334865
1315,岡山県,赤磐市,203.7686282,42661,20936,3.06777714
1316,岡山県,真庭市,51.56723353,42725,82853,1.992533027
1317,岡山県,美作市,60.42302406,25939,42929,2.112004595
1318,岡山県,浅口市,493.1086368,32772,6646,3.763928777
1319,岡山県,和気町,94.46640316,13623,14421,2.470419299
1320,岡山県,早島町,1623.097113,12368,762,4.40493969
1321,岡山県,里庄町,895.3393295,10950,1223,4.094773119
1322,岡山県,矢掛町,148.0247186,13414,9062,2.810453762
1323,岡山県,新庄村,12.11443898,813,6711,1.278001149
1324,岡山県,鏡野町,28.74094548,12062,41968,1.647903504
1325,岡山県,勝央町,201.4431082,10888,5405,3.051694428
1326,岡山県,奈義町,80.23590334,5578,6952,2.314187249
1327,岡山県,西粟倉村,24.11592203,1398,5797,1.565192418
1328,岡山県,久米南町,57.59694851,4530,7865,2.082136703
1329,岡山県,美咲町,56.22173407,13053,23217,2.070649052
1330,岡山県,吉備中央町,40.50152541,10886,26878,1.824813326
1331,広島県,広島市,1324.326947,1200754,90669,4.322228604
1332,広島県,呉市,608.2022504,214592,35283,3.899483056
1333,広島県,竹原市,202.9349573,23993,11823,3.063182079
1334,広島県,三原市,192.091366,90573,47151,3.019529006
1335,広島県,尾道市,460.4394833,131170,28488,3.704192993
1336,広島県,福山市,890.3075021,460930,51772,4.087880528
1337,広島県,府中市,192.3627075,37655,19575,3.021826536
1338,広島県,三次市,65.12760544,50681,77818,2.157955198
1339,広島県,庄原市,26.98216592,33633,124649,1.624928202
1340,広島県,大竹市,334.5919146,26319,7866,3.485927628
1341,広島県,東広島市,309.5457766,196608,63515,3.421596783
1342,広島県,廿日市市,233.2488917,114173,48949,3.196438828
1343,広島県,安芸高田市,49.1863644,26448,53771,1.958070075
1344,広島県,江田島市,217.8837556,21930,10065,3.132107984
1345,広島県,府中町,4914.024976,51155,1041,4.767949454
1346,広島県,海田町,2149.093546,29636,1379,4.512923607
1347,広島県,熊野町,676.3625592,22834,3376,3.954623779
1348,広島県,坂町,801.9120459,12582,1569,4.032739805
1349,広島県,安芸太田町,16.78902571,5740,34189,1.411257898
1350,広島県,北広島町,27.48839369,17763,64620,1.629523262
1351,広島県,大崎上島町,166.0403619,7158,4311,2.890867318
1352,広島県,世羅町,54.37908967,15125,27814,2.03848363
1353,広島県,神石高原町,21.59798942,8250,38198,1.510051694
1354,山口県,下関市,356.0772324,255051,71628,3.543365882
1355,山口県,宇部市,567.1376243,162570,28665,3.862722573
1356,山口県,山口市,189.562464,193966,102323,2.998851235
1357,山口県,萩市,63.90571523,44626,69831,2.146467547
1358,山口県,防府市,601.8851983,113979,18937,3.892590465
1359,山口県,下松市,625.5540631,55887,8934,3.913268237
1360,山口県,岩国市,147.7960786,129125,87367,2.805858702
1361,山口県,光市,540.5188321,49798,9213,3.825962091
1362,山口県,長門市,91.01060704,32519,35731,2.431361287
1363,山口県,柳井市,219.9143163,30799,14005,3.150488225
1364,山口県,美祢市,49.18542654,23247,47264,1.955772545
1365,山口県,周南市,209.571988,137540,65629,3.104537622
1366,山口県,山陽小野田市,453.2722218,60326,13309,3.688110281
1367,山口県,周防大島町,107.1542361,14798,13810,2.566915566
1368,山口県,和木町,570.3213611,6034,1058,3.865020103
1369,山口県,上関町,67.51225137,2342,3469,2.18552556
1370,山口県,田布施町,287.2471242,14483,5042,3.37105112
1371,山口県,平生町,344.9334105,11914,3454,3.51349799
1372,山口県,阿武町,26.34756361,3055,11595,1.611143021
1373,徳島県,徳島市,1317.831036,252391,19152,4.317633544
1374,徳島県,鳴門市,402.6389503,54622,13566,3.626076967
1375,徳島県,小松島市,796.7599736,36149,4537,4.023549684
1376,徳島県,阿南市,248.7735004,69470,27925,3.249282022
1377,徳島県,吉野川市,268.9884834,38772,14414,3.325100517
1378,徳島県,阿波市,181.6388467,34713,19111,2.955198162
1379,徳島県,美馬市,76.41499156,28055,36714,2.282021827
1380,徳島県,三好市,32.72019073,23605,72142,1.705341758
1381,徳島県,勝浦町,69.26822283,4837,6983,2.215393452
1382,徳島県,上勝町,12.58779531,1380,10963,1.2894888
1383,徳島県,佐那河内村,48.67549669,2058,4228,1.944284894
1384,徳島県,石井町,860.762565,24833,2885,4.071797817
1385,徳島県,神山町,26.81477207,4647,17330,1.622630672
1386,徳島県,那賀町,10.60030504,7367,69498,1.229753016
1387,徳島県,牟岐町,66.10738255,3743,5662,2.164847789
1388,徳島県,美波町,44.20918005,6222,14074,1.88684664
1389,徳島県,海陽町,25.50737022,8358,32767,1.59046525
1390,徳島県,松茂町,1016.945607,14583,1434,4.175186674
1391,徳島県,北島町,2602.402746,22745,874,4.577254451
1392,徳島県,藍住町,2166.318377,35246,1627,4.517518667
1393,徳島県,板野町,360.0773054,13042,3622,3.550258472
1394,徳島県,上板町,329.2076345,11384,3458,3.453762206
1395,徳島県,つるぎ町,39.59659208,7715,19484,1.808730615
1396,徳島県,東みよし町,111.2181581,13622,12248,2.610568639
1397,香川県,高松市,1111.721787,417496,37554,4.225732338
1398,香川県,丸亀市,979.2810516,109513,11183,4.140723722
1399,香川県,坂出市,547.345659,50624,9249,3.839747272
1400,香川県,善通寺市,792.1612822,31631,3993,4.018954624
1401,香川県,観音寺市,487.4649919,57438,11783,3.740953475
1402,香川県,さぬき市,296.3245492,47003,15862,3.391728891
1403,香川県,東かがわ市,184.9993458,28279,15286,2.968983343
1404,香川県,三豊市,277.7593175,61857,22270,3.341183228
1405,香川県,土庄町,172.8006457,12846,7434,2.918437679
1406,香川県,小豆島町,145.0988597,13870,9559,2.792073521
1407,香川県,三木町,354.6846134,26878,7578,3.536473291
1408,香川県,直島町,218.3673469,3103,1421,3.134405514
1409,香川県,宇多津町,2308.518519,18699,810,4.542791499
1410,香川県,綾川町,206.7699317,22693,10975,3.095347501
1411,香川県,琴平町,999.7638725,8468,847,4.161401493
1412,香川県,多度津町,920.2542025,22445,2439,4.120045951
1413,香川県,まんのう町,89.48830033,17401,19445,2.410683515
1414,愛媛県,松山市,1190.618377,511192,42935,4.273980471
1415,愛媛県,今治市,361.8043463,151672,41921,3.554853532
1416,愛媛県,宇和島市,151.2495728,70809,46816,2.821941413
1417,愛媛県,八幡浜市,241.138334,31987,13265,3.21941413
1418,愛媛県,新居浜市,494.4683755,115938,23447,3.766226307
1419,愛媛県,西条市,205.4564348,104791,51004,3.083859851
1420,愛媛県,大洲市,93.89752846,40575,43212,2.465824239
1421,愛媛県,伊予市,180.6974232,35133,19443,2.950603102
1422,愛媛県,四国中央市,196.4533283,82754,42124,3.042504308
1423,愛媛県,西予市,68.80273749,35388,51434,2.208500862
1424,愛媛県,東温市,160.4495977,33903,21130,2.858701895
1425,愛媛県,上島町,214.2527979,6509,3038,3.122917863
1426,愛媛県,久万高原町,12.68481557,7404,58369,1.29638139
1427,愛媛県,松前町,1451.739343,29630,2041,4.368179207
1428,愛媛県,砥部町,201.5946451,20480,10159,3.053991959
1429,愛媛県,内子町,51.17055739,15322,29943,1.983342906
1430,愛媛県,伊方町,89.49163381,8397,9383,2.412981045
1431,愛媛県,松野町,37.31843575,3674,9845,1.774267662
1432,愛媛県,鬼北町,40.02811311,9682,24188,1.815623205
1433,愛媛県,愛南町,82.0331464,19601,23894,2.346352671
1434,高知県,高知市,1056.779935,326545,30900,4.205054566
1435,高知県,室戸市,47.30481025,11742,24822,1.925904652
1436,高知県,安芸市,51.21389835,16243,31716,1.985640437
1437,高知県,南国市,372.4181963,46664,12530,3.573233774
1438,高知県,土佐市,281.2240437,25732,9150,3.345778288
1439,高知県,須崎市,152.2928994,20590,13520,2.826536473
1440,高知県,宿毛市,66.51639058,19033,28614,2.169442849
1441,高知県,土佐清水市,46.6731972,12388,26542,1.919012062
1442,高知県,四万十市,51.704833,32694,63232,1.997128087
1443,高知県,香南市,254.6813222,32207,12646,3.260769673
1444,高知県,香美市,49.29349645,26513,53786,1.960367605
1445,高知県,東洋町,29.64063767,2194,7402,1.654796094
1446,高知県,奈半利町,106.9439549,3034,2837,2.564618036
1447,高知県,田野町,382.5421133,2498,653,3.591614015
1448,高知県,安田町,45.26355997,2370,5236,1.89603676
1449,高知県,北川村,5.825242718,1146,19673,1.107983917
1450,高知県,馬路村,4.502054629,745,16548,1.068925905
1451,高知県,芸西村,93.28282828,3694,3960,2.456634118
1452,高知県,本山町,24.29593205,3261,13422,1.569787478
1453,高知県,大豊町,10.32184346,3252,31506,1.218265365
1454,高知県,土佐町,17.69198133,3753,21213,1.436530729
1455,高知県,大川村,3.841713026,366,9527,1.043653073
1456,高知県,いの町,45.3829331,21374,47097,1.900631821
1457,高知県,仁淀川町,14.4954955,4827,33300,1.351522114
1458,高知県,中土佐町,31.06464469,6002,19321,1.677771396
1459,高知県,佐川町,122.2519841,12323,10080,2.670304423
1460,高知県,越知町,46.33318446,5187,11195,1.914417002
1461,高知県,檮原町,13.98604356,3307,23645,1.335439403
1462,高知県,日高村,107.2909699,4812,4485,2.571510626
1463,高知県,津野町,26.74248168,5291,19785,1.620333142
1464,高知県,四万十町,24.29937099,15607,64228,1.572085009
1465,高知県,大月町,43.16168597,4434,10273,1.868466399
1466,高知県,三原村,16.83261099,1437,8537,1.413555428
1467,高知県,黒潮町,54.45187308,10262,18846,2.04078116
1468,福岡県,北九州市,1906.657868,939029,49250,4.476163125
1469,福岡県,福岡市,4694.418727,1612392,34347,4.751866743
1470,福岡県,大牟田市,1366.249233,111281,8145,4.326823665
1471,福岡県,久留米市,1318.994608,303316,22996,4.319931074
1472,福岡県,直方市,910.1683938,56212,6176,4.10396324
1473,福岡県,飯塚市,590.5963732,126364,21396,3.883400345
1474,福岡県,田川市,846.984418,46203,5455,4.067202757
1475,福岡県,柳川市,835.7096565,64475,7715,4.060310167
1476,福岡県,八女市,125.6280574,60608,48244,2.702469845
1477,福岡県,筑後市,1168.66922,48827,4178,4.26479035
1478,福岡県,大川市,981.2016657,32988,3362,4.145318782
1479,福岡県,行橋市,1019.352076,71426,7007,4.179781735
1480,福岡県,豊前市,219.7189442,24391,11101,3.148190695
1481,福岡県,中間市,2528.947368,40362,1596,4.568064331
1482,福岡県,小郡市,1304.328719,59360,4551,4.306145893
1483,福岡県,筑紫野市,1177.601733,103311,8773,4.271682941
1484,福岡県,春日市,7846.14841,111023,1415,4.875933372
1485,福岡県,大野城市,3796.392711,102085,2689,4.715106261
1486,福岡県,宗像市,809.5297649,97095,11994,4.037334865
1487,福岡県,太宰府市,2471.756757,73164,2960,4.55887421
1488,福岡県,古賀市,1397.33777,58786,4207,4.340608845
1489,福岡県,福津市,1270.526914,67033,5276,4.299253303
1490,福岡県,うきは市,238.2172655,27981,11746,3.210224009
1491,福岡県,宮若市,187.8562754,26298,13999,2.985066054
1492,福岡県,嘉麻市,262.5490341,35473,13511,3.299827685
1493,福岡県,朝倉市,203.7736614,50273,24671,3.07007467
1494,福岡県,みやま市,340.8516301,35861,10521,3.508902929
1495,福岡県,糸島市,458.4218091,98877,21569,3.697300402
1496,福岡県,那珂川市,668.6057372,50112,7495,3.947731189
1497,福岡県,宇美町,1246.971202,37671,3021,4.294658242
1498,福岡県,篠栗町,801.6696635,31209,3893,4.028144744
1499,福岡県,志免町,5336.823936,46377,869,4.793222286
1500,福岡県,須恵町,1755.242183,28628,1631,4.439402642
1501,福岡県,新宮町,1739.408347,32927,1893,4.434807582
1502,福岡県,久山町,242.2008547,9068,3744,3.22171166
1503,福岡県,粕屋町,3410.474168,48190,1413,4.680643308
1504,福岡県,芦屋町,1169.689119,13545,1158,4.269385411
1505,福岡県,水巻町,2553.496821,28114,1101,4.574956921
1506,福岡県,岡垣町,637.4794408,31007,4864,3.924755887
1507,福岡県,遠賀町,845.282167,18723,2215,4.064905227
1508,福岡県,小竹町,500.7703081,7151,1428,3.775416427
1509,福岡県,鞍手町,423.5955056,15080,3560,3.653647329
1510,福岡県,桂川町,639.4240318,12878,2014,3.927053418
1511,福岡県,筑前町,440.9985097,29591,6710,3.676622631
1512,福岡県,東峰村,36.54031172,1899,5197,1.767375072
1513,福岡県,大刀洗町,679.5534151,15521,2284,3.95692131
1514,福岡県,大木町,749.4577007,13820,1844,3.989086732
1515,福岡県,広川町,526.331049,19969,3794,3.805284319
1516,福岡県,香春町,229.011236,10191,4450,3.182653647
1517,福岡県,添田町,66.57337368,8801,13220,2.171740379
1518,福岡県,糸田町,1045.646766,8407,804,4.193566916
1519,福岡県,川崎町,419.9225235,15176,3614,3.644457209
1520,福岡県,大任町,351.1921459,5008,1426,3.527283171
1521,福岡県,赤村,86.74171357,2774,3198,2.380815623
1522,福岡県,福智町,508.7494056,21398,4206,3.786904078
1523,福岡県,苅田町,760.0645422,37684,4958,3.998276852
1524,福岡県,みやこ町,124.3887934,18825,15134,2.686387134
1525,福岡県,吉富町,1142.657343,6536,572,4.239517519
1526,福岡県,上毛町,116.1274824,7251,6244,2.645031591
1527,福岡県,築上町,143.70872,17189,11961,2.7828834
1528,佐賀県,佐賀市,540.2737252,233301,43182,3.823664561
1529,佐賀県,唐津市,240.7157506,117373,48760,3.2171166
1530,佐賀県,鳥栖市,1034.523146,74196,7172,4.186674325
1531,佐賀県,多久市,189.4676885,18295,9656,2.994256175
1532,佐賀県,伊万里市,206.1780146,52629,25526,3.088454911
1533,佐賀県,武雄市,245.209826,47914,19540,3.22860425
1534,佐賀県,鹿島市,248.7691759,27892,11212,3.246984492
1535,佐賀県,小城市,458.7412587,43952,9581,3.699597932
1536,佐賀県,嬉野市,204.4774939,25848,12641,3.07926479
1537,佐賀県,神埼市,247.9181651,31022,12513,3.240091901
1538,佐賀県,吉野ヶ里町,371.0616049,16323,4399,3.568638713
1539,佐賀県,基山町,778.7810384,17250,2215,4.009764503
1540,佐賀県,上峰町,725.46875,9286,1280,3.970706491
1541,佐賀県,みやき町,491.3520801,25511,5192,3.759333716
1542,佐賀県,玄海町,156.1525612,5609,3592,2.842619184
1543,佐賀県,有田町,288.6864085,19010,6585,3.37564618
1544,佐賀県,大町町,547.2173913,6293,1150,3.837449742
1545,佐賀県,江北町,384.4855305,9566,2488,3.598506605
1546,佐賀県,白石町,221.4845319,22051,9956,3.155083285
1547,佐賀県,太良町,109.3001346,8121,7430,2.589890867
1548,長崎県,長崎市,1008.449802,409118,40569,4.168294084
1549,長崎県,佐世保市,570.9326072,243223,42601,3.867317634
1550,長崎県,島原市,522.3963356,43338,8296,3.800689259
1551,長崎県,諫早市,391.6205857,133852,34179,3.619184377
1552,長崎県,大村市,752.7578316,95397,12673,3.991384262
1553,長崎県,平戸市,124.8936713,29365,23512,2.697874785
1554,長崎県,松浦市,162.9337419,21271,13055,2.867892016
1555,長崎県,対馬市,40.29006813,28502,70742,1.822515796
1556,長崎県,壱岐市,178.9413284,24948,13942,2.941412981
1557,長崎県,五島市,81.85994478,34391,42012,2.344055141
1558,長崎県,西海市,108.6462124,26275,24184,2.585295807
1559,長崎県,雲仙市,191.7596006,41096,21431,3.014933946
1560,長崎県,南島原市,248.8097337,42330,17013,3.251579552
1561,長崎県,長与町,1419.422207,40780,2873,4.356691557
1562,長崎県,時津町,1401.098376,29339,2094,4.345203906
1563,長崎県,東彼杵町,103.9305425,7721,7429,2.548535325
1564,長崎県,川棚町,359.114094,13377,3725,3.547960942
1565,長崎県,波佐見町,255.1964286,14291,5600,3.263067203
1566,長崎県,小値賀町,89.7254902,2288,2550,2.419873636
1567,長崎県,佐々町,431.2461252,13912,3226,3.66053992
1568,長崎県,新上五島町,81.79354175,17503,21399,2.341757611
1569,熊本県,熊本市,1892.972433,738865,39032,4.473865594
1570,熊本県,八代市,180.6382011,123067,68129,2.948305572
1571,熊本県,人吉市,147.7463785,31108,21055,2.803561172
1572,熊本県,荒尾市,886.037999,50832,5737,4.085582998
1573,熊本県,水俣市,144.2648049,23557,16329,2.78518093
1574,熊本県,玉名市,421.310616,64292,15260,3.646754739
1575,熊本県,山鹿市,163.5857052,49025,29969,2.872487076
1576,熊本県,菊池市,167.6575763,46416,27685,2.902354968
1577,熊本県,宇土市,486.1641992,36122,7430,3.736358415
1578,熊本県,上天草市,193.9133181,24563,12667,3.031016657
1579,熊本県,宇城市,302.2844119,57032,18867,3.400919012
1580,熊本県,阿蘇市,66.25033218,24930,37630,2.167145319
1581,熊本県,天草市,110.8230236,75783,68382,2.605973578
1582,熊本県,合志市,1161.346118,61772,5319,4.25560023
1583,熊本県,美里町,65.22222222,9392,14400,2.162550258
1584,熊本県,玉東町,207.3571722,5045,2433,3.097645032
1585,熊本県,南関町,130.2814858,8979,6892,2.720850086
1586,熊本県,長洲町,790.7407407,15372,1944,4.016657094
1587,熊本県,和水町,94.57380036,9342,9878,2.472716829
1588,熊本県,大津町,355.0655903,35187,9910,3.538770821
1589,熊本県,菊陽町,1156.887347,43337,3746,4.2533027
1590,熊本県,南小国町,32.35547886,3750,11590,1.703044227
1591,熊本県,小国町,48.12326566,6590,13694,1.932797243
1592,熊本県,産山村,22.72652524,1382,6081,1.537622056
1593,熊本県,高森町,33.06866217,5789,17506,1.707639288
1594,熊本県,西原村,83.21678322,6426,7722,2.355542791
1595,熊本県,南阿蘇村,71.62831343,9836,13732,2.226881103
1596,熊本県,御船町,164.6268807,16303,9903,2.879379667
1597,熊本県,嘉島町,573.3933934,9547,1665,3.871912694
1598,熊本県,益城町,494.9756395,32510,6568,3.770821367
1599,熊本県,甲佐町,174.9007423,10132,5793,2.92303274
1600,熊本県,山都町,24.79115795,13503,54467,1.58816772
1601,熊本県,氷川町,332.5539568,11094,3336,3.472142447
1602,熊本県,芦北町,67.00995684,15681,23401,2.17863297
1603,熊本県,津奈木町,124.8239437,4254,3408,2.695577254
1604,熊本県,錦町,120.9783631,10288,8504,2.658816772
1605,熊本県,多良木町,54.72084891,9076,16586,2.049971281
1606,熊本県,湯前町,74.98449452,3627,4837,2.263641585
1607,熊本県,水上村,10.64620863,2033,19096,1.232050546
1608,熊本県,相良村,43.05056061,4070,9454,1.863871338
1609,熊本県,五木村,3.681005852,931,25292,1.036760482
1610,熊本県,山江村,26.7183761,3238,12119,1.618035612
1611,熊本県,球磨村,11.72078235,2433,20758,1.266513498
1612,熊本県,あさぎり町,91.97793933,14676,15956,2.440551407
1613,熊本県,苓北町,105.2678307,7114,6758,2.560022975
1614,大分県,大分市,946.7027608,475614,50239,4.129236071
1615,大分県,別府市,920.0654221,115321,12534,4.11774842
1616,大分県,中津市,168.6126485,82863,49144,2.909247559
1617,大分県,日田市,94.07534195,62657,66603,2.468121769
1618,大分県,佐伯市,74.0206391,66851,90314,2.254451465
1619,大分県,臼杵市,124.168956,36158,29120,2.681792074
1620,大分県,津久見市,202.5666834,16100,7948,3.060884549
1621,大分県,竹田市,42.57742969,20332,47753,1.850086157
1622,大分県,豊後高田市,107.2148953,22112,20624,2.569213096
1623,大分県,杵築市,99.96786632,27999,28008,2.523262493
1624,大分県,宇佐市,120.1935998,52771,43905,2.654221712
1625,大分県,豊後大野市,55.8659681,33695,60314,2.068351522
1626,大分県,由布市,102.63059,32772,31932,2.539345204
1627,大分県,国東市,82.46463376,26232,31810,2.348650201
1628,大分県,姫島村,246.7811159,1725,699,3.237794371
1629,大分県,日出町,378.4193284,27723,7326,3.580126364
1630,大分県,九重町,31.47363378,8541,27137,1.691556577
1631,大分県,玖珠町,50.19539428,14386,28660,1.976450316
1632,宮崎県,宮崎市,623.6135929,401339,64357,3.910970706
1633,宮崎県,都城市,245.8675156,160640,65336,3.230901781
1634,宮崎県,延岡市,136.3954748,118394,86802,2.753015508
1635,宮崎県,日南市,94.95602159,50848,53549,2.47731189
1636,宮崎県,小林市,77.57349676,43670,56295,2.295807007
1637,宮崎県,日向市,176.9984268,59629,33689,2.93222286
1638,宮崎県,串間市,57.03919707,16822,29492,2.077541643
1639,宮崎県,西都市,65.20203286,28610,43879,2.160252728
1640,宮崎県,えびの市,62.34050825,17638,28293,2.132682366
1641,宮崎県,三股町,232.6031631,25591,11002,3.194141298
1642,宮崎県,高原町,101.1710973,8639,8539,2.530155083
1643,宮崎県,国富町,140.840542,18398,13063,2.764503159
1644,宮崎県,綾町,72.84378611,6934,9519,2.240666284
1645,宮崎県,高鍋町,454.8401826,19922,4380,3.690407812
1646,宮崎県,新富町,269.4209499,16564,6148,3.327398047
1647,宮崎県,西米良村,3.683105595,1000,27151,1.039058013
1648,宮崎県,木城町,33.53658537,4895,14596,1.714531878
1649,宮崎県,川南町,168.5787196,15194,9013,2.906950029
1650,宮崎県,都農町,97.01302517,9906,10211,2.497989661
1651,宮崎県,門川町,144.3438538,17379,12040,2.787478461
1652,宮崎県,諸塚村,7.922798038,1486,18756,1.160827111
1653,宮崎県,椎葉村,4.658564276,2503,53729,1.073520965
1654,宮崎県,美郷町,10.75216113,4826,44884,1.236645606
1655,宮崎県,高千穂町,49.01069294,11642,23754,1.953475014
1656,宮崎県,日之影町,13.09107934,3635,27767,1.317059161
1657,宮崎県,五ヶ瀬町,20.21778373,3472,17173,1.487076393
1658,鹿児島県,鹿児島市,1083.121199,593128,54761,4.214244687
1659,鹿児島県,鹿屋市,225.5851835,101096,44815,3.168868466
1660,鹿児島県,枕崎市,267.8924846,20033,7478,3.315910396
1661,鹿児島県,阿久根市,143.5061066,19270,13428,2.77828834
1662,鹿児島県,出水市,157.5671253,51994,32998,2.847214245
1663,鹿児島県,指宿市,262.1354657,39011,14882,3.297530155
1664,鹿児島県,西之表市,71.54740478,14708,20557,2.224583573
1665,鹿児島県,垂水市,85.24984577,13819,16210,2.369327972
1666,鹿児島県,薩摩川内市,135.3057459,92403,68292,2.741527858
1667,鹿児島県,日置市,186.3681277,47153,25301,2.978173464
1668,鹿児島県,曽於市,85.37960732,33310,39014,2.371625503
1669,鹿児島県,霧島市,204.1464264,123135,60317,3.07696726
1670,鹿児島県,いちき串木野市,244.7907391,27490,11230,3.22400919
1671,鹿児島県,南さつま市,115.9667125,32887,28359,2.642734061
1672,鹿児島県,志布志市,101.0613004,29329,29021,2.527857553
1673,鹿児島県,奄美市,134.2392891,41390,30833,2.736932797
1674,鹿児島県,南九州市,92.42547009,33080,35791,2.447443998
1675,鹿児島県,伊佐市,62.29111473,24453,39256,2.130384836
1676,鹿児島県,姶良市,330.1535135,76348,23125,3.462952326
1677,鹿児島県,三島村,12.90219815,405,3139,1.30097645
1678,鹿児島県,十島村,7.315867523,740,10115,1.14933946
1679,鹿児島県,さつま町,66.61072721,20243,30390,2.174037909
1680,鹿児島県,長島町,83.52698167,9705,11619,2.360137852
1681,鹿児島県,湧水町,63.1991129,9119,14429,2.141872487
1682,鹿児島県,大崎町,123.0624006,12385,10064,2.674899483
1683,鹿児島県,東串良町,223.9497307,6237,2785,3.166570936
1684,鹿児島県,錦江町,42.55162694,6944,16319,1.847788627
1685,鹿児島県,南大隅町,30.34318086,6481,21359,1.659391155
1686,鹿児島県,肝付町,46.18556032,14227,30804,1.909821941
1687,鹿児島県,中種子町,55.05330802,7539,13694,2.054566341
1688,鹿児島県,南種子町,49.52701474,5445,10994,1.964962665
1689,鹿児島県,屋久島町,21.9413811,11858,54044,1.519241815
1690,鹿児島県,大和村,15.45433945,1364,8826,1.374497415
1691,鹿児島県,宇検村,15.72717571,1621,10307,1.379092476
1692,鹿児島県,瀬戸内町,35.66033799,8546,23965,1.748994831
1693,鹿児島県,龍郷町,71.09508678,5817,8182,2.222286043
1694,鹿児島県,喜界町,116.6666667,6629,5682,2.647329121
1695,鹿児島県,徳之島町,96.7117804,10147,10492,2.491097071
1696,鹿児島県,天城町,68.61940299,5517,8040,2.206203331
1697,鹿児島県,伊仙町,97.89507256,6139,6271,2.509477312
1698,鹿児島県,和泊町,154.6422382,6246,4039,2.833429064
1699,鹿児島県,知名町,107.879925,5750,5330,2.578403217
1700,鹿児島県,与論町,248.5422741,5115,2058,3.242389431
1701,沖縄県,那覇市,7660.998553,317625,4146,4.866743251
1702,沖縄県,宜野湾市,5056.818182,100125,1980,4.777139575
1703,沖縄県,石垣市,207.8856644,47637,22915,3.099942562
1704,沖縄県,浦添市,5951.131687,115690,1944,4.813900057
1705,沖縄県,名護市,301.4895636,63554,21080,3.398621482
1706,沖縄県,糸満市,1309.16309,61007,4660,4.313038484
1707,沖縄県,沖縄市,2871.118262,142752,4972,4.614014934
1708,沖縄県,豊見城市,3342.576306,64612,1933,4.673750718
1709,沖縄県,うるま市,1439.933349,125303,8702,4.365881677
1710,沖縄県,宮古島市,259.5929377,52931,20390,3.286042504
1711,沖縄県,南城市,881.918302,44043,4994,4.083285468
1712,沖縄県,国頭村,23.18193482,4517,19485,1.544514647
1713,沖縄県,大宜味村,48.59343077,3092,6363,1.939689833
1714,沖縄県,東村,19.54740061,1598,8175,1.473291212
1715,沖縄県,今帰仁村,222.684026,8894,3994,3.157380816
1716,沖縄県,本部町,230.4579731,12530,5437,3.187248708
1717,沖縄県,恩納村,213.9988187,10869,5079,3.120620333
1718,沖縄県,宜野座村,186.2983073,5833,3131,2.975875933
1719,沖縄県,金武町,284.8932244,10806,3793,3.357265939
1720,沖縄県,伊江村,181.4096916,4118,2270,2.952900632
1721,沖縄県,読谷村,1167.970522,41206,3528,4.26249282
1722,沖縄県,嘉手納町,894.2460317,13521,1512,4.092475589
1723,沖縄県,北谷町,2027.390367,28201,1391,4.499138426
1724,沖縄県,北中城村,1557.105719,17969,1154,4.393452039
1725,沖縄県,中城村,1426.722473,22157,1553,4.361286617
1726,沖縄県,西原町,2200.251572,34984,1590,4.526708788
1727,沖縄県,与那原町,3802.123552,19695,518,4.717403791
1728,沖縄県,南風原町,3758.364312,40440,1076,4.70821367
1729,沖縄県,渡嘉敷村,37.3374935,718,1923,1.776565192
1730,沖縄県,座間味村,53.28554361,892,1674,2.022400919
1731,沖縄県,粟国村,89.28104575,683,765,2.406088455
1732,沖縄県,渡名喜村,89.40568475,346,387,2.408385985
1733,沖縄県,南大東村,42.10353866,1285,3052,1.845491097
1734,沖縄県,北大東村,45.14154552,590,1307,1.89373923
1735,沖縄県,伊平屋村,51.55677656,1126,2184,1.990235497
1736,沖縄県,伊是名村,85.67725211,1322,1543,2.376220563
1737,沖縄県,久米島町,112.9929301,7192,6365,2.622056289
1738,沖縄県,八重瀬町,1147.663205,30941,2696,4.246410109
1739,沖縄県,多良間村,48.09090909,1058,2200,1.930499713
1740,沖縄県,竹富町,11.78863004,3942,33439,1.268811028
1741,沖縄県,与那国町,57.99307958,1676,2890,2.089029294
